# Blender 5.2.0 LTS
# www.blender.org
mtllib sp_prototype.mtl
o aft_skirt
v 0.956709 0.982839 -10.900000
v 2.309699 2.335829 -10.900000
v 2.309699 4.249246 -10.900000
v 0.956709 5.602237 -10.900000
v -0.956709 5.602237 -10.900000
v -2.309699 4.249246 -10.900000
v -2.309699 2.335829 -10.900000
v -0.956709 0.982839 -10.900000
v 0.956709 0.982839 -10.900000
v 0.803635 1.352391 -12.500000
v 1.940147 2.488903 -12.500000
v 1.940147 4.096173 -12.500000
v 0.803635 5.232685 -12.500000
v -0.803635 5.232685 -12.500000
v -1.940147 4.096173 -12.500000
v -1.940147 2.488903 -12.500000
v -0.803635 1.352391 -12.500000
v 0.803635 1.352391 -12.500000
v 0.000000 3.292538 -10.900000
v 0.000000 3.292538 -10.900000
v 0.000000 3.292538 -10.900000
v 0.000000 3.292538 -10.900000
v 0.000000 3.292538 -10.900000
v 0.000000 3.292538 -10.900000
v 0.000000 3.292538 -10.900000
v 0.000000 3.292538 -10.900000
v 0.956709 0.982839 -10.900000
v 2.309699 2.335829 -10.900000
v 2.309699 4.249246 -10.900000
v 0.956709 5.602237 -10.900000
v -0.956709 5.602237 -10.900000
v -2.309699 4.249246 -10.900000
v -2.309699 2.335829 -10.900000
v -0.956709 0.982839 -10.900000
v 0.956709 0.982839 -10.900000
v -0.000000 3.292538 -12.500000
v -0.000000 3.292538 -12.500000
v -0.000000 3.292538 -12.500000
v -0.000000 3.292538 -12.500000
v -0.000000 3.292538 -12.500000
v -0.000000 3.292538 -12.500000
v -0.000000 3.292538 -12.500000
v -0.000000 3.292538 -12.500000
v 0.803635 1.352391 -12.500000
v 1.940147 2.488903 -12.500000
v 1.940147 4.096173 -12.500000
v 0.803635 5.232685 -12.500000
v -0.803635 5.232685 -12.500000
v -1.940147 4.096173 -12.500000
v -1.940147 2.488903 -12.500000
v -0.803635 1.352391 -12.500000
v 0.803635 1.352391 -12.500000
vn 0.3713 -0.8963 -0.2425
vn 0.8963 -0.3713 -0.2425
vn 0.8963 -0.3712 -0.2425
vn 0.8963 0.3713 -0.2425
vn 0.3713 0.8963 -0.2425
vn 0.3712 0.8963 -0.2425
vn -0.3713 0.8963 -0.2425
vn -0.8963 0.3713 -0.2425
vn -0.8963 0.3712 -0.2425
vn -0.8963 -0.3713 -0.2425
vn -0.3713 -0.8963 -0.2425
vn -0.3712 -0.8963 -0.2425
vn 0.3712 -0.8963 -0.2425
vn -0.0000 -0.0000 1.0000
vn -0.0000 -0.0000 -1.0000
vt 0.000000 1.000000
vt 0.000000 0.000000
vt 0.125000 1.000000
vt 0.125000 0.000000
vt 0.250000 1.000000
vt 0.250000 0.000000
vt 0.375000 1.000000
vt 0.375000 0.000000
vt 0.500000 1.000000
vt 0.500000 0.000000
vt 0.625000 1.000000
vt 0.625000 0.000000
vt 0.750000 1.000000
vt 0.750000 0.000000
vt 0.875000 1.000000
vt 0.875000 0.000000
vt 1.000000 1.000000
vt 1.000000 0.000000
vt 1.000000 0.500000
vt 0.853553 0.853553
vt 0.500000 0.500000
vt 0.146447 0.853553
vt 0.000000 0.500000
vt 0.146447 0.146447
vt 0.853553 0.146447
s 1
usemtl hazard_amber
f 1/1/1 10/2/1 2/3/2
f 10/2/1 11/4/3 2/3/2
f 2/3/2 11/4/3 3/5/4
f 11/4/3 12/6/4 3/5/4
f 3/5/4 12/6/4 4/7/5
f 12/6/4 13/8/6 4/7/5
f 4/7/5 13/8/6 5/9/7
f 13/8/6 14/10/7 5/9/7
f 5/9/7 14/10/7 6/11/8
f 14/10/7 15/12/9 6/11/8
f 6/11/8 15/12/9 7/13/10
f 15/12/9 16/14/10 7/13/10
f 7/13/10 16/14/10 8/15/11
f 16/14/10 17/16/12 8/15/11
f 8/15/11 17/16/12 9/17/13
f 17/16/12 18/18/13 9/17/13
f 27/19/14 28/20/14 19/21/14
f 28/20/14 29/9/14 20/21/14
f 29/9/14 30/22/14 21/21/14
f 30/22/14 31/23/14 22/21/14
f 31/23/14 32/24/14 23/21/14
f 32/24/14 33/10/14 24/21/14
f 33/10/14 34/25/14 25/21/14
f 34/25/14 35/19/14 26/21/14
f 45/25/15 44/19/15 36/21/15
f 46/10/15 45/25/15 37/21/15
f 47/24/15 46/10/15 38/21/15
f 48/23/15 47/24/15 39/21/15
f 49/22/15 48/23/15 40/21/15
f 50/9/15 49/22/15 41/21/15
f 51/20/15 50/9/15 42/21/15
f 52/19/15 51/20/15 43/21/15
o antenna_stub
v 0.000000 6.545998 0.107770
v 0.086603 6.546483 0.057772
v 0.086603 6.547455 -0.042223
v 0.000000 6.547941 -0.092221
v -0.086603 6.547455 -0.042223
v -0.086603 6.546483 0.057772
v 0.000000 6.545998 0.107770
v 0.000000 5.745646 0.139993
v 0.121244 5.746327 0.069997
v 0.121244 5.747687 -0.069997
v 0.000000 5.748367 -0.139994
v -0.121244 5.747687 -0.069997
v -0.121244 5.746327 0.069997
v 0.000000 5.745646 0.139993
v 0.000000 6.546969 0.007774
v 0.000000 6.546969 0.007774
v 0.000000 6.546969 0.007774
v 0.000000 6.546969 0.007774
v 0.000000 6.546969 0.007774
v 0.000000 6.546969 0.007774
v 0.000000 6.545998 0.107770
v 0.086603 6.546483 0.057772
v 0.086603 6.547455 -0.042223
v 0.000000 6.547941 -0.092221
v -0.086603 6.547455 -0.042223
v -0.086603 6.546483 0.057772
v 0.000000 6.545998 0.107770
v 0.000000 5.747007 0.000000
v 0.000000 5.747007 0.000000
v 0.000000 5.747007 0.000000
v 0.000000 5.747007 0.000000
v 0.000000 5.747007 0.000000
v 0.000000 5.747007 0.000000
v 0.000000 5.745646 0.139993
v 0.121244 5.746327 0.069997
v 0.121244 5.747687 -0.069997
v 0.000000 5.748367 -0.139994
v -0.121244 5.747687 -0.069997
v -0.121244 5.746327 0.069997
v 0.000000 5.745646 0.139993
vn -0.0000 0.0402 0.9992
vn 0.8649 0.0451 0.4998
vn 0.8649 0.0548 -0.4989
vn -0.0000 0.0596 -0.9982
vn -0.8649 0.0548 -0.4989
vn -0.8649 0.0451 0.4998
vn -0.0000 0.0403 0.9992
vn -0.0000 1.0000 0.0097
vn -0.0000 -1.0000 -0.0097
vt 0.000000 1.000000
vt 0.000000 0.000000
vt 0.166667 1.000000
vt 0.166667 0.000000
vt 0.333333 1.000000
vt 0.333333 0.000000
vt 0.500000 1.000000
vt 0.500000 0.000000
vt 0.666667 1.000000
vt 0.666667 0.000000
vt 0.833333 1.000000
vt 0.833333 0.000000
vt 1.000000 1.000000
vt 1.000000 0.000000
vt 1.000000 0.500000
vt 0.750000 0.933013
vt 0.500000 0.500000
vt 0.250000 0.933013
vt 0.000000 0.500000
vt 0.250000 0.066987
vt 0.750000 0.066987
s 1
usemtl hazard_amber
f 53/26/16 60/27/16 54/28/17
f 60/27/16 61/29/17 54/28/17
f 54/28/17 61/29/17 55/30/18
f 61/29/17 62/31/18 55/30/18
f 55/30/18 62/31/18 56/32/19
f 62/31/18 63/33/19 56/32/19
f 56/32/19 63/33/19 57/34/20
f 63/33/19 64/35/20 57/34/20
f 57/34/20 64/35/20 58/36/21
f 64/35/20 65/37/21 58/36/21
f 58/36/21 65/37/21 59/38/22
f 65/37/21 66/39/16 59/38/22
f 73/40/23 74/41/23 67/42/23
f 74/41/23 75/43/23 68/42/23
f 75/43/23 76/44/23 69/42/23
f 76/44/23 77/45/23 70/42/23
f 77/45/23 78/46/23 71/42/23
f 78/46/23 79/40/23 72/42/23
f 87/46/24 86/40/24 80/42/24
f 88/45/24 87/46/24 81/42/24
f 89/44/24 88/45/24 82/42/24
f 90/43/24 89/44/24 83/42/24
f 91/41/24 90/43/24 84/42/24
f 92/40/24 91/41/24 85/42/24
o band_haz_aft
v 0.918440 1.075227 -4.925000
v 2.217311 2.374098 -4.925000
v 2.217311 4.210979 -4.925001
v 0.918440 5.509849 -4.925001
v -0.918440 5.509849 -4.925001
v -2.217311 4.210979 -4.925001
v -2.217311 2.374098 -4.925000
v -0.918440 1.075227 -4.925000
v 0.918440 1.075227 -4.925000
v 0.918440 1.075227 -5.475000
v 2.217311 2.374098 -5.475000
v 2.217311 4.210979 -5.475000
v 0.918440 5.509849 -5.475000
v -0.918440 5.509849 -5.475000
v -2.217311 4.210979 -5.475000
v -2.217311 2.374098 -5.475000
v -0.918440 1.075227 -5.475000
v 0.918440 1.075227 -5.475000
v 0.000000 3.292538 -4.925001
v 0.000000 3.292538 -4.925001
v 0.000000 3.292538 -4.925001
v 0.000000 3.292538 -4.925001
v 0.000000 3.292538 -4.925001
v 0.000000 3.292538 -4.925001
v 0.000000 3.292538 -4.925001
v 0.000000 3.292538 -4.925001
v 0.918440 1.075227 -4.925000
v 2.217311 2.374098 -4.925000
v 2.217311 4.210979 -4.925001
v 0.918440 5.509849 -4.925001
v -0.918440 5.509849 -4.925001
v -2.217311 4.210979 -4.925001
v -2.217311 2.374098 -4.925000
v -0.918440 1.075227 -4.925000
v 0.918440 1.075227 -4.925000
v -0.000000 3.292538 -5.475000
v -0.000000 3.292538 -5.475000
v -0.000000 3.292538 -5.475000
v -0.000000 3.292538 -5.475000
v -0.000000 3.292538 -5.475000
v -0.000000 3.292538 -5.475000
v -0.000000 3.292538 -5.475000
v -0.000000 3.292538 -5.475000
v 0.918440 1.075227 -5.475000
v 2.217311 2.374098 -5.475000
v 2.217311 4.210979 -5.475000
v 0.918440 5.509849 -5.475000
v -0.918440 5.509849 -5.475000
v -2.217311 4.210979 -5.475000
v -2.217311 2.374098 -5.475000
v -0.918440 1.075227 -5.475000
v 0.918440 1.075227 -5.475000
vn 0.3827 -0.9239 -0.0000
vn 0.9239 -0.3827 -0.0000
vn 0.9239 0.3827 -0.0000
vn 0.3827 0.9239 -0.0000
vn -0.3827 0.9239 -0.0000
vn -0.9239 0.3827 -0.0000
vn -0.9239 -0.3827 -0.0000
vn -0.3827 -0.9239 -0.0000
vn -0.0000 -0.0000 1.0000
vn -0.0000 -0.0000 -1.0000
vt 0.000000 1.000000
vt 0.000000 0.000000
vt 0.125000 1.000000
vt 0.125000 0.000000
vt 0.250000 1.000000
vt 0.250000 0.000000
vt 0.375000 1.000000
vt 0.375000 0.000000
vt 0.500000 1.000000
vt 0.500000 0.000000
vt 0.625000 1.000000
vt 0.625000 0.000000
vt 0.750000 1.000000
vt 0.750000 0.000000
vt 0.875000 1.000000
vt 0.875000 0.000000
vt 1.000000 1.000000
vt 1.000000 0.000000
vt 1.000000 0.500000
vt 0.853553 0.853553
vt 0.500000 0.500000
vt 0.146447 0.853553
vt 0.000000 0.500000
vt 0.146447 0.146447
vt 0.853553 0.146447
s 1
usemtl hazard_amber
f 93/47/25 102/48/25 94/49/26
f 102/48/25 103/50/26 94/49/26
f 94/49/26 103/50/26 95/51/27
f 103/50/26 104/52/27 95/51/27
f 95/51/27 104/52/27 96/53/28
f 104/52/27 105/54/28 96/53/28
f 96/53/28 105/54/28 97/55/29
f 105/54/28 106/56/29 97/55/29
f 97/55/29 106/56/29 98/57/30
f 106/56/29 107/58/30 98/57/30
f 98/57/30 107/58/30 99/59/31
f 107/58/30 108/60/31 99/59/31
f 99/59/31 108/60/31 100/61/32
f 108/60/31 109/62/32 100/61/32
f 100/61/32 109/62/32 101/63/25
f 109/62/32 110/64/25 101/63/25
f 119/65/33 120/66/33 111/67/33
f 120/66/33 121/55/33 112/67/33
f 121/55/33 122/68/33 113/67/33
f 122/68/33 123/69/33 114/67/33
f 123/69/33 124/70/33 115/67/33
f 124/70/33 125/56/33 116/67/33
f 125/56/33 126/71/33 117/67/33
f 126/71/33 127/65/33 118/67/33
f 137/71/34 136/65/34 128/67/34
f 138/56/34 137/71/34 129/67/34
f 139/70/34 138/56/34 130/67/34
f 140/69/34 139/70/34 131/67/34
f 141/68/34 140/69/34 132/67/34
f 142/55/34 141/68/34 133/67/34
f 143/66/34 142/55/34 134/67/34
f 144/65/34 143/66/34 135/67/34
o band_haz_fwd
v 0.876345 1.176855 4.075000
v 2.115684 2.416194 4.075000
v 2.115684 4.168884 4.074999
v 0.876345 5.408223 4.074999
v -0.876345 5.408223 4.074999
v -2.115684 4.168884 4.074999
v -2.115684 2.416194 4.075000
v -0.876345 1.176855 4.075000
v 0.876345 1.176855 4.075000
v 0.876345 1.176855 3.525000
v 2.115684 2.416194 3.525000
v 2.115684 4.168884 3.525000
v 0.876345 5.408223 3.525000
v -0.876345 5.408223 3.525000
v -2.115684 4.168884 3.525000
v -2.115684 2.416194 3.525000
v -0.876345 1.176855 3.525000
v 0.876345 1.176855 3.525000
v 0.000000 3.292539 4.074999
v 0.000000 3.292539 4.074999
v 0.000000 3.292539 4.074999
v 0.000000 3.292539 4.074999
v 0.000000 3.292539 4.074999
v 0.000000 3.292539 4.074999
v 0.000000 3.292539 4.074999
v 0.000000 3.292539 4.074999
v 0.876345 1.176855 4.075000
v 2.115684 2.416194 4.075000
v 2.115684 4.168884 4.074999
v 0.876345 5.408223 4.074999
v -0.876345 5.408223 4.074999
v -2.115684 4.168884 4.074999
v -2.115684 2.416194 4.075000
v -0.876345 1.176855 4.075000
v 0.876345 1.176855 4.075000
v -0.000000 3.292539 3.525000
v -0.000000 3.292539 3.525000
v -0.000000 3.292539 3.525000
v -0.000000 3.292539 3.525000
v -0.000000 3.292539 3.525000
v -0.000000 3.292539 3.525000
v -0.000000 3.292539 3.525000
v -0.000000 3.292539 3.525000
v 0.876345 1.176855 3.525000
v 2.115684 2.416194 3.525000
v 2.115684 4.168884 3.525000
v 0.876345 5.408223 3.525000
v -0.876345 5.408223 3.525000
v -2.115684 4.168884 3.525000
v -2.115684 2.416194 3.525000
v -0.876345 1.176855 3.525000
v 0.876345 1.176855 3.525000
vn 0.3827 -0.9239 -0.0000
vn 0.9239 -0.3827 -0.0000
vn 0.9239 0.3827 -0.0000
vn 0.3827 0.9239 -0.0000
vn -0.3827 0.9239 -0.0000
vn -0.9239 0.3827 -0.0000
vn -0.9239 -0.3827 -0.0000
vn -0.3827 -0.9239 -0.0000
vn -0.0000 -0.0000 1.0000
vn -0.0000 -0.0000 -1.0000
vt 0.000000 1.000000
vt 0.000000 0.000000
vt 0.125000 1.000000
vt 0.125000 0.000000
vt 0.250000 1.000000
vt 0.250000 0.000000
vt 0.375000 1.000000
vt 0.375000 0.000000
vt 0.500000 1.000000
vt 0.500000 0.000000
vt 0.625000 1.000000
vt 0.625000 0.000000
vt 0.750000 1.000000
vt 0.750000 0.000000
vt 0.875000 1.000000
vt 0.875000 0.000000
vt 1.000000 1.000000
vt 1.000000 0.000000
vt 1.000000 0.500000
vt 0.853553 0.853553
vt 0.500000 0.500000
vt 0.146447 0.853553
vt 0.000000 0.500000
vt 0.146447 0.146447
vt 0.853553 0.146447
s 1
usemtl hazard_amber
f 145/72/35 154/73/35 146/74/36
f 154/73/35 155/75/36 146/74/36
f 146/74/36 155/75/36 147/76/37
f 155/75/36 156/77/37 147/76/37
f 147/76/37 156/77/37 148/78/38
f 156/77/37 157/79/38 148/78/38
f 148/78/38 157/79/38 149/80/39
f 157/79/38 158/81/39 149/80/39
f 149/80/39 158/81/39 150/82/40
f 158/81/39 159/83/40 150/82/40
f 150/82/40 159/83/40 151/84/41
f 159/83/40 160/85/41 151/84/41
f 151/84/41 160/85/41 152/86/42
f 160/85/41 161/87/42 152/86/42
f 152/86/42 161/87/42 153/88/35
f 161/87/42 162/89/35 153/88/35
f 171/90/43 172/91/43 163/92/43
f 172/91/43 173/80/43 164/92/43
f 173/80/43 174/93/43 165/92/43
f 174/93/43 175/94/43 166/92/43
f 175/94/43 176/95/43 167/92/43
f 176/95/43 177/81/43 168/92/43
f 177/81/43 178/96/43 169/92/43
f 178/96/43 179/90/43 170/92/43
f 189/96/44 188/90/44 180/92/44
f 190/81/44 189/96/44 181/92/44
f 191/95/44 190/81/44 182/92/44
f 192/94/44 191/95/44 183/92/44
f 193/93/44 192/94/44 184/92/44
f 194/80/44 193/93/44 185/92/44
f 195/91/44 194/80/44 186/92/44
f 196/90/44 195/91/44 187/92/44
o bell_1
v 0.000000 4.062538 -12.750000
v 0.000000 4.029512 -13.037500
v 0.000000 3.962424 -13.325000
v 0.000000 3.871007 -13.612500
v 0.000000 3.759051 -13.900000
v 0.000000 3.628831 -14.187500
v 0.000000 3.481926 -14.475000
v 0.000000 3.319517 -14.762500
v 0.000000 3.142537 -15.050000
v 0.140000 4.100050 -12.750000
v 0.156513 4.071450 -13.037500
v 0.190057 4.013350 -13.325000
v 0.235765 3.934180 -13.612500
v 0.291743 3.837223 -13.900000
v 0.356853 3.724450 -14.187500
v 0.430306 3.597226 -14.475000
v 0.511510 3.456576 -14.762500
v 0.600000 3.303307 -15.050000
v 0.242487 4.202538 -12.750000
v 0.271088 4.186025 -13.037500
v 0.329188 4.152481 -13.325000
v 0.408357 4.106772 -13.612500
v 0.505314 4.050794 -13.900000
v 0.618088 3.985684 -14.187500
v 0.745312 3.912231 -14.475000
v 0.885962 3.831027 -14.762500
v 1.039230 3.742537 -15.050000
v 0.280000 4.342538 -12.750000
v 0.313025 4.342538 -13.037500
v 0.380113 4.342538 -13.325000
v 0.471530 4.342538 -13.612500
v 0.583487 4.342538 -13.900000
v 0.713706 4.342538 -14.187500
v 0.860612 4.342538 -14.475000
v 1.023020 4.342538 -14.762500
v 1.200000 4.342538 -15.050000
v 0.242487 4.482538 -12.750000
v 0.271088 4.499050 -13.037500
v 0.329188 4.532594 -13.325000
v 0.408357 4.578303 -13.612500
v 0.505314 4.634281 -13.900000
v 0.618088 4.699391 -14.187500
v 0.745312 4.772843 -14.475000
v 0.885962 4.854048 -14.762500
v 1.039230 4.942538 -15.050000
v 0.140000 4.585025 -12.750000
v 0.156513 4.613626 -13.037500
v 0.190057 4.671725 -13.325000
v 0.235765 4.750895 -13.612500
v 0.291743 4.847852 -13.900000
v 0.356853 4.960626 -14.187500
v 0.430306 5.087849 -14.475000
v 0.511510 5.228499 -14.762500
v 0.600000 5.381768 -15.050000
v 0.000000 4.622538 -12.750000
v 0.000000 4.655563 -13.037500
v 0.000000 4.722651 -13.325000
v 0.000000 4.814068 -13.612500
v 0.000000 4.926024 -13.900000
v 0.000000 5.056244 -14.187500
v 0.000000 5.203149 -14.475000
v 0.000000 5.365558 -14.762500
v 0.000000 5.542538 -15.050000
v -0.140000 4.585025 -12.750000
v -0.156513 4.613626 -13.037500
v -0.190057 4.671725 -13.325000
v -0.235765 4.750895 -13.612500
v -0.291743 4.847852 -13.900000
v -0.356853 4.960626 -14.187500
v -0.430306 5.087849 -14.475000
v -0.511510 5.228499 -14.762500
v -0.600000 5.381768 -15.050000
v -0.242487 4.482538 -12.750000
v -0.271088 4.499050 -13.037500
v -0.329188 4.532594 -13.325000
v -0.408357 4.578303 -13.612500
v -0.505314 4.634281 -13.900000
v -0.618088 4.699391 -14.187500
v -0.745312 4.772843 -14.475000
v -0.885962 4.854048 -14.762500
v -1.039230 4.942538 -15.050000
v -0.280000 4.342538 -12.750000
v -0.313025 4.342538 -13.037500
v -0.380113 4.342538 -13.325000
v -0.471530 4.342538 -13.612500
v -0.583487 4.342538 -13.900000
v -0.713706 4.342538 -14.187500
v -0.860612 4.342538 -14.475000
v -1.023020 4.342538 -14.762500
v -1.200000 4.342538 -15.050000
v -0.242487 4.202538 -12.750000
v -0.271088 4.186025 -13.037500
v -0.329188 4.152481 -13.325000
v -0.408357 4.106772 -13.612500
v -0.505314 4.050794 -13.900000
v -0.618088 3.985684 -14.187500
v -0.745312 3.912231 -14.475000
v -0.885962 3.831027 -14.762500
v -1.039230 3.742537 -15.050000
v -0.140000 4.100050 -12.750000
v -0.156513 4.071450 -13.037500
v -0.190057 4.013350 -13.325000
v -0.235765 3.934180 -13.612500
v -0.291743 3.837223 -13.900000
v -0.356853 3.724450 -14.187500
v -0.430306 3.597226 -14.475000
v -0.511510 3.456576 -14.762500
v -0.600000 3.303307 -15.050000
v -0.000000 4.062538 -12.750000
v -0.000000 4.029512 -13.037500
v -0.000000 3.962424 -13.325000
v -0.000000 3.871007 -13.612500
v -0.000000 3.759051 -13.900000
v -0.000000 3.628831 -14.187500
v -0.000000 3.481926 -14.475000
v -0.000000 3.319517 -14.762500
v -0.000000 3.142537 -15.050000
vn -0.0001 0.9935 -0.1141
vn -0.4967 0.8604 -0.1141
vn -0.0001 0.9852 -0.1715
vn -0.4926 0.8532 -0.1716
vn -0.0000 0.9640 -0.2658
vn -0.4820 0.8349 -0.2658
vn -0.0001 0.9428 -0.3335
vn -0.4714 0.8165 -0.3335
vn -0.0001 0.9216 -0.3882
vn -0.4608 0.7981 -0.3881
vn -0.0000 0.9008 -0.4342
vn -0.4504 0.7801 -0.4342
vn -0.0001 0.8807 -0.4738
vn -0.4403 0.7627 -0.4738
vn -0.0000 0.8612 -0.5083
vn -0.4306 0.7458 -0.5083
vn -0.0000 0.8516 -0.5242
vn -0.4258 0.7375 -0.5242
vn -0.8604 0.4967 -0.1141
vn -0.8532 0.4926 -0.1716
vn -0.8349 0.4820 -0.2658
vn -0.8165 0.4714 -0.3334
vn -0.7981 0.4608 -0.3882
vn -0.7801 0.4504 -0.4342
vn -0.7627 0.4403 -0.4738
vn -0.7458 0.4306 -0.5083
vn -0.7375 0.4258 -0.5242
vn -0.9935 -0.0000 -0.1141
vn -0.9852 -0.0000 -0.1716
vn -0.9640 -0.0000 -0.2658
vn -0.9427 -0.0000 -0.3335
vn -0.9216 -0.0000 -0.3882
vn -0.9008 -0.0000 -0.4343
vn -0.8806 -0.0000 -0.4738
vn -0.8612 -0.0000 -0.5083
vn -0.8516 -0.0000 -0.5242
vn -0.8604 -0.4967 -0.1141
vn -0.8532 -0.4926 -0.1716
vn -0.8349 -0.4820 -0.2658
vn -0.8165 -0.4714 -0.3334
vn -0.7981 -0.4608 -0.3882
vn -0.7801 -0.4504 -0.4342
vn -0.7626 -0.4403 -0.4738
vn -0.7458 -0.4306 -0.5083
vn -0.7375 -0.4258 -0.5242
vn -0.4967 -0.8604 -0.1141
vn -0.4926 -0.8532 -0.1716
vn -0.4820 -0.8349 -0.2658
vn -0.4714 -0.8165 -0.3335
vn -0.4608 -0.7981 -0.3882
vn -0.4504 -0.7801 -0.4342
vn -0.4403 -0.7627 -0.4737
vn -0.4306 -0.7458 -0.5083
vn -0.4258 -0.7375 -0.5242
vn -0.0000 -0.9935 -0.1141
vn -0.0000 -0.9852 -0.1715
vn -0.0000 -0.9640 -0.2658
vn -0.0000 -0.9428 -0.3335
vn -0.0000 -0.9216 -0.3881
vn -0.0000 -0.9008 -0.4342
vn -0.0000 -0.8806 -0.4738
vn -0.0000 -0.8612 -0.5083
vn -0.0000 -0.8516 -0.5242
vn 0.4967 -0.8604 -0.1141
vn 0.4926 -0.8532 -0.1716
vn 0.4820 -0.8349 -0.2658
vn 0.4714 -0.8165 -0.3334
vn 0.4608 -0.7981 -0.3882
vn 0.4504 -0.7801 -0.4343
vn 0.4403 -0.7627 -0.4738
vn 0.4306 -0.7458 -0.5083
vn 0.4258 -0.7375 -0.5242
vn 0.8604 -0.4967 -0.1141
vn 0.8532 -0.4926 -0.1716
vn 0.8349 -0.4820 -0.2657
vn 0.8165 -0.4714 -0.3335
vn 0.7981 -0.4608 -0.3882
vn 0.7801 -0.4504 -0.4342
vn 0.7627 -0.4403 -0.4738
vn 0.7458 -0.4306 -0.5084
vn 0.7375 -0.4258 -0.5242
vn 0.9935 -0.0000 -0.1141
vn 0.9852 -0.0000 -0.1715
vn 0.9640 -0.0000 -0.2658
vn 0.9427 -0.0000 -0.3335
vn 0.9216 -0.0000 -0.3881
vn 0.9008 -0.0000 -0.4343
vn 0.8806 -0.0000 -0.4738
vn 0.8612 -0.0000 -0.5083
vn 0.8516 -0.0000 -0.5242
vn 0.8604 0.4967 -0.1141
vn 0.8532 0.4926 -0.1716
vn 0.8349 0.4820 -0.2658
vn 0.8165 0.4714 -0.3334
vn 0.7981 0.4608 -0.3882
vn 0.7801 0.4504 -0.4343
vn 0.7627 0.4403 -0.4738
vn 0.7458 0.4306 -0.5083
vn 0.7375 0.4258 -0.5242
vn 0.4967 0.8604 -0.1141
vn 0.4926 0.8532 -0.1716
vn 0.4820 0.8349 -0.2658
vn 0.4714 0.8165 -0.3334
vn 0.4608 0.7981 -0.3882
vn 0.4504 0.7801 -0.4342
vn 0.4403 0.7627 -0.4737
vn 0.4306 0.7458 -0.5083
vn 0.4258 0.7375 -0.5242
vn 0.0001 0.9935 -0.1141
vn -0.0000 0.9852 -0.1715
vn -0.0000 0.9428 -0.3335
vn 0.0001 0.9216 -0.3882
vn -0.0000 0.8807 -0.4737
vn 0.0001 0.8612 -0.5083
vt 0.000000 0.000000
vt 0.083333 0.000000
vt 0.000000 0.125000
vt 0.083333 0.125000
vt 0.000000 0.250000
vt 0.083333 0.250000
vt 0.000000 0.375000
vt 0.083333 0.375000
vt 0.000000 0.500000
vt 0.083333 0.500000
vt 0.000000 0.625000
vt 0.083333 0.625000
vt 0.000000 0.750000
vt 0.083333 0.750000
vt 0.000000 0.875000
vt 0.083333 0.875000
vt 0.000000 1.000000
vt 0.083333 1.000000
vt 0.166667 0.000000
vt 0.166667 0.125000
vt 0.166667 0.250000
vt 0.166667 0.375000
vt 0.166667 0.500000
vt 0.166667 0.625000
vt 0.166667 0.750000
vt 0.166667 0.875000
vt 0.166667 1.000000
vt 0.250000 0.000000
vt 0.250000 0.125000
vt 0.250000 0.250000
vt 0.250000 0.375000
vt 0.250000 0.500000
vt 0.250000 0.625000
vt 0.250000 0.750000
vt 0.250000 0.875000
vt 0.250000 1.000000
vt 0.333333 0.000000
vt 0.333333 0.125000
vt 0.333333 0.250000
vt 0.333333 0.375000
vt 0.333333 0.500000
vt 0.333333 0.625000
vt 0.333333 0.750000
vt 0.333333 0.875000
vt 0.333333 1.000000
vt 0.416667 0.000000
vt 0.416667 0.125000
vt 0.416667 0.250000
vt 0.416667 0.375000
vt 0.416667 0.500000
vt 0.416667 0.625000
vt 0.416667 0.750000
vt 0.416667 0.875000
vt 0.416667 1.000000
vt 0.500000 0.000000
vt 0.500000 0.125000
vt 0.500000 0.250000
vt 0.500000 0.375000
vt 0.500000 0.500000
vt 0.500000 0.625000
vt 0.500000 0.750000
vt 0.500000 0.875000
vt 0.500000 1.000000
vt 0.583333 0.000000
vt 0.583333 0.125000
vt 0.583333 0.250000
vt 0.583333 0.375000
vt 0.583333 0.500000
vt 0.583333 0.625000
vt 0.583333 0.750000
vt 0.583333 0.875000
vt 0.583333 1.000000
vt 0.666667 0.000000
vt 0.666667 0.125000
vt 0.666667 0.250000
vt 0.666667 0.375000
vt 0.666667 0.500000
vt 0.666667 0.625000
vt 0.666667 0.750000
vt 0.666667 0.875000
vt 0.666667 1.000000
vt 0.750000 0.000000
vt 0.750000 0.125000
vt 0.750000 0.250000
vt 0.750000 0.375000
vt 0.750000 0.500000
vt 0.750000 0.625000
vt 0.750000 0.750000
vt 0.750000 0.875000
vt 0.750000 1.000000
vt 0.833333 0.000000
vt 0.833333 0.125000
vt 0.833333 0.250000
vt 0.833333 0.375000
vt 0.833333 0.500000
vt 0.833333 0.625000
vt 0.833333 0.750000
vt 0.833333 0.875000
vt 0.833333 1.000000
vt 0.916667 0.000000
vt 0.916667 0.125000
vt 0.916667 0.250000
vt 0.916667 0.375000
vt 0.916667 0.500000
vt 0.916667 0.625000
vt 0.916667 0.750000
vt 0.916667 0.875000
vt 0.916667 1.000000
vt 1.000000 0.000000
vt 1.000000 0.125000
vt 1.000000 0.250000
vt 1.000000 0.375000
vt 1.000000 0.500000
vt 1.000000 0.625000
vt 1.000000 0.750000
vt 1.000000 0.875000
vt 1.000000 1.000000
s 1
usemtl nozzle_scorched
f 197/97/45 206/98/46 198/99/47
f 207/100/48 198/99/47 206/98/46
f 198/99/47 207/100/48 199/101/49
f 208/102/50 199/101/49 207/100/48
f 199/101/49 208/102/50 200/103/51
f 209/104/52 200/103/51 208/102/50
f 200/103/51 209/104/52 201/105/53
f 210/106/54 201/105/53 209/104/52
f 201/105/53 210/106/54 202/107/55
f 211/108/56 202/107/55 210/106/54
f 202/107/55 211/108/56 203/109/57
f 212/110/58 203/109/57 211/108/56
f 203/109/57 212/110/58 204/111/59
f 213/112/60 204/111/59 212/110/58
f 204/111/59 213/112/60 205/113/61
f 214/114/62 205/113/61 213/112/60
f 206/98/46 215/115/63 207/100/48
f 216/116/64 207/100/48 215/115/63
f 207/100/48 216/116/64 208/102/50
f 217/117/65 208/102/50 216/116/64
f 208/102/50 217/117/65 209/104/52
f 218/118/66 209/104/52 217/117/65
f 209/104/52 218/118/66 210/106/54
f 219/119/67 210/106/54 218/118/66
f 210/106/54 219/119/67 211/108/56
f 220/120/68 211/108/56 219/119/67
f 211/108/56 220/120/68 212/110/58
f 221/121/69 212/110/58 220/120/68
f 212/110/58 221/121/69 213/112/60
f 222/122/70 213/112/60 221/121/69
f 213/112/60 222/122/70 214/114/62
f 223/123/71 214/114/62 222/122/70
f 215/115/63 224/124/72 216/116/64
f 225/125/73 216/116/64 224/124/72
f 216/116/64 225/125/73 217/117/65
f 226/126/74 217/117/65 225/125/73
f 217/117/65 226/126/74 218/118/66
f 227/127/75 218/118/66 226/126/74
f 218/118/66 227/127/75 219/119/67
f 228/128/76 219/119/67 227/127/75
f 219/119/67 228/128/76 220/120/68
f 229/129/77 220/120/68 228/128/76
f 220/120/68 229/129/77 221/121/69
f 230/130/78 221/121/69 229/129/77
f 221/121/69 230/130/78 222/122/70
f 231/131/79 222/122/70 230/130/78
f 222/122/70 231/131/79 223/123/71
f 232/132/80 223/123/71 231/131/79
f 224/124/72 233/133/81 225/125/73
f 234/134/82 225/125/73 233/133/81
f 225/125/73 234/134/82 226/126/74
f 235/135/83 226/126/74 234/134/82
f 226/126/74 235/135/83 227/127/75
f 236/136/84 227/127/75 235/135/83
f 227/127/75 236/136/84 228/128/76
f 237/137/85 228/128/76 236/136/84
f 228/128/76 237/137/85 229/129/77
f 238/138/86 229/129/77 237/137/85
f 229/129/77 238/138/86 230/130/78
f 239/139/87 230/130/78 238/138/86
f 230/130/78 239/139/87 231/131/79
f 240/140/88 231/131/79 239/139/87
f 231/131/79 240/140/88 232/132/80
f 241/141/89 232/132/80 240/140/88
f 233/133/81 242/142/90 234/134/82
f 243/143/91 234/134/82 242/142/90
f 234/134/82 243/143/91 235/135/83
f 244/144/92 235/135/83 243/143/91
f 235/135/83 244/144/92 236/136/84
f 245/145/93 236/136/84 244/144/92
f 236/136/84 245/145/93 237/137/85
f 246/146/94 237/137/85 245/145/93
f 237/137/85 246/146/94 238/138/86
f 247/147/95 238/138/86 246/146/94
f 238/138/86 247/147/95 239/139/87
f 248/148/96 239/139/87 247/147/95
f 239/139/87 248/148/96 240/140/88
f 249/149/97 240/140/88 248/148/96
f 240/140/88 249/149/97 241/141/89
f 250/150/98 241/141/89 249/149/97
f 242/142/90 251/151/99 243/143/91
f 252/152/100 243/143/91 251/151/99
f 243/143/91 252/152/100 244/144/92
f 253/153/101 244/144/92 252/152/100
f 244/144/92 253/153/101 245/145/93
f 254/154/102 245/145/93 253/153/101
f 245/145/93 254/154/102 246/146/94
f 255/155/103 246/146/94 254/154/102
f 246/146/94 255/155/103 247/147/95
f 256/156/104 247/147/95 255/155/103
f 247/147/95 256/156/104 248/148/96
f 257/157/105 248/148/96 256/156/104
f 248/148/96 257/157/105 249/149/97
f 258/158/106 249/149/97 257/157/105
f 249/149/97 258/158/106 250/150/98
f 259/159/107 250/150/98 258/158/106
f 251/151/99 260/160/108 252/152/100
f 261/161/109 252/152/100 260/160/108
f 252/152/100 261/161/109 253/153/101
f 262/162/110 253/153/101 261/161/109
f 253/153/101 262/162/110 254/154/102
f 263/163/111 254/154/102 262/162/110
f 254/154/102 263/163/111 255/155/103
f 264/164/112 255/155/103 263/163/111
f 255/155/103 264/164/112 256/156/104
f 265/165/113 256/156/104 264/164/112
f 256/156/104 265/165/113 257/157/105
f 266/166/114 257/157/105 265/165/113
f 257/157/105 266/166/114 258/158/106
f 267/167/115 258/158/106 266/166/114
f 258/158/106 267/167/115 259/159/107
f 268/168/116 259/159/107 267/167/115
f 260/160/108 269/169/117 261/161/109
f 270/170/118 261/161/109 269/169/117
f 261/161/109 270/170/118 262/162/110
f 271/171/119 262/162/110 270/170/118
f 262/162/110 271/171/119 263/163/111
f 272/172/120 263/163/111 271/171/119
f 263/163/111 272/172/120 264/164/112
f 273/173/121 264/164/112 272/172/120
f 264/164/112 273/173/121 265/165/113
f 274/174/122 265/165/113 273/173/121
f 265/165/113 274/174/122 266/166/114
f 275/175/123 266/166/114 274/174/122
f 266/166/114 275/175/123 267/167/115
f 276/176/124 267/167/115 275/175/123
f 267/167/115 276/176/124 268/168/116
f 277/177/125 268/168/116 276/176/124
f 269/169/117 278/178/126 270/170/118
f 279/179/127 270/170/118 278/178/126
f 270/170/118 279/179/127 271/171/119
f 280/180/128 271/171/119 279/179/127
f 271/171/119 280/180/128 272/172/120
f 281/181/129 272/172/120 280/180/128
f 272/172/120 281/181/129 273/173/121
f 282/182/130 273/173/121 281/181/129
f 273/173/121 282/182/130 274/174/122
f 283/183/131 274/174/122 282/182/130
f 274/174/122 283/183/131 275/175/123
f 284/184/132 275/175/123 283/183/131
f 275/175/123 284/184/132 276/176/124
f 285/185/133 276/176/124 284/184/132
f 276/176/124 285/185/133 277/177/125
f 286/186/134 277/177/125 285/185/133
f 278/178/126 287/187/135 279/179/127
f 288/188/136 279/179/127 287/187/135
f 279/179/127 288/188/136 280/180/128
f 289/189/137 280/180/128 288/188/136
f 280/180/128 289/189/137 281/181/129
f 290/190/138 281/181/129 289/189/137
f 281/181/129 290/190/138 282/182/130
f 291/191/139 282/182/130 290/190/138
f 282/182/130 291/191/139 283/183/131
f 292/192/140 283/183/131 291/191/139
f 283/183/131 292/192/140 284/184/132
f 293/193/141 284/184/132 292/192/140
f 284/184/132 293/193/141 285/185/133
f 294/194/142 285/185/133 293/193/141
f 285/185/133 294/194/142 286/186/134
f 295/195/143 286/186/134 294/194/142
f 287/187/135 296/196/144 288/188/136
f 297/197/145 288/188/136 296/196/144
f 288/188/136 297/197/145 289/189/137
f 298/198/146 289/189/137 297/197/145
f 289/189/137 298/198/146 290/190/138
f 299/199/147 290/190/138 298/198/146
f 290/190/138 299/199/147 291/191/139
f 300/200/148 291/191/139 299/199/147
f 291/191/139 300/200/148 292/192/140
f 301/201/149 292/192/140 300/200/148
f 292/192/140 301/201/149 293/193/141
f 302/202/150 293/193/141 301/201/149
f 293/193/141 302/202/150 294/194/142
f 303/203/151 294/194/142 302/202/150
f 294/194/142 303/203/151 295/195/143
f 304/204/152 295/195/143 303/203/151
f 296/196/144 305/205/153 297/197/145
f 306/206/154 297/197/145 305/205/153
f 297/197/145 306/206/154 298/198/146
f 307/207/49 298/198/146 306/206/154
f 298/198/146 307/207/49 299/199/147
f 308/208/155 299/199/147 307/207/49
f 299/199/147 308/208/155 300/200/148
f 309/209/156 300/200/148 308/208/155
f 300/200/148 309/209/156 301/201/149
f 310/210/55 301/201/149 309/209/156
f 301/201/149 310/210/55 302/202/150
f 311/211/157 302/202/150 310/210/55
f 302/202/150 311/211/157 303/203/151
f 312/212/158 303/203/151 311/211/157
f 303/203/151 312/212/158 304/204/152
f 313/213/61 304/204/152 312/212/158
o bell_2
v -0.950000 2.392538 -12.750000
v -0.950000 2.359513 -13.037500
v -0.950000 2.292424 -13.325000
v -0.950000 2.201007 -13.612500
v -0.950000 2.089051 -13.900000
v -0.950000 1.958831 -14.187500
v -0.950000 1.811926 -14.475000
v -0.950000 1.649517 -14.762500
v -0.950000 1.472537 -15.050000
v -0.810000 2.430051 -12.750000
v -0.793487 2.401450 -13.037500
v -0.759943 2.343350 -13.325000
v -0.714235 2.264180 -13.612500
v -0.658257 2.167223 -13.900000
v -0.593147 2.054450 -14.187500
v -0.519694 1.927226 -14.475000
v -0.438490 1.786576 -14.762500
v -0.350000 1.633307 -15.050000
v -0.707513 2.532538 -12.750000
v -0.678912 2.516025 -13.037500
v -0.620812 2.482481 -13.325000
v -0.541643 2.436772 -13.612500
v -0.444686 2.380794 -13.900000
v -0.331912 2.315685 -14.187500
v -0.204688 2.242232 -14.475000
v -0.064038 2.161027 -14.762500
v 0.089230 2.072537 -15.050000
v -0.670000 2.672538 -12.750000
v -0.636975 2.672538 -13.037500
v -0.569887 2.672538 -13.325000
v -0.478470 2.672538 -13.612500
v -0.366513 2.672538 -13.900000
v -0.236294 2.672538 -14.187500
v -0.089388 2.672538 -14.475000
v 0.073020 2.672538 -14.762500
v 0.250000 2.672538 -15.050000
v -0.707513 2.812538 -12.750000
v -0.678912 2.829050 -13.037500
v -0.620812 2.862594 -13.325000
v -0.541643 2.908303 -13.612500
v -0.444686 2.964281 -13.900000
v -0.331912 3.029391 -14.187500
v -0.204688 3.102843 -14.475000
v -0.064038 3.184048 -14.762500
v 0.089230 3.272537 -15.050000
v -0.810000 2.915025 -12.750000
v -0.793487 2.943625 -13.037500
v -0.759943 3.001725 -13.325000
v -0.714235 3.080895 -13.612500
v -0.658257 3.177852 -13.900000
v -0.593147 3.290626 -14.187500
v -0.519694 3.417849 -14.475000
v -0.438490 3.558499 -14.762500
v -0.350000 3.711768 -15.050000
v -0.950000 2.952538 -12.750000
v -0.950000 2.985563 -13.037500
v -0.950000 3.052651 -13.325000
v -0.950000 3.144068 -13.612500
v -0.950000 3.256025 -13.900000
v -0.950000 3.386244 -14.187500
v -0.950000 3.533149 -14.475000
v -0.950000 3.695558 -14.762500
v -0.950000 3.872538 -15.050000
v -1.090000 2.915025 -12.750000
v -1.106513 2.943625 -13.037500
v -1.140057 3.001725 -13.325000
v -1.185765 3.080895 -13.612500
v -1.241743 3.177852 -13.900000
v -1.306853 3.290626 -14.187500
v -1.380306 3.417849 -14.475000
v -1.461510 3.558499 -14.762500
v -1.550000 3.711768 -15.050000
v -1.192487 2.812538 -12.750000
v -1.221088 2.829050 -13.037500
v -1.279188 2.862594 -13.325000
v -1.358357 2.908303 -13.612500
v -1.455314 2.964281 -13.900000
v -1.568088 3.029391 -14.187500
v -1.695312 3.102843 -14.475000
v -1.835962 3.184048 -14.762500
v -1.989231 3.272537 -15.050000
v -1.230000 2.672538 -12.750000
v -1.263025 2.672538 -13.037500
v -1.330113 2.672538 -13.325000
v -1.421530 2.672538 -13.612500
v -1.533487 2.672538 -13.900000
v -1.663706 2.672538 -14.187500
v -1.810612 2.672538 -14.475000
v -1.973020 2.672538 -14.762500
v -2.150000 2.672538 -15.050000
v -1.192487 2.532538 -12.750000
v -1.221088 2.516025 -13.037500
v -1.279188 2.482481 -13.325000
v -1.358357 2.436772 -13.612500
v -1.455314 2.380794 -13.900000
v -1.568088 2.315685 -14.187500
v -1.695312 2.242232 -14.475000
v -1.835962 2.161027 -14.762500
v -1.989231 2.072537 -15.050000
v -1.090000 2.430051 -12.750000
v -1.106513 2.401450 -13.037500
v -1.140057 2.343350 -13.325000
v -1.185765 2.264180 -13.612500
v -1.241743 2.167223 -13.900000
v -1.306853 2.054450 -14.187500
v -1.380306 1.927226 -14.475000
v -1.461510 1.786576 -14.762500
v -1.550000 1.633307 -15.050000
v -0.950000 2.392538 -12.750000
v -0.950000 2.359513 -13.037500
v -0.950000 2.292424 -13.325000
v -0.950000 2.201007 -13.612500
v -0.950000 2.089051 -13.900000
v -0.950000 1.958831 -14.187500
v -0.950000 1.811926 -14.475000
v -0.950000 1.649517 -14.762500
v -0.950000 1.472537 -15.050000
vn -0.0001 0.9935 -0.1141
vn -0.4967 0.8604 -0.1141
vn -0.0000 0.9852 -0.1715
vn -0.4926 0.8532 -0.1716
vn -0.0000 0.9640 -0.2658
vn -0.4820 0.8349 -0.2658
vn -0.0001 0.9428 -0.3335
vn -0.4714 0.8165 -0.3335
vn -0.0001 0.9216 -0.3882
vn -0.4608 0.7981 -0.3882
vn -0.0000 0.9008 -0.4342
vn -0.4504 0.7801 -0.4343
vn -0.0001 0.8807 -0.4737
vn -0.4403 0.7627 -0.4737
vn -0.0000 0.8612 -0.5083
vn -0.4306 0.7458 -0.5083
vn -0.0000 0.8516 -0.5242
vn -0.4258 0.7375 -0.5242
vn -0.8604 0.4967 -0.1141
vn -0.8532 0.4926 -0.1716
vn -0.8349 0.4820 -0.2658
vn -0.8165 0.4714 -0.3334
vn -0.7981 0.4608 -0.3882
vn -0.7801 0.4504 -0.4343
vn -0.7627 0.4403 -0.4738
vn -0.7458 0.4306 -0.5083
vn -0.7375 0.4258 -0.5242
vn -0.9935 -0.0000 -0.1141
vn -0.9852 -0.0000 -0.1715
vn -0.9640 -0.0000 -0.2658
vn -0.9427 -0.0000 -0.3335
vn -0.9216 -0.0000 -0.3881
vn -0.9008 -0.0000 -0.4342
vn -0.8806 -0.0000 -0.4738
vn -0.8612 -0.0000 -0.5083
vn -0.8516 -0.0000 -0.5242
vn -0.8604 -0.4967 -0.1141
vn -0.8532 -0.4926 -0.1715
vn -0.8349 -0.4820 -0.2658
vn -0.8165 -0.4714 -0.3334
vn -0.7981 -0.4608 -0.3881
vn -0.7801 -0.4504 -0.4343
vn -0.7627 -0.4403 -0.4738
vn -0.7458 -0.4306 -0.5083
vn -0.7375 -0.4258 -0.5242
vn -0.4967 -0.8604 -0.1141
vn -0.4926 -0.8532 -0.1716
vn -0.4820 -0.8349 -0.2658
vn -0.4714 -0.8165 -0.3334
vn -0.4608 -0.7981 -0.3882
vn -0.4504 -0.7801 -0.4343
vn -0.4403 -0.7627 -0.4738
vn -0.4306 -0.7458 -0.5084
vn -0.4258 -0.7375 -0.5242
vn -0.0000 -0.9935 -0.1141
vn -0.0000 -0.9852 -0.1715
vn -0.0000 -0.9640 -0.2658
vn -0.0000 -0.9428 -0.3335
vn -0.0000 -0.9216 -0.3881
vn -0.0000 -0.9008 -0.4342
vn -0.0000 -0.8806 -0.4738
vn -0.0000 -0.8612 -0.5083
vn -0.0000 -0.8516 -0.5242
vn 0.4967 -0.8604 -0.1141
vn 0.4926 -0.8532 -0.1716
vn 0.4820 -0.8349 -0.2658
vn 0.4714 -0.8165 -0.3334
vn 0.4608 -0.7981 -0.3882
vn 0.4504 -0.7801 -0.4343
vn 0.4403 -0.7627 -0.4738
vn 0.4306 -0.7458 -0.5083
vn 0.4258 -0.7375 -0.5242
vn 0.8604 -0.4967 -0.1141
vn 0.8532 -0.4926 -0.1716
vn 0.8349 -0.4820 -0.2658
vn 0.8165 -0.4714 -0.3334
vn 0.7981 -0.4608 -0.3882
vn 0.7801 -0.4504 -0.4342
vn 0.7627 -0.4403 -0.4738
vn 0.7458 -0.4306 -0.5083
vn 0.7375 -0.4258 -0.5242
vn 0.9935 -0.0000 -0.1141
vn 0.9852 -0.0000 -0.1715
vn 0.9640 -0.0000 -0.2658
vn 0.9427 -0.0000 -0.3336
vn 0.9216 -0.0000 -0.3882
vn 0.9008 -0.0000 -0.4342
vn 0.8806 -0.0000 -0.4738
vn 0.8612 -0.0000 -0.5083
vn 0.8516 -0.0000 -0.5242
vn 0.8604 0.4967 -0.1141
vn 0.8532 0.4926 -0.1716
vn 0.8349 0.4820 -0.2657
vn 0.8165 0.4714 -0.3334
vn 0.7981 0.4608 -0.3881
vn 0.7801 0.4504 -0.4342
vn 0.7627 0.4403 -0.4738
vn 0.7458 0.4306 -0.5083
vn 0.7375 0.4258 -0.5242
vn 0.4967 0.8604 -0.1141
vn 0.4926 0.8532 -0.1716
vn 0.4820 0.8349 -0.2658
vn 0.4714 0.8165 -0.3335
vn 0.4608 0.7981 -0.3882
vn 0.4504 0.7801 -0.4342
vn 0.4403 0.7627 -0.4738
vn 0.4306 0.7458 -0.5083
vn 0.4258 0.7375 -0.5242
vn 0.0001 0.9935 -0.1141
vn 0.0001 0.9640 -0.2658
vn -0.0000 0.9428 -0.3335
vn 0.0001 0.9216 -0.3882
vn -0.0000 0.8807 -0.4737
vt 0.000000 0.000000
vt 0.083333 0.000000
vt 0.000000 0.125000
vt 0.083333 0.125000
vt 0.000000 0.250000
vt 0.083333 0.250000
vt 0.000000 0.375000
vt 0.083333 0.375000
vt 0.000000 0.500000
vt 0.083333 0.500000
vt 0.000000 0.625000
vt 0.083333 0.625000
vt 0.000000 0.750000
vt 0.083333 0.750000
vt 0.000000 0.875000
vt 0.083333 0.875000
vt 0.000000 1.000000
vt 0.083333 1.000000
vt 0.166667 0.000000
vt 0.166667 0.125000
vt 0.166667 0.250000
vt 0.166667 0.375000
vt 0.166667 0.500000
vt 0.166667 0.625000
vt 0.166667 0.750000
vt 0.166667 0.875000
vt 0.166667 1.000000
vt 0.250000 0.000000
vt 0.250000 0.125000
vt 0.250000 0.250000
vt 0.250000 0.375000
vt 0.250000 0.500000
vt 0.250000 0.625000
vt 0.250000 0.750000
vt 0.250000 0.875000
vt 0.250000 1.000000
vt 0.333333 0.000000
vt 0.333333 0.125000
vt 0.333333 0.250000
vt 0.333333 0.375000
vt 0.333333 0.500000
vt 0.333333 0.625000
vt 0.333333 0.750000
vt 0.333333 0.875000
vt 0.333333 1.000000
vt 0.416667 0.000000
vt 0.416667 0.125000
vt 0.416667 0.250000
vt 0.416667 0.375000
vt 0.416667 0.500000
vt 0.416667 0.625000
vt 0.416667 0.750000
vt 0.416667 0.875000
vt 0.416667 1.000000
vt 0.500000 0.000000
vt 0.500000 0.125000
vt 0.500000 0.250000
vt 0.500000 0.375000
vt 0.500000 0.500000
vt 0.500000 0.625000
vt 0.500000 0.750000
vt 0.500000 0.875000
vt 0.500000 1.000000
vt 0.583333 0.000000
vt 0.583333 0.125000
vt 0.583333 0.250000
vt 0.583333 0.375000
vt 0.583333 0.500000
vt 0.583333 0.625000
vt 0.583333 0.750000
vt 0.583333 0.875000
vt 0.583333 1.000000
vt 0.666667 0.000000
vt 0.666667 0.125000
vt 0.666667 0.250000
vt 0.666667 0.375000
vt 0.666667 0.500000
vt 0.666667 0.625000
vt 0.666667 0.750000
vt 0.666667 0.875000
vt 0.666667 1.000000
vt 0.750000 0.000000
vt 0.750000 0.125000
vt 0.750000 0.250000
vt 0.750000 0.375000
vt 0.750000 0.500000
vt 0.750000 0.625000
vt 0.750000 0.750000
vt 0.750000 0.875000
vt 0.750000 1.000000
vt 0.833333 0.000000
vt 0.833333 0.125000
vt 0.833333 0.250000
vt 0.833333 0.375000
vt 0.833333 0.500000
vt 0.833333 0.625000
vt 0.833333 0.750000
vt 0.833333 0.875000
vt 0.833333 1.000000
vt 0.916667 0.000000
vt 0.916667 0.125000
vt 0.916667 0.250000
vt 0.916667 0.375000
vt 0.916667 0.500000
vt 0.916667 0.625000
vt 0.916667 0.750000
vt 0.916667 0.875000
vt 0.916667 1.000000
vt 1.000000 0.000000
vt 1.000000 0.125000
vt 1.000000 0.250000
vt 1.000000 0.375000
vt 1.000000 0.500000
vt 1.000000 0.625000
vt 1.000000 0.750000
vt 1.000000 0.875000
vt 1.000000 1.000000
s 1
usemtl nozzle_scorched
f 314/214/159 323/215/160 315/216/161
f 324/217/162 315/216/161 323/215/160
f 315/216/161 324/217/162 316/218/163
f 325/219/164 316/218/163 324/217/162
f 316/218/163 325/219/164 317/220/165
f 326/221/166 317/220/165 325/219/164
f 317/220/165 326/221/166 318/222/167
f 327/223/168 318/222/167 326/221/166
f 318/222/167 327/223/168 319/224/169
f 328/225/170 319/224/169 327/223/168
f 319/224/169 328/225/170 320/226/171
f 329/227/172 320/226/171 328/225/170
f 320/226/171 329/227/172 321/228/173
f 330/229/174 321/228/173 329/227/172
f 321/228/173 330/229/174 322/230/175
f 331/231/176 322/230/175 330/229/174
f 323/215/160 332/232/177 324/217/162
f 333/233/178 324/217/162 332/232/177
f 324/217/162 333/233/178 325/219/164
f 334/234/179 325/219/164 333/233/178
f 325/219/164 334/234/179 326/221/166
f 335/235/180 326/221/166 334/234/179
f 326/221/166 335/235/180 327/223/168
f 336/236/181 327/223/168 335/235/180
f 327/223/168 336/236/181 328/225/170
f 337/237/182 328/225/170 336/236/181
f 328/225/170 337/237/182 329/227/172
f 338/238/183 329/227/172 337/237/182
f 329/227/172 338/238/183 330/229/174
f 339/239/184 330/229/174 338/238/183
f 330/229/174 339/239/184 331/231/176
f 340/240/185 331/231/176 339/239/184
f 332/232/177 341/241/186 333/233/178
f 342/242/187 333/233/178 341/241/186
f 333/233/178 342/242/187 334/234/179
f 343/243/188 334/234/179 342/242/187
f 334/234/179 343/243/188 335/235/180
f 344/244/189 335/235/180 343/243/188
f 335/235/180 344/244/189 336/236/181
f 345/245/190 336/236/181 344/244/189
f 336/236/181 345/245/190 337/237/182
f 346/246/191 337/237/182 345/245/190
f 337/237/182 346/246/191 338/238/183
f 347/247/192 338/238/183 346/246/191
f 338/238/183 347/247/192 339/239/184
f 348/248/193 339/239/184 347/247/192
f 339/239/184 348/248/193 340/240/185
f 349/249/194 340/240/185 348/248/193
f 341/241/186 350/250/195 342/242/187
f 351/251/196 342/242/187 350/250/195
f 342/242/187 351/251/196 343/243/188
f 352/252/197 343/243/188 351/251/196
f 343/243/188 352/252/197 344/244/189
f 353/253/198 344/244/189 352/252/197
f 344/244/189 353/253/198 345/245/190
f 354/254/199 345/245/190 353/253/198
f 345/245/190 354/254/199 346/246/191
f 355/255/200 346/246/191 354/254/199
f 346/246/191 355/255/200 347/247/192
f 356/256/201 347/247/192 355/255/200
f 347/247/192 356/256/201 348/248/193
f 357/257/202 348/248/193 356/256/201
f 348/248/193 357/257/202 349/249/194
f 358/258/203 349/249/194 357/257/202
f 350/250/195 359/259/204 351/251/196
f 360/260/205 351/251/196 359/259/204
f 351/251/196 360/260/205 352/252/197
f 361/261/206 352/252/197 360/260/205
f 352/252/197 361/261/206 353/253/198
f 362/262/207 353/253/198 361/261/206
f 353/253/198 362/262/207 354/254/199
f 363/263/208 354/254/199 362/262/207
f 354/254/199 363/263/208 355/255/200
f 364/264/209 355/255/200 363/263/208
f 355/255/200 364/264/209 356/256/201
f 365/265/210 356/256/201 364/264/209
f 356/256/201 365/265/210 357/257/202
f 366/266/211 357/257/202 365/265/210
f 357/257/202 366/266/211 358/258/203
f 367/267/212 358/258/203 366/266/211
f 359/259/204 368/268/213 360/260/205
f 369/269/214 360/260/205 368/268/213
f 360/260/205 369/269/214 361/261/206
f 370/270/215 361/261/206 369/269/214
f 361/261/206 370/270/215 362/262/207
f 371/271/216 362/262/207 370/270/215
f 362/262/207 371/271/216 363/263/208
f 372/272/217 363/263/208 371/271/216
f 363/263/208 372/272/217 364/264/209
f 373/273/218 364/264/209 372/272/217
f 364/264/209 373/273/218 365/265/210
f 374/274/219 365/265/210 373/273/218
f 365/265/210 374/274/219 366/266/211
f 375/275/220 366/266/211 374/274/219
f 366/266/211 375/275/220 367/267/212
f 376/276/221 367/267/212 375/275/220
f 368/268/213 377/277/222 369/269/214
f 378/278/223 369/269/214 377/277/222
f 369/269/214 378/278/223 370/270/215
f 379/279/224 370/270/215 378/278/223
f 370/270/215 379/279/224 371/271/216
f 380/280/225 371/271/216 379/279/224
f 371/271/216 380/280/225 372/272/217
f 381/281/226 372/272/217 380/280/225
f 372/272/217 381/281/226 373/273/218
f 382/282/227 373/273/218 381/281/226
f 373/273/218 382/282/227 374/274/219
f 383/283/228 374/274/219 382/282/227
f 374/274/219 383/283/228 375/275/220
f 384/284/229 375/275/220 383/283/228
f 375/275/220 384/284/229 376/276/221
f 385/285/230 376/276/221 384/284/229
f 377/277/222 386/286/231 378/278/223
f 387/287/232 378/278/223 386/286/231
f 378/278/223 387/287/232 379/279/224
f 388/288/233 379/279/224 387/287/232
f 379/279/224 388/288/233 380/280/225
f 389/289/234 380/280/225 388/288/233
f 380/280/225 389/289/234 381/281/226
f 390/290/235 381/281/226 389/289/234
f 381/281/226 390/290/235 382/282/227
f 391/291/236 382/282/227 390/290/235
f 382/282/227 391/291/236 383/283/228
f 392/292/237 383/283/228 391/291/236
f 383/283/228 392/292/237 384/284/229
f 393/293/238 384/284/229 392/292/237
f 384/284/229 393/293/238 385/285/230
f 394/294/239 385/285/230 393/293/238
f 386/286/231 395/295/240 387/287/232
f 396/296/241 387/287/232 395/295/240
f 387/287/232 396/296/241 388/288/233
f 397/297/242 388/288/233 396/296/241
f 388/288/233 397/297/242 389/289/234
f 398/298/243 389/289/234 397/297/242
f 389/289/234 398/298/243 390/290/235
f 399/299/244 390/290/235 398/298/243
f 390/290/235 399/299/244 391/291/236
f 400/300/245 391/291/236 399/299/244
f 391/291/236 400/300/245 392/292/237
f 401/301/246 392/292/237 400/300/245
f 392/292/237 401/301/246 393/293/238
f 402/302/247 393/293/238 401/301/246
f 393/293/238 402/302/247 394/294/239
f 403/303/248 394/294/239 402/302/247
f 395/295/240 404/304/249 396/296/241
f 405/305/250 396/296/241 404/304/249
f 396/296/241 405/305/250 397/297/242
f 406/306/251 397/297/242 405/305/250
f 397/297/242 406/306/251 398/298/243
f 407/307/252 398/298/243 406/306/251
f 398/298/243 407/307/252 399/299/244
f 408/308/253 399/299/244 407/307/252
f 399/299/244 408/308/253 400/300/245
f 409/309/254 400/300/245 408/308/253
f 400/300/245 409/309/254 401/301/246
f 410/310/255 401/301/246 409/309/254
f 401/301/246 410/310/255 402/302/247
f 411/311/256 402/302/247 410/310/255
f 402/302/247 411/311/256 403/303/248
f 412/312/257 403/303/248 411/311/256
f 404/304/249 413/313/258 405/305/250
f 414/314/259 405/305/250 413/313/258
f 405/305/250 414/314/259 406/306/251
f 415/315/260 406/306/251 414/314/259
f 406/306/251 415/315/260 407/307/252
f 416/316/261 407/307/252 415/315/260
f 407/307/252 416/316/261 408/308/253
f 417/317/262 408/308/253 416/316/261
f 408/308/253 417/317/262 409/309/254
f 418/318/263 409/309/254 417/317/262
f 409/309/254 418/318/263 410/310/255
f 419/319/264 410/310/255 418/318/263
f 410/310/255 419/319/264 411/311/256
f 420/320/265 411/311/256 419/319/264
f 411/311/256 420/320/265 412/312/257
f 421/321/266 412/312/257 420/320/265
f 413/313/258 422/322/267 414/314/259
f 423/323/161 414/314/259 422/322/267
f 414/314/259 423/323/161 415/315/260
f 424/324/268 415/315/260 423/323/161
f 415/315/260 424/324/268 416/316/261
f 425/325/269 416/316/261 424/324/268
f 416/316/261 425/325/269 417/317/262
f 426/326/270 417/317/262 425/325/269
f 417/317/262 426/326/270 418/318/263
f 427/327/169 418/318/263 426/326/270
f 418/318/263 427/327/169 419/319/264
f 428/328/271 419/319/264 427/327/169
f 419/319/264 428/328/271 420/320/265
f 429/329/173 420/320/265 428/328/271
f 420/320/265 429/329/173 421/321/266
f 430/330/175 421/321/266 429/329/173
o bell_3
v 0.950000 2.392538 -12.750000
v 0.950000 2.359513 -13.037500
v 0.950000 2.292424 -13.325000
v 0.950000 2.201007 -13.612500
v 0.950000 2.089051 -13.900000
v 0.950000 1.958831 -14.187500
v 0.950000 1.811926 -14.475000
v 0.950000 1.649517 -14.762500
v 0.950000 1.472537 -15.050000
v 1.090000 2.430051 -12.750000
v 1.106513 2.401450 -13.037500
v 1.140057 2.343350 -13.325000
v 1.185765 2.264180 -13.612500
v 1.241743 2.167223 -13.900000
v 1.306853 2.054450 -14.187500
v 1.380306 1.927226 -14.475000
v 1.461510 1.786576 -14.762500
v 1.550000 1.633307 -15.050000
v 1.192487 2.532538 -12.750000
v 1.221088 2.516025 -13.037500
v 1.279188 2.482481 -13.325000
v 1.358357 2.436772 -13.612500
v 1.455314 2.380794 -13.900000
v 1.568088 2.315685 -14.187500
v 1.695312 2.242232 -14.475000
v 1.835962 2.161027 -14.762500
v 1.989231 2.072537 -15.050000
v 1.230000 2.672538 -12.750000
v 1.263025 2.672538 -13.037500
v 1.330113 2.672538 -13.325000
v 1.421530 2.672538 -13.612500
v 1.533487 2.672538 -13.900000
v 1.663706 2.672538 -14.187500
v 1.810612 2.672538 -14.475000
v 1.973020 2.672538 -14.762500
v 2.150000 2.672538 -15.050000
v 1.192487 2.812538 -12.750000
v 1.221088 2.829050 -13.037500
v 1.279188 2.862594 -13.325000
v 1.358357 2.908303 -13.612500
v 1.455314 2.964281 -13.900000
v 1.568088 3.029391 -14.187500
v 1.695312 3.102843 -14.475000
v 1.835962 3.184048 -14.762500
v 1.989231 3.272537 -15.050000
v 1.090000 2.915025 -12.750000
v 1.106513 2.943625 -13.037500
v 1.140057 3.001725 -13.325000
v 1.185765 3.080895 -13.612500
v 1.241743 3.177852 -13.900000
v 1.306853 3.290626 -14.187500
v 1.380306 3.417849 -14.475000
v 1.461510 3.558499 -14.762500
v 1.550000 3.711768 -15.050000
v 0.950000 2.952538 -12.750000
v 0.950000 2.985563 -13.037500
v 0.950000 3.052651 -13.325000
v 0.950000 3.144068 -13.612500
v 0.950000 3.256025 -13.900000
v 0.950000 3.386244 -14.187500
v 0.950000 3.533149 -14.475000
v 0.950000 3.695558 -14.762500
v 0.950000 3.872538 -15.050000
v 0.810000 2.915025 -12.750000
v 0.793487 2.943625 -13.037500
v 0.759943 3.001725 -13.325000
v 0.714235 3.080895 -13.612500
v 0.658257 3.177852 -13.900000
v 0.593147 3.290626 -14.187500
v 0.519694 3.417849 -14.475000
v 0.438490 3.558499 -14.762500
v 0.350000 3.711768 -15.050000
v 0.707513 2.812538 -12.750000
v 0.678912 2.829050 -13.037500
v 0.620812 2.862594 -13.325000
v 0.541643 2.908303 -13.612500
v 0.444686 2.964281 -13.900000
v 0.331912 3.029391 -14.187500
v 0.204688 3.102843 -14.475000
v 0.064038 3.184048 -14.762500
v -0.089230 3.272537 -15.050000
v 0.670000 2.672538 -12.750000
v 0.636975 2.672538 -13.037500
v 0.569887 2.672538 -13.325000
v 0.478470 2.672538 -13.612500
v 0.366513 2.672538 -13.900000
v 0.236294 2.672538 -14.187500
v 0.089388 2.672538 -14.475000
v -0.073020 2.672538 -14.762500
v -0.250000 2.672538 -15.050000
v 0.707513 2.532538 -12.750000
v 0.678912 2.516025 -13.037500
v 0.620812 2.482481 -13.325000
v 0.541643 2.436772 -13.612500
v 0.444686 2.380794 -13.900000
v 0.331912 2.315685 -14.187500
v 0.204688 2.242232 -14.475000
v 0.064038 2.161027 -14.762500
v -0.089230 2.072537 -15.050000
v 0.810000 2.430051 -12.750000
v 0.793487 2.401450 -13.037500
v 0.759943 2.343350 -13.325000
v 0.714235 2.264180 -13.612500
v 0.658257 2.167223 -13.900000
v 0.593147 2.054450 -14.187500
v 0.519694 1.927226 -14.475000
v 0.438490 1.786576 -14.762500
v 0.350000 1.633307 -15.050000
v 0.950000 2.392538 -12.750000
v 0.950000 2.359513 -13.037500
v 0.950000 2.292424 -13.325000
v 0.950000 2.201007 -13.612500
v 0.950000 2.089051 -13.900000
v 0.950000 1.958831 -14.187500
v 0.950000 1.811926 -14.475000
v 0.950000 1.649517 -14.762500
v 0.950000 1.472537 -15.050000
vn -0.0001 0.9935 -0.1141
vn -0.4967 0.8604 -0.1141
vn -0.0000 0.9852 -0.1715
vn -0.4926 0.8532 -0.1716
vn -0.0000 0.9640 -0.2658
vn -0.4820 0.8349 -0.2658
vn -0.0001 0.9428 -0.3335
vn -0.4714 0.8165 -0.3334
vn -0.0001 0.9216 -0.3882
vn -0.4608 0.7981 -0.3881
vn -0.0000 0.9008 -0.4342
vn -0.4504 0.7801 -0.4342
vn -0.0001 0.8807 -0.4737
vn -0.4403 0.7627 -0.4737
vn -0.0000 0.8612 -0.5083
vn -0.4306 0.7458 -0.5083
vn -0.0000 0.8516 -0.5242
vn -0.4258 0.7375 -0.5242
vn -0.8604 0.4967 -0.1141
vn -0.8532 0.4926 -0.1716
vn -0.8349 0.4820 -0.2658
vn -0.8165 0.4714 -0.3334
vn -0.7981 0.4608 -0.3882
vn -0.7801 0.4504 -0.4342
vn -0.7627 0.4403 -0.4738
vn -0.7458 0.4306 -0.5083
vn -0.7375 0.4258 -0.5242
vn -0.9935 -0.0000 -0.1141
vn -0.9852 -0.0000 -0.1716
vn -0.9641 -0.0000 -0.2657
vn -0.9427 -0.0000 -0.3335
vn -0.9216 -0.0000 -0.3882
vn -0.9008 -0.0000 -0.4342
vn -0.8806 -0.0000 -0.4738
vn -0.8612 -0.0000 -0.5083
vn -0.8516 -0.0000 -0.5242
vn -0.8604 -0.4967 -0.1141
vn -0.8532 -0.4926 -0.1716
vn -0.8349 -0.4820 -0.2658
vn -0.8164 -0.4714 -0.3335
vn -0.7981 -0.4608 -0.3882
vn -0.7801 -0.4504 -0.4342
vn -0.7627 -0.4403 -0.4738
vn -0.7458 -0.4306 -0.5083
vn -0.7375 -0.4258 -0.5242
vn -0.4967 -0.8604 -0.1141
vn -0.4926 -0.8532 -0.1715
vn -0.4820 -0.8349 -0.2658
vn -0.4714 -0.8165 -0.3335
vn -0.4608 -0.7981 -0.3882
vn -0.4504 -0.7801 -0.4342
vn -0.4403 -0.7627 -0.4738
vn -0.4306 -0.7458 -0.5083
vn -0.4258 -0.7375 -0.5242
vn -0.0000 -0.9935 -0.1141
vn -0.0000 -0.9852 -0.1715
vn -0.0000 -0.9640 -0.2658
vn -0.0000 -0.9427 -0.3336
vn -0.0000 -0.9216 -0.3881
vn -0.0000 -0.9008 -0.4343
vn -0.0000 -0.8807 -0.4737
vn -0.0000 -0.8612 -0.5083
vn -0.0000 -0.8516 -0.5242
vn 0.4967 -0.8604 -0.1141
vn 0.4926 -0.8532 -0.1716
vn 0.4820 -0.8349 -0.2658
vn 0.4714 -0.8165 -0.3335
vn 0.4608 -0.7981 -0.3881
vn 0.4504 -0.7801 -0.4342
vn 0.4403 -0.7627 -0.4738
vn 0.4306 -0.7458 -0.5083
vn 0.4258 -0.7375 -0.5242
vn 0.8604 -0.4967 -0.1141
vn 0.8532 -0.4926 -0.1716
vn 0.8349 -0.4820 -0.2658
vn 0.8165 -0.4714 -0.3334
vn 0.7981 -0.4608 -0.3882
vn 0.7801 -0.4504 -0.4342
vn 0.7627 -0.4403 -0.4738
vn 0.7458 -0.4306 -0.5083
vn 0.7375 -0.4258 -0.5242
vn 0.9935 -0.0000 -0.1141
vn 0.9852 -0.0000 -0.1715
vn 0.9640 -0.0000 -0.2658
vn 0.9427 -0.0000 -0.3335
vn 0.9216 -0.0000 -0.3882
vn 0.9008 -0.0000 -0.4342
vn 0.8806 -0.0000 -0.4738
vn 0.8612 -0.0000 -0.5083
vn 0.8516 -0.0000 -0.5242
vn 0.8604 0.4967 -0.1141
vn 0.8532 0.4926 -0.1716
vn 0.8349 0.4820 -0.2658
vn 0.8165 0.4714 -0.3334
vn 0.7981 0.4608 -0.3881
vn 0.7802 0.4504 -0.4341
vn 0.7627 0.4403 -0.4737
vn 0.7458 0.4306 -0.5084
vn 0.7375 0.4258 -0.5242
vn 0.4967 0.8604 -0.1141
vn 0.4926 0.8532 -0.1716
vn 0.4820 0.8349 -0.2657
vn 0.4714 0.8165 -0.3335
vn 0.4608 0.7981 -0.3881
vn 0.4504 0.7801 -0.4343
vn 0.4403 0.7627 -0.4737
vn 0.4306 0.7458 -0.5083
vn 0.4258 0.7375 -0.5242
vn 0.0001 0.9935 -0.1141
vn -0.0000 0.9428 -0.3335
vn 0.0001 0.9216 -0.3882
vn -0.0000 0.8807 -0.4737
vt 0.000000 0.000000
vt 0.083333 0.000000
vt 0.000000 0.125000
vt 0.083333 0.125000
vt 0.000000 0.250000
vt 0.083333 0.250000
vt 0.000000 0.375000
vt 0.083333 0.375000
vt 0.000000 0.500000
vt 0.083333 0.500000
vt 0.000000 0.625000
vt 0.083333 0.625000
vt 0.000000 0.750000
vt 0.083333 0.750000
vt 0.000000 0.875000
vt 0.083333 0.875000
vt 0.000000 1.000000
vt 0.083333 1.000000
vt 0.166667 0.000000
vt 0.166667 0.125000
vt 0.166667 0.250000
vt 0.166667 0.375000
vt 0.166667 0.500000
vt 0.166667 0.625000
vt 0.166667 0.750000
vt 0.166667 0.875000
vt 0.166667 1.000000
vt 0.250000 0.000000
vt 0.250000 0.125000
vt 0.250000 0.250000
vt 0.250000 0.375000
vt 0.250000 0.500000
vt 0.250000 0.625000
vt 0.250000 0.750000
vt 0.250000 0.875000
vt 0.250000 1.000000
vt 0.333333 0.000000
vt 0.333333 0.125000
vt 0.333333 0.250000
vt 0.333333 0.375000
vt 0.333333 0.500000
vt 0.333333 0.625000
vt 0.333333 0.750000
vt 0.333333 0.875000
vt 0.333333 1.000000
vt 0.416667 0.000000
vt 0.416667 0.125000
vt 0.416667 0.250000
vt 0.416667 0.375000
vt 0.416667 0.500000
vt 0.416667 0.625000
vt 0.416667 0.750000
vt 0.416667 0.875000
vt 0.416667 1.000000
vt 0.500000 0.000000
vt 0.500000 0.125000
vt 0.500000 0.250000
vt 0.500000 0.375000
vt 0.500000 0.500000
vt 0.500000 0.625000
vt 0.500000 0.750000
vt 0.500000 0.875000
vt 0.500000 1.000000
vt 0.583333 0.000000
vt 0.583333 0.125000
vt 0.583333 0.250000
vt 0.583333 0.375000
vt 0.583333 0.500000
vt 0.583333 0.625000
vt 0.583333 0.750000
vt 0.583333 0.875000
vt 0.583333 1.000000
vt 0.666667 0.000000
vt 0.666667 0.125000
vt 0.666667 0.250000
vt 0.666667 0.375000
vt 0.666667 0.500000
vt 0.666667 0.625000
vt 0.666667 0.750000
vt 0.666667 0.875000
vt 0.666667 1.000000
vt 0.750000 0.000000
vt 0.750000 0.125000
vt 0.750000 0.250000
vt 0.750000 0.375000
vt 0.750000 0.500000
vt 0.750000 0.625000
vt 0.750000 0.750000
vt 0.750000 0.875000
vt 0.750000 1.000000
vt 0.833333 0.000000
vt 0.833333 0.125000
vt 0.833333 0.250000
vt 0.833333 0.375000
vt 0.833333 0.500000
vt 0.833333 0.625000
vt 0.833333 0.750000
vt 0.833333 0.875000
vt 0.833333 1.000000
vt 0.916667 0.000000
vt 0.916667 0.125000
vt 0.916667 0.250000
vt 0.916667 0.375000
vt 0.916667 0.500000
vt 0.916667 0.625000
vt 0.916667 0.750000
vt 0.916667 0.875000
vt 0.916667 1.000000
vt 1.000000 0.000000
vt 1.000000 0.125000
vt 1.000000 0.250000
vt 1.000000 0.375000
vt 1.000000 0.500000
vt 1.000000 0.625000
vt 1.000000 0.750000
vt 1.000000 0.875000
vt 1.000000 1.000000
s 1
usemtl nozzle_scorched
f 431/331/272 440/332/273 432/333/274
f 441/334/275 432/333/274 440/332/273
f 432/333/274 441/334/275 433/335/276
f 442/336/277 433/335/276 441/334/275
f 433/335/276 442/336/277 434/337/278
f 443/338/279 434/337/278 442/336/277
f 434/337/278 443/338/279 435/339/280
f 444/340/281 435/339/280 443/338/279
f 435/339/280 444/340/281 436/341/282
f 445/342/283 436/341/282 444/340/281
f 436/341/282 445/342/283 437/343/284
f 446/344/285 437/343/284 445/342/283
f 437/343/284 446/344/285 438/345/286
f 447/346/287 438/345/286 446/344/285
f 438/345/286 447/346/287 439/347/288
f 448/348/289 439/347/288 447/346/287
f 440/332/273 449/349/290 441/334/275
f 450/350/291 441/334/275 449/349/290
f 441/334/275 450/350/291 442/336/277
f 451/351/292 442/336/277 450/350/291
f 442/336/277 451/351/292 443/338/279
f 452/352/293 443/338/279 451/351/292
f 443/338/279 452/352/293 444/340/281
f 453/353/294 444/340/281 452/352/293
f 444/340/281 453/353/294 445/342/283
f 454/354/295 445/342/283 453/353/294
f 445/342/283 454/354/295 446/344/285
f 455/355/296 446/344/285 454/354/295
f 446/344/285 455/355/296 447/346/287
f 456/356/297 447/346/287 455/355/296
f 447/346/287 456/356/297 448/348/289
f 457/357/298 448/348/289 456/356/297
f 449/349/290 458/358/299 450/350/291
f 459/359/300 450/350/291 458/358/299
f 450/350/291 459/359/300 451/351/292
f 460/360/301 451/351/292 459/359/300
f 451/351/292 460/360/301 452/352/293
f 461/361/302 452/352/293 460/360/301
f 452/352/293 461/361/302 453/353/294
f 462/362/303 453/353/294 461/361/302
f 453/353/294 462/362/303 454/354/295
f 463/363/304 454/354/295 462/362/303
f 454/354/295 463/363/304 455/355/296
f 464/364/305 455/355/296 463/363/304
f 455/355/296 464/364/305 456/356/297
f 465/365/306 456/356/297 464/364/305
f 456/356/297 465/365/306 457/357/298
f 466/366/307 457/357/298 465/365/306
f 458/358/299 467/367/308 459/359/300
f 468/368/309 459/359/300 467/367/308
f 459/359/300 468/368/309 460/360/301
f 469/369/310 460/360/301 468/368/309
f 460/360/301 469/369/310 461/361/302
f 470/370/311 461/361/302 469/369/310
f 461/361/302 470/370/311 462/362/303
f 471/371/312 462/362/303 470/370/311
f 462/362/303 471/371/312 463/363/304
f 472/372/313 463/363/304 471/371/312
f 463/363/304 472/372/313 464/364/305
f 473/373/314 464/364/305 472/372/313
f 464/364/305 473/373/314 465/365/306
f 474/374/315 465/365/306 473/373/314
f 465/365/306 474/374/315 466/366/307
f 475/375/316 466/366/307 474/374/315
f 467/367/308 476/376/317 468/368/309
f 477/377/318 468/368/309 476/376/317
f 468/368/309 477/377/318 469/369/310
f 478/378/319 469/369/310 477/377/318
f 469/369/310 478/378/319 470/370/311
f 479/379/320 470/370/311 478/378/319
f 470/370/311 479/379/320 471/371/312
f 480/380/321 471/371/312 479/379/320
f 471/371/312 480/380/321 472/372/313
f 481/381/322 472/372/313 480/380/321
f 472/372/313 481/381/322 473/373/314
f 482/382/323 473/373/314 481/381/322
f 473/373/314 482/382/323 474/374/315
f 483/383/324 474/374/315 482/382/323
f 474/374/315 483/383/324 475/375/316
f 484/384/325 475/375/316 483/383/324
f 476/376/317 485/385/326 477/377/318
f 486/386/327 477/377/318 485/385/326
f 477/377/318 486/386/327 478/378/319
f 487/387/328 478/378/319 486/386/327
f 478/378/319 487/387/328 479/379/320
f 488/388/329 479/379/320 487/387/328
f 479/379/320 488/388/329 480/380/321
f 489/389/330 480/380/321 488/388/329
f 480/380/321 489/389/330 481/381/322
f 490/390/331 481/381/322 489/389/330
f 481/381/322 490/390/331 482/382/323
f 491/391/332 482/382/323 490/390/331
f 482/382/323 491/391/332 483/383/324
f 492/392/333 483/383/324 491/391/332
f 483/383/324 492/392/333 484/384/325
f 493/393/334 484/384/325 492/392/333
f 485/385/326 494/394/335 486/386/327
f 495/395/336 486/386/327 494/394/335
f 486/386/327 495/395/336 487/387/328
f 496/396/337 487/387/328 495/395/336
f 487/387/328 496/396/337 488/388/329
f 497/397/338 488/388/329 496/396/337
f 488/388/329 497/397/338 489/389/330
f 498/398/339 489/389/330 497/397/338
f 489/389/330 498/398/339 490/390/331
f 499/399/340 490/390/331 498/398/339
f 490/390/331 499/399/340 491/391/332
f 500/400/341 491/391/332 499/399/340
f 491/391/332 500/400/341 492/392/333
f 501/401/342 492/392/333 500/400/341
f 492/392/333 501/401/342 493/393/334
f 502/402/343 493/393/334 501/401/342
f 494/394/335 503/403/344 495/395/336
f 504/404/345 495/395/336 503/403/344
f 495/395/336 504/404/345 496/396/337
f 505/405/346 496/396/337 504/404/345
f 496/396/337 505/405/346 497/397/338
f 506/406/347 497/397/338 505/405/346
f 497/397/338 506/406/347 498/398/339
f 507/407/348 498/398/339 506/406/347
f 498/398/339 507/407/348 499/399/340
f 508/408/349 499/399/340 507/407/348
f 499/399/340 508/408/349 500/400/341
f 509/409/350 500/400/341 508/408/349
f 500/400/341 509/409/350 501/401/342
f 510/410/351 501/401/342 509/409/350
f 501/401/342 510/410/351 502/402/343
f 511/411/352 502/402/343 510/410/351
f 503/403/344 512/412/353 504/404/345
f 513/413/354 504/404/345 512/412/353
f 504/404/345 513/413/354 505/405/346
f 514/414/355 505/405/346 513/413/354
f 505/405/346 514/414/355 506/406/347
f 515/415/356 506/406/347 514/414/355
f 506/406/347 515/415/356 507/407/348
f 516/416/357 507/407/348 515/415/356
f 507/407/348 516/416/357 508/408/349
f 517/417/358 508/408/349 516/416/357
f 508/408/349 517/417/358 509/409/350
f 518/418/359 509/409/350 517/417/358
f 509/409/350 518/418/359 510/410/351
f 519/419/360 510/410/351 518/418/359
f 510/410/351 519/419/360 511/411/352
f 520/420/361 511/411/352 519/419/360
f 512/412/353 521/421/362 513/413/354
f 522/422/363 513/413/354 521/421/362
f 513/413/354 522/422/363 514/414/355
f 523/423/364 514/414/355 522/422/363
f 514/414/355 523/423/364 515/415/356
f 524/424/365 515/415/356 523/423/364
f 515/415/356 524/424/365 516/416/357
f 525/425/366 516/416/357 524/424/365
f 516/416/357 525/425/366 517/417/358
f 526/426/367 517/417/358 525/425/366
f 517/417/358 526/426/367 518/418/359
f 527/427/368 518/418/359 526/426/367
f 518/418/359 527/427/368 519/419/360
f 528/428/369 519/419/360 527/427/368
f 519/419/360 528/428/369 520/420/361
f 529/429/370 520/420/361 528/428/369
f 521/421/362 530/430/371 522/422/363
f 531/431/372 522/422/363 530/430/371
f 522/422/363 531/431/372 523/423/364
f 532/432/373 523/423/364 531/431/372
f 523/423/364 532/432/373 524/424/365
f 533/433/374 524/424/365 532/432/373
f 524/424/365 533/433/374 525/425/366
f 534/434/375 525/425/366 533/433/374
f 525/425/366 534/434/375 526/426/367
f 535/435/376 526/426/367 534/434/375
f 526/426/367 535/435/376 527/427/368
f 536/436/377 527/427/368 535/435/376
f 527/427/368 536/436/377 528/428/369
f 537/437/378 528/428/369 536/436/377
f 528/428/369 537/437/378 529/429/370
f 538/438/379 529/429/370 537/437/378
f 530/430/371 539/439/380 531/431/372
f 540/440/274 531/431/372 539/439/380
f 531/431/372 540/440/274 532/432/373
f 541/441/276 532/432/373 540/440/274
f 532/432/373 541/441/276 533/433/374
f 542/442/381 533/433/374 541/441/276
f 533/433/374 542/442/381 534/434/375
f 543/443/382 534/434/375 542/442/381
f 534/434/375 543/443/382 535/435/376
f 544/444/282 535/435/376 543/443/382
f 535/435/376 544/444/282 536/436/377
f 545/445/383 536/436/377 544/444/282
f 536/436/377 545/445/383 537/437/378
f 546/446/286 537/437/378 545/445/383
f 537/437/378 546/446/286 538/438/379
f 547/447/288 538/438/379 546/446/286
o boom
v -2.300000 3.402539 -0.330000
v -2.300000 3.402539 -0.670000
v -2.300000 3.182539 -0.330000
v -2.300000 3.182539 -0.670000
v -9.700000 3.402539 -0.670000
v -9.700000 3.402539 -0.330000
v -9.700000 3.182539 -0.670000
v -9.700000 3.182539 -0.330000
v -9.700000 3.402539 -0.670000
v -2.300000 3.402539 -0.670000
v -9.700000 3.402539 -0.330000
v -2.300000 3.402539 -0.330000
v -9.700000 3.182539 -0.330000
v -2.300000 3.182539 -0.330000
v -9.700000 3.182539 -0.670000
v -2.300000 3.182539 -0.670000
v -9.700000 3.402539 -0.330000
v -2.300000 3.402539 -0.330000
v -9.700000 3.182539 -0.330000
v -2.300000 3.182539 -0.330000
v -2.300000 3.402539 -0.670000
v -9.700000 3.402539 -0.670000
v -2.300000 3.182539 -0.670000
v -9.700000 3.182539 -0.670000
vn 1.0000 -0.0000 -0.0000
vn -1.0000 -0.0000 -0.0000
vn -0.0000 1.0000 -0.0000
vn -0.0000 -1.0000 -0.0000
vn -0.0000 -0.0000 1.0000
vn -0.0000 -0.0000 -1.0000
vt 0.000000 1.000000
vt 0.000000 0.000000
vt 1.000000 1.000000
vt 1.000000 0.000000
s 1
usemtl frame_alloy
f 548/448/384 550/449/384 549/450/384
f 550/449/384 551/451/384 549/450/384
f 552/448/385 554/449/385 553/450/385
f 554/449/385 555/451/385 553/450/385
f 556/448/386 558/449/386 557/450/386
f 558/449/386 559/451/386 557/450/386
f 560/448/387 562/449/387 561/450/387
f 562/449/387 563/451/387 561/450/387
f 564/448/388 566/449/388 565/450/388
f 566/449/388 567/451/388 565/450/388
f 568/448/389 570/449/389 569/450/389
f 570/449/389 571/451/389 569/450/389
o boom.001
v 9.700000 3.402539 -0.330000
v 9.700000 3.402539 -0.670000
v 9.700000 3.182539 -0.330000
v 9.700000 3.182539 -0.670000
v 2.300000 3.402539 -0.670000
v 2.300000 3.402539 -0.330000
v 2.300000 3.182539 -0.670000
v 2.300000 3.182539 -0.330000
v 2.300000 3.402539 -0.670000
v 9.700000 3.402539 -0.670000
v 2.300000 3.402539 -0.330000
v 9.700000 3.402539 -0.330000
v 2.300000 3.182539 -0.330000
v 9.700000 3.182539 -0.330000
v 2.300000 3.182539 -0.670000
v 9.700000 3.182539 -0.670000
v 2.300000 3.402539 -0.330000
v 9.700000 3.402539 -0.330000
v 2.300000 3.182539 -0.330000
v 9.700000 3.182539 -0.330000
v 9.700000 3.402539 -0.670000
v 2.300000 3.402539 -0.670000
v 9.700000 3.182539 -0.670000
v 2.300000 3.182539 -0.670000
vn 1.0000 -0.0000 -0.0000
vn -1.0000 -0.0000 -0.0000
vn -0.0000 1.0000 -0.0000
vn -0.0000 -1.0000 -0.0000
vn -0.0000 -0.0000 1.0000
vn -0.0000 -0.0000 -1.0000
vt 0.000000 1.000000
vt 0.000000 0.000000
vt 1.000000 1.000000
vt 1.000000 0.000000
s 1
usemtl frame_alloy
f 572/452/390 574/453/390 573/454/390
f 574/453/390 575/455/390 573/454/390
f 576/452/391 578/453/391 577/454/391
f 578/453/391 579/455/391 577/454/391
f 580/452/392 582/453/392 581/454/392
f 582/453/392 583/455/392 581/454/392
f 584/452/393 586/453/393 585/454/393
f 586/453/393 587/455/393 585/454/393
f 588/452/394 590/453/394 589/454/394
f 590/453/394 591/455/394 589/454/394
f 592/452/395 594/453/395 593/454/395
f 594/453/395 595/455/395 593/454/395
o boom_root
v -2.300000 3.692539 -0.100000
v -2.300000 3.692539 -0.900000
v -2.300000 2.892539 -0.100000
v -2.300000 2.892539 -0.900000
v -3.200000 3.692539 -0.900000
v -3.200000 3.692539 -0.100000
v -3.200000 2.892539 -0.900000
v -3.200000 2.892539 -0.100000
v -3.200000 3.692539 -0.900000
v -2.300000 3.692539 -0.900000
v -3.200000 3.692539 -0.100000
v -2.300000 3.692539 -0.100000
v -3.200000 2.892539 -0.100000
v -2.300000 2.892539 -0.100000
v -3.200000 2.892539 -0.900000
v -2.300000 2.892539 -0.900000
v -3.200000 3.692539 -0.100000
v -2.300000 3.692539 -0.100000
v -3.200000 2.892539 -0.100000
v -2.300000 2.892539 -0.100000
v -2.300000 3.692539 -0.900000
v -3.200000 3.692539 -0.900000
v -2.300000 2.892539 -0.900000
v -3.200000 2.892539 -0.900000
vn 1.0000 -0.0000 -0.0000
vn -1.0000 -0.0000 -0.0000
vn -0.0000 1.0000 -0.0000
vn -0.0000 -1.0000 -0.0000
vn -0.0000 -0.0000 1.0000
vn -0.0000 -0.0000 -1.0000
vt 0.000000 1.000000
vt 0.000000 0.000000
vt 1.000000 1.000000
vt 1.000000 0.000000
s 1
usemtl hazard_amber
f 596/456/396 598/457/396 597/458/396
f 598/457/396 599/459/396 597/458/396
f 600/456/397 602/457/397 601/458/397
f 602/457/397 603/459/397 601/458/397
f 604/456/398 606/457/398 605/458/398
f 606/457/398 607/459/398 605/458/398
f 608/456/399 610/457/399 609/458/399
f 610/457/399 611/459/399 609/458/399
f 612/456/400 614/457/400 613/458/400
f 614/457/400 615/459/400 613/458/400
f 616/456/401 618/457/401 617/458/401
f 618/457/401 619/459/401 617/458/401
o boom_root.001
v 3.200000 3.692539 -0.100000
v 3.200000 3.692539 -0.900000
v 3.200000 2.892539 -0.100000
v 3.200000 2.892539 -0.900000
v 2.300000 3.692539 -0.900000
v 2.300000 3.692539 -0.100000
v 2.300000 2.892539 -0.900000
v 2.300000 2.892539 -0.100000
v 2.300000 3.692539 -0.900000
v 3.200000 3.692539 -0.900000
v 2.300000 3.692539 -0.100000
v 3.200000 3.692539 -0.100000
v 2.300000 2.892539 -0.100000
v 3.200000 2.892539 -0.100000
v 2.300000 2.892539 -0.900000
v 3.200000 2.892539 -0.900000
v 2.300000 3.692539 -0.100000
v 3.200000 3.692539 -0.100000
v 2.300000 2.892539 -0.100000
v 3.200000 2.892539 -0.100000
v 3.200000 3.692539 -0.900000
v 2.300000 3.692539 -0.900000
v 3.200000 2.892539 -0.900000
v 2.300000 2.892539 -0.900000
vn 1.0000 -0.0000 -0.0000
vn -1.0000 -0.0000 -0.0000
vn -0.0000 1.0000 -0.0000
vn -0.0000 -1.0000 -0.0000
vn -0.0000 -0.0000 1.0000
vn -0.0000 -0.0000 -1.0000
vt 0.000000 1.000000
vt 0.000000 0.000000
vt 1.000000 1.000000
vt 1.000000 0.000000
s 1
usemtl hazard_amber
f 620/460/402 622/461/402 621/462/402
f 622/461/402 623/463/402 621/462/402
f 624/460/403 626/461/403 625/462/403
f 626/461/403 627/463/403 625/462/403
f 628/460/404 630/461/404 629/462/404
f 630/461/404 631/463/404 629/462/404
f 632/460/405 634/461/405 633/462/405
f 634/461/405 635/463/405 633/462/405
f 636/460/406 638/461/406 637/462/406
f 638/461/406 639/463/406 637/462/406
f 640/460/407 642/461/407 641/462/407
f 642/461/407 643/463/407 641/462/407
o chin_sensor
v 0.500000 1.650033 12.454368
v 0.500000 2.198669 10.951371
v 0.500000 1.086410 12.248629
v 0.500000 1.635046 10.745632
v -0.500000 2.198669 10.951371
v -0.500000 1.650033 12.454368
v -0.500000 1.635046 10.745632
v -0.500000 1.086410 12.248629
v -0.500000 2.198669 10.951371
v 0.500000 2.198669 10.951371
v -0.500000 1.650033 12.454368
v 0.500000 1.650033 12.454368
v -0.500000 1.086410 12.248629
v 0.500000 1.086410 12.248629
v -0.500000 1.635046 10.745632
v 0.500000 1.635046 10.745632
v -0.500000 1.650033 12.454368
v 0.500000 1.650033 12.454368
v -0.500000 1.086410 12.248629
v 0.500000 1.086410 12.248629
v 0.500000 2.198669 10.951371
v -0.500000 2.198669 10.951371
v 0.500000 1.635046 10.745632
v -0.500000 1.635046 10.745632
vn 1.0000 -0.0000 -0.0000
vn -1.0000 -0.0000 -0.0000
vn -0.0000 0.9394 0.3429
vn -0.0000 -0.9394 -0.3429
vn -0.0000 -0.3429 0.9394
vn -0.0000 0.3429 -0.9394
vt 0.000000 1.000000
vt 0.000000 0.000000
vt 1.000000 1.000000
vt 1.000000 0.000000
s 1
usemtl panel_dark
f 644/464/408 646/465/408 645/466/408
f 646/465/408 647/467/408 645/466/408
f 648/464/409 650/465/409 649/466/409
f 650/465/409 651/467/409 649/466/409
f 652/464/410 654/465/410 653/466/410
f 654/465/410 655/467/410 653/466/410
f 656/464/411 658/465/411 657/466/411
f 658/465/411 659/467/411 657/466/411
f 660/464/412 662/465/412 661/466/412
f 662/465/412 663/467/412 661/466/412
f 664/464/413 666/465/413 665/466/413
f 666/465/413 667/467/413 665/466/413
o crate_l
v -2.050000 2.892539 7.200000
v -2.050000 2.892539 5.200000
v -2.050000 1.892539 7.200000
v -2.050000 1.892539 5.200000
v -2.950000 2.892539 5.200000
v -2.950000 2.892539 7.200000
v -2.950000 1.892539 5.200000
v -2.950000 1.892539 7.200000
v -2.950000 2.892539 5.200000
v -2.050000 2.892539 5.200000
v -2.950000 2.892539 7.200000
v -2.050000 2.892539 7.200000
v -2.950000 1.892539 7.200000
v -2.050000 1.892539 7.200000
v -2.950000 1.892539 5.200000
v -2.050000 1.892539 5.200000
v -2.950000 2.892539 7.200000
v -2.050000 2.892539 7.200000
v -2.950000 1.892539 7.200000
v -2.050000 1.892539 7.200000
v -2.050000 2.892539 5.200000
v -2.950000 2.892539 5.200000
v -2.050000 1.892539 5.200000
v -2.950000 1.892539 5.200000
vn 1.0000 -0.0000 -0.0000
vn -1.0000 -0.0000 -0.0000
vn -0.0000 1.0000 -0.0000
vn -0.0000 -1.0000 -0.0000
vn -0.0000 -0.0000 1.0000
vn -0.0000 -0.0000 -1.0000
vt 0.000000 1.000000
vt 0.000000 0.000000
vt 1.000000 1.000000
vt 1.000000 0.000000
s 1
usemtl hazard_amber
f 668/468/414 670/469/414 669/470/414
f 670/469/414 671/471/414 669/470/414
f 672/468/415 674/469/415 673/470/415
f 674/469/415 675/471/415 673/470/415
f 676/468/416 678/469/416 677/470/416
f 678/469/416 679/471/416 677/470/416
f 680/468/417 682/469/417 681/470/417
f 682/469/417 683/471/417 681/470/417
f 684/468/418 686/469/418 685/470/418
f 686/469/418 687/471/418 685/470/418
f 688/468/419 690/469/419 689/470/419
f 690/469/419 691/471/419 689/470/419
o crate_r
v 2.950000 4.692539 7.199999
v 2.950000 4.692539 5.199999
v 2.950000 3.692539 7.199999
v 2.950000 3.692539 5.199999
v 2.050000 4.692539 5.199999
v 2.050000 4.692539 7.199999
v 2.050000 3.692539 5.199999
v 2.050000 3.692539 7.199999
v 2.050000 4.692539 5.199999
v 2.950000 4.692539 5.199999
v 2.050000 4.692539 7.199999
v 2.950000 4.692539 7.199999
v 2.050000 3.692539 7.199999
v 2.950000 3.692539 7.199999
v 2.050000 3.692539 5.199999
v 2.950000 3.692539 5.199999
v 2.050000 4.692539 7.199999
v 2.950000 4.692539 7.199999
v 2.050000 3.692539 7.199999
v 2.950000 3.692539 7.199999
v 2.950000 4.692539 5.199999
v 2.050000 4.692539 5.199999
v 2.950000 3.692539 5.199999
v 2.050000 3.692539 5.199999
vn 1.0000 -0.0000 -0.0000
vn -1.0000 -0.0000 -0.0000
vn -0.0000 1.0000 -0.0000
vn -0.0000 -1.0000 -0.0000
vn -0.0000 -0.0000 1.0000
vn -0.0000 -0.0000 -1.0000
vt 0.000000 1.000000
vt 0.000000 0.000000
vt 1.000000 1.000000
vt 1.000000 0.000000
s 1
usemtl panel_dark
f 692/472/420 694/473/420 693/474/420
f 694/473/420 695/475/420 693/474/420
f 696/472/421 698/473/421 697/474/421
f 698/473/421 699/475/421 697/474/421
f 700/472/422 702/473/422 701/474/422
f 702/473/422 703/475/422 701/474/422
f 704/472/423 706/473/423 705/474/423
f 706/473/423 707/475/423 705/474/423
f 708/472/424 710/473/424 709/474/424
f 710/473/424 711/475/424 709/474/424
f 712/472/425 714/473/425 713/474/425
f 714/473/425 715/475/425 713/474/425
o dish_feed
v 0.000000 6.495278 -0.034452
v 0.034641 6.495356 -0.014452
v 0.034641 6.495512 0.025548
v 0.000000 6.495590 0.045547
v -0.034641 6.495512 0.025548
v -0.034641 6.495356 -0.014452
v -0.000000 6.495278 -0.034452
v 0.000000 7.395271 -0.037951
v 0.034641 7.395350 -0.017952
v 0.034641 7.395505 0.022048
v 0.000000 7.395583 0.042048
v -0.034641 7.395505 0.022048
v -0.034641 7.395350 -0.017952
v -0.000000 7.395271 -0.037951
v 0.000000 6.495434 0.005548
v 0.000000 6.495434 0.005548
v 0.000000 6.495434 0.005548
v 0.000000 6.495434 0.005548
v 0.000000 6.495434 0.005548
v 0.000000 6.495434 0.005548
v 0.000000 6.495278 -0.034452
v 0.034641 6.495356 -0.014452
v 0.034641 6.495512 0.025548
v 0.000000 6.495590 0.045547
v -0.034641 6.495512 0.025548
v -0.034641 6.495356 -0.014452
v -0.000000 6.495278 -0.034452
v 0.000000 7.395427 0.002048
v 0.000000 7.395427 0.002048
v 0.000000 7.395427 0.002048
v 0.000000 7.395427 0.002048
v 0.000000 7.395427 0.002048
v 0.000000 7.395427 0.002048
v 0.000000 7.395271 -0.037951
v 0.034641 7.395350 -0.017952
v 0.034641 7.395505 0.022048
v 0.000000 7.395583 0.042048
v -0.034641 7.395505 0.022048
v -0.034641 7.395350 -0.017952
v -0.000000 7.395271 -0.037951
vn -0.0000 -0.0039 -1.0000
vn 0.8660 -0.0019 -0.5000
vn 0.8660 0.0019 0.5000
vn -0.0000 0.0039 1.0000
vn -0.8660 0.0019 0.5000
vn -0.8660 -0.0019 -0.5000
vn -0.0000 -1.0000 0.0039
vn -0.0000 -1.0000 0.0038
vn -0.0000 1.0000 -0.0039
vt 0.000000 1.000000
vt 0.000000 0.000000
vt 0.166667 1.000000
vt 0.166667 0.000000
vt 0.333333 1.000000
vt 0.333333 0.000000
vt 0.500000 1.000000
vt 0.500000 0.000000
vt 0.666667 1.000000
vt 0.666667 0.000000
vt 0.833333 1.000000
vt 0.833333 0.000000
vt 1.000000 1.000000
vt 1.000000 0.000000
vt 1.000000 0.500000
vt 0.750000 0.933013
vt 0.500000 0.500000
vt 0.250000 0.933013
vt 0.000000 0.500000
vt 0.250000 0.066987
vt 0.750000 0.066987
s 1
usemtl nozzle_steel
f 716/476/426 723/477/426 717/478/427
f 723/477/426 724/479/427 717/478/427
f 717/478/427 724/479/427 718/480/428
f 724/479/427 725/481/428 718/480/428
f 718/480/428 725/481/428 719/482/429
f 725/481/428 726/483/429 719/482/429
f 719/482/429 726/483/429 720/484/430
f 726/483/429 727/485/430 720/484/430
f 720/484/430 727/485/430 721/486/431
f 727/485/430 728/487/431 721/486/431
f 721/486/431 728/487/431 722/488/426
f 728/487/431 729/489/426 722/488/426
f 736/490/432 737/491/432 730/492/432
f 737/491/433 738/493/433 731/492/433
f 738/493/432 739/494/432 732/492/432
f 739/494/432 740/495/432 733/492/432
f 740/495/433 741/496/433 734/492/433
f 741/496/432 742/490/432 735/492/432
f 750/496/434 749/490/434 743/492/434
f 751/495/434 750/496/434 744/492/434
f 752/494/434 751/495/434 745/492/434
f 753/493/434 752/494/434 746/492/434
f 754/491/434 753/493/434 747/492/434
f 755/490/434 754/491/434 748/492/434
o dish_hinge
v 0.170000 8.062539 5.369999
v 0.170000 8.062539 5.030000
v 0.170000 7.722539 5.369999
v 0.170000 7.722539 5.030000
v -0.170000 8.062539 5.030000
v -0.170000 8.062539 5.369999
v -0.170000 7.722539 5.030000
v -0.170000 7.722539 5.369999
v -0.170000 8.062539 5.030000
v 0.170000 8.062539 5.030000
v -0.170000 8.062539 5.369999
v 0.170000 8.062539 5.369999
v -0.170000 7.722539 5.369999
v 0.170000 7.722539 5.369999
v -0.170000 7.722539 5.030000
v 0.170000 7.722539 5.030000
v -0.170000 8.062539 5.369999
v 0.170000 8.062539 5.369999
v -0.170000 7.722539 5.369999
v 0.170000 7.722539 5.369999
v 0.170000 8.062539 5.030000
v -0.170000 8.062539 5.030000
v 0.170000 7.722539 5.030000
v -0.170000 7.722539 5.030000
vn 1.0000 -0.0000 -0.0000
vn -1.0000 -0.0000 -0.0000
vn -0.0000 1.0000 -0.0000
vn -0.0000 -1.0000 -0.0000
vn -0.0000 -0.0000 1.0000
vn -0.0000 -0.0000 -1.0000
vt 0.000000 1.000000
vt 0.000000 0.000000
vt 1.000000 1.000000
vt 1.000000 0.000000
s 1
usemtl hazard_amber
f 756/497/435 758/498/435 757/499/435
f 758/498/435 759/500/435 757/499/435
f 760/497/436 762/498/436 761/499/436
f 762/498/436 763/500/436 761/499/436
f 764/497/437 766/498/437 765/499/437
f 766/498/437 767/500/437 765/499/437
f 768/497/438 770/498/438 769/499/438
f 770/498/438 771/500/438 769/499/438
f 772/497/439 774/498/439 773/499/439
f 774/498/439 775/500/439 773/499/439
f 776/497/440 778/498/440 777/499/440
f 778/498/440 779/500/440 777/499/440
o dish_mast
v 0.070000 7.892539 5.270000
v 0.070000 7.892539 5.130000
v 0.070000 5.692539 5.270000
v 0.070000 5.692539 5.130000
v -0.070000 7.892539 5.130000
v -0.070000 7.892539 5.270000
v -0.070000 5.692539 5.130000
v -0.070000 5.692539 5.270000
v -0.070000 7.892539 5.130000
v 0.070000 7.892539 5.130000
v -0.070000 7.892539 5.270000
v 0.070000 7.892539 5.270000
v -0.070000 5.692539 5.270000
v 0.070000 5.692539 5.270000
v -0.070000 5.692539 5.130000
v 0.070000 5.692539 5.130000
v -0.070000 7.892539 5.270000
v 0.070000 7.892539 5.270000
v -0.070000 5.692539 5.270000
v 0.070000 5.692539 5.270000
v 0.070000 7.892539 5.130000
v -0.070000 7.892539 5.130000
v 0.070000 5.692539 5.130000
v -0.070000 5.692539 5.130000
vn 1.0000 -0.0000 -0.0000
vn -1.0000 -0.0000 -0.0000
vn -0.0000 1.0000 -0.0000
vn -0.0000 -1.0000 -0.0000
vn -0.0000 -0.0000 1.0000
vn -0.0000 -0.0000 -1.0000
vt 0.000000 1.000000
vt 0.000000 0.000000
vt 1.000000 1.000000
vt 1.000000 0.000000
s 1
usemtl frame_alloy
f 780/501/441 782/502/441 781/503/441
f 782/502/441 783/504/441 781/503/441
f 784/501/442 786/502/442 785/503/442
f 786/502/442 787/504/442 785/503/442
f 788/501/443 790/502/443 789/503/443
f 790/502/443 791/504/443 789/503/443
f 792/501/444 794/502/444 793/503/444
f 794/502/444 795/504/444 793/503/444
f 796/501/445 798/502/445 797/503/445
f 798/502/445 799/504/445 797/503/445
f 800/501/446 802/502/446 801/503/446
f 802/502/446 803/504/446 801/503/446
o dish_reflector
v 0.000000 8.051838 5.250469
v 0.106066 8.092687 5.266643
v 0.150000 8.191304 5.305688
v 0.106066 8.289922 5.344734
v 0.000000 8.330770 5.360907
v -0.106066 8.289922 5.344734
v -0.150000 8.191304 5.305688
v -0.106066 8.092687 5.266643
v -0.000000 8.051838 5.250469
v 0.000000 7.417508 4.407780
v 0.742462 7.703450 4.520992
v 1.050000 8.393773 4.794311
v 0.742462 9.084097 5.067629
v 0.000000 9.370038 5.180842
v -0.742462 9.084097 5.067629
v -1.050000 8.393773 4.794311
v -0.742462 7.703450 4.520992
v -0.000000 7.417508 4.407780
v 0.000000 8.191304 5.305688
v 0.000000 8.191304 5.305688
v 0.000000 8.191304 5.305688
v 0.000000 8.191304 5.305688
v 0.000000 8.191304 5.305688
v 0.000000 8.191304 5.305688
v 0.000000 8.191304 5.305688
v 0.000000 8.191304 5.305688
v 0.000000 8.051838 5.250469
v 0.106066 8.092687 5.266643
v 0.150000 8.191304 5.305688
v 0.106066 8.289922 5.344734
v 0.000000 8.330770 5.360907
v -0.106066 8.289922 5.344734
v -0.150000 8.191304 5.305688
v -0.106066 8.092687 5.266643
v -0.000000 8.051838 5.250469
v 0.000000 8.393773 4.794311
v 0.000000 8.393773 4.794311
v 0.000000 8.393773 4.794311
v 0.000000 8.393773 4.794311
v 0.000000 8.393773 4.794311
v 0.000000 8.393773 4.794311
v 0.000000 8.393773 4.794311
v 0.000000 8.393773 4.794311
v 0.000000 7.417508 4.407780
v 0.742462 7.703450 4.520992
v 1.050000 8.393773 4.794311
v 0.742462 9.084097 5.067629
v 0.000000 9.370038 5.180842
v -0.742462 9.084097 5.067629
v -1.050000 8.393773 4.794311
v -0.742462 7.703450 4.520992
v -0.000000 7.417508 4.407780
vn -0.0000 -0.7989 0.6014
vn -0.0000 -0.7990 0.6014
vn 0.3687 -0.6569 0.6576
vn 0.5214 -0.3141 0.7934
vn 0.3687 0.0287 0.9291
vn -0.0000 0.1707 0.9853
vn -0.3687 0.0287 0.9291
vn -0.5215 -0.3141 0.7934
vn -0.5214 -0.3141 0.7934
vn -0.3687 -0.6569 0.6576
vn -0.0000 -0.3681 0.9298
vn -0.0000 0.3681 -0.9298
vt 0.000000 1.000000
vt 0.000000 0.000000
vt 0.125000 1.000000
vt 0.125000 0.000000
vt 0.250000 1.000000
vt 0.250000 0.000000
vt 0.375000 1.000000
vt 0.375000 0.000000
vt 0.500000 1.000000
vt 0.500000 0.000000
vt 0.625000 1.000000
vt 0.625000 0.000000
vt 0.750000 1.000000
vt 0.750000 0.000000
vt 0.875000 1.000000
vt 0.875000 0.000000
vt 1.000000 1.000000
vt 1.000000 0.000000
vt 1.000000 0.500000
vt 0.853553 0.853553
vt 0.500000 0.500000
vt 0.146447 0.853553
vt 0.000000 0.500000
vt 0.146447 0.146447
vt 0.853553 0.146447
s 1
usemtl hull_white
f 804/505/447 813/506/448 805/507/449
f 813/506/448 814/508/449 805/507/449
f 805/507/449 814/508/449 806/509/450
f 814/508/449 815/510/450 806/509/450
f 806/509/450 815/510/450 807/511/451
f 815/510/450 816/512/451 807/511/451
f 807/511/451 816/512/451 808/513/452
f 816/512/451 817/514/452 808/513/452
f 808/513/452 817/514/452 809/515/453
f 817/514/452 818/516/453 809/515/453
f 809/515/453 818/516/453 810/517/454
f 818/516/453 819/518/455 810/517/454
f 810/517/454 819/518/455 811/519/456
f 819/518/455 820/520/456 811/519/456
f 811/519/456 820/520/456 812/521/448
f 820/520/456 821/522/447 812/521/448
f 830/523/457 831/524/457 822/525/457
f 831/524/457 832/513/457 823/525/457
f 832/513/457 833/526/457 824/525/457
f 833/526/457 834/527/457 825/525/457
f 834/527/457 835/528/457 826/525/457
f 835/528/457 836/514/457 827/525/457
f 836/514/457 837/529/457 828/525/457
f 837/529/457 838/523/457 829/525/457
f 848/529/458 847/523/458 839/525/458
f 849/514/458 848/529/458 840/525/458
f 850/528/458 849/514/458 841/525/458
f 851/527/458 850/528/458 842/525/458
f 852/526/458 851/527/458 843/525/458
f 853/513/458 852/526/458 844/525/458
f 854/524/458 853/513/458 845/525/458
f 855/523/458 854/524/458 846/525/458
o dock_collar
v 0.440086 2.230078 14.450000
v 1.062461 2.852454 14.450000
v 1.062461 3.732626 14.450000
v 0.440086 4.355001 14.450000
v -0.440086 4.355001 14.450000
v -1.062461 3.732626 14.450000
v -1.062461 2.852454 14.450000
v -0.440086 2.230078 14.450000
v 0.440086 2.230078 14.450000
v 0.440086 2.230078 13.750000
v 1.062461 2.852454 13.750000
v 1.062461 3.732625 13.750000
v 0.440086 4.355001 13.750000
v -0.440086 4.355001 13.750000
v -1.062461 3.732625 13.750000
v -1.062461 2.852454 13.750000
v -0.440086 2.230078 13.750000
v 0.440086 2.230078 13.750000
v 0.000000 3.292540 14.450000
v 0.000000 3.292540 14.450000
v 0.000000 3.292540 14.450000
v 0.000000 3.292540 14.450000
v 0.000000 3.292540 14.450000
v 0.000000 3.292540 14.450000
v 0.000000 3.292540 14.450000
v 0.000000 3.292540 14.450000
v 0.440086 2.230078 14.450000
v 1.062461 2.852454 14.450000
v 1.062461 3.732626 14.450000
v 0.440086 4.355001 14.450000
v -0.440086 4.355001 14.450000
v -1.062461 3.732626 14.450000
v -1.062461 2.852454 14.450000
v -0.440086 2.230078 14.450000
v 0.440086 2.230078 14.450000
v -0.000000 3.292540 13.750000
v -0.000000 3.292540 13.750000
v -0.000000 3.292540 13.750000
v -0.000000 3.292540 13.750000
v -0.000000 3.292540 13.750000
v -0.000000 3.292540 13.750000
v -0.000000 3.292540 13.750000
v -0.000000 3.292540 13.750000
v 0.440086 2.230078 13.750000
v 1.062461 2.852454 13.750000
v 1.062461 3.732625 13.750000
v 0.440086 4.355001 13.750000
v -0.440086 4.355001 13.750000
v -1.062461 3.732625 13.750000
v -1.062461 2.852454 13.750000
v -0.440086 2.230078 13.750000
v 0.440086 2.230078 13.750000
vn 0.3827 -0.9239 -0.0000
vn 0.9239 -0.3827 -0.0000
vn 0.9239 0.3827 -0.0000
vn 0.3827 0.9239 -0.0000
vn -0.3827 0.9239 -0.0000
vn -0.9239 0.3827 -0.0000
vn -0.9239 -0.3827 -0.0000
vn -0.3827 -0.9239 -0.0000
vn -0.0000 -0.0000 1.0000
vn -0.0000 -0.0000 -1.0000
vt 0.000000 1.000000
vt 0.000000 0.000000
vt 0.125000 1.000000
vt 0.125000 0.000000
vt 0.250000 1.000000
vt 0.250000 0.000000
vt 0.375000 1.000000
vt 0.375000 0.000000
vt 0.500000 1.000000
vt 0.500000 0.000000
vt 0.625000 1.000000
vt 0.625000 0.000000
vt 0.750000 1.000000
vt 0.750000 0.000000
vt 0.875000 1.000000
vt 0.875000 0.000000
vt 1.000000 1.000000
vt 1.000000 0.000000
vt 1.000000 0.500000
vt 0.853553 0.853553
vt 0.500000 0.500000
vt 0.146447 0.853553
vt 0.000000 0.500000
vt 0.146447 0.146447
vt 0.853553 0.146447
s 1
usemtl frame_alloy
f 856/530/459 865/531/459 857/532/460
f 865/531/459 866/533/460 857/532/460
f 857/532/460 866/533/460 858/534/461
f 866/533/460 867/535/461 858/534/461
f 858/534/461 867/535/461 859/536/462
f 867/535/461 868/537/462 859/536/462
f 859/536/462 868/537/462 860/538/463
f 868/537/462 869/539/463 860/538/463
f 860/538/463 869/539/463 861/540/464
f 869/539/463 870/541/464 861/540/464
f 861/540/464 870/541/464 862/542/465
f 870/541/464 871/543/465 862/542/465
f 862/542/465 871/543/465 863/544/466
f 871/543/465 872/545/466 863/544/466
f 863/544/466 872/545/466 864/546/459
f 872/545/466 873/547/459 864/546/459
f 882/548/467 883/549/467 874/550/467
f 883/549/467 884/538/467 875/550/467
f 884/538/467 885/551/467 876/550/467
f 885/551/467 886/552/467 877/550/467
f 886/552/467 887/553/467 878/550/467
f 887/553/467 888/539/467 879/550/467
f 888/539/467 889/554/467 880/550/467
f 889/554/467 890/548/467 881/550/467
f 900/554/468 899/548/468 891/550/468
f 901/539/468 900/554/468 892/550/468
f 902/553/468 901/539/468 893/550/468
f 903/552/468 902/553/468 894/550/468
f 904/551/468 903/552/468 895/550/468
f 905/538/468 904/551/468 896/550/468
f 906/549/468 905/538/468 897/550/468
f 907/548/468 906/549/468 898/550/468
o dock_hatch
v 0.287013 2.599630 14.590000
v 0.692910 3.005527 14.590000
v 0.692910 3.579552 14.590000
v 0.287013 3.985450 14.590000
v -0.287013 3.985450 14.590000
v -0.692910 3.579552 14.590000
v -0.692910 3.005527 14.590000
v -0.287013 2.599630 14.590000
v 0.287013 2.599630 14.590000
v 0.287013 2.599630 14.450000
v 0.692910 3.005527 14.450000
v 0.692910 3.579552 14.450000
v 0.287013 3.985450 14.450000
v -0.287013 3.985450 14.450000
v -0.692910 3.579552 14.450000
v -0.692910 3.005527 14.450000
v -0.287013 2.599630 14.450000
v 0.287013 2.599630 14.450000
v 0.000000 3.292540 14.590000
v 0.000000 3.292540 14.590000
v 0.000000 3.292540 14.590000
v 0.000000 3.292540 14.590000
v 0.000000 3.292540 14.590000
v 0.000000 3.292540 14.590000
v 0.000000 3.292540 14.590000
v 0.000000 3.292540 14.590000
v 0.287013 2.599630 14.590000
v 0.692910 3.005527 14.590000
v 0.692910 3.579552 14.590000
v 0.287013 3.985450 14.590000
v -0.287013 3.985450 14.590000
v -0.692910 3.579552 14.590000
v -0.692910 3.005527 14.590000
v -0.287013 2.599630 14.590000
v 0.287013 2.599630 14.590000
v -0.000000 3.292540 14.450000
v -0.000000 3.292540 14.450000
v -0.000000 3.292540 14.450000
v -0.000000 3.292540 14.450000
v -0.000000 3.292540 14.450000
v -0.000000 3.292540 14.450000
v -0.000000 3.292540 14.450000
v -0.000000 3.292540 14.450000
v 0.287013 2.599630 14.450000
v 0.692910 3.005527 14.450000
v 0.692910 3.579552 14.450000
v 0.287013 3.985450 14.450000
v -0.287013 3.985450 14.450000
v -0.692910 3.579552 14.450000
v -0.692910 3.005527 14.450000
v -0.287013 2.599630 14.450000
v 0.287013 2.599630 14.450000
vn 0.3827 -0.9239 -0.0000
vn 0.9239 -0.3827 -0.0000
vn 0.9239 0.3827 -0.0000
vn 0.3827 0.9239 -0.0000
vn -0.3827 0.9239 -0.0000
vn -0.9239 0.3827 -0.0000
vn -0.9239 -0.3827 -0.0000
vn -0.3827 -0.9239 -0.0000
vn -0.0000 -0.0000 1.0000
vn -0.0000 -0.0000 -1.0000
vt 0.000000 1.000000
vt 0.000000 0.000000
vt 0.125000 1.000000
vt 0.125000 0.000000
vt 0.250000 1.000000
vt 0.250000 0.000000
vt 0.375000 1.000000
vt 0.375000 0.000000
vt 0.500000 1.000000
vt 0.500000 0.000000
vt 0.625000 1.000000
vt 0.625000 0.000000
vt 0.750000 1.000000
vt 0.750000 0.000000
vt 0.875000 1.000000
vt 0.875000 0.000000
vt 1.000000 1.000000
vt 1.000000 0.000000
vt 1.000000 0.500000
vt 0.853553 0.853553
vt 0.500000 0.500000
vt 0.146447 0.853553
vt 0.000000 0.500000
vt 0.146447 0.146447
vt 0.853553 0.146447
s 1
usemtl panel_dark
f 908/555/469 917/556/469 909/557/470
f 917/556/469 918/558/470 909/557/470
f 909/557/470 918/558/470 910/559/471
f 918/558/470 919/560/471 910/559/471
f 910/559/471 919/560/471 911/561/472
f 919/560/471 920/562/472 911/561/472
f 911/561/472 920/562/472 912/563/473
f 920/562/472 921/564/473 912/563/473
f 912/563/473 921/564/473 913/565/474
f 921/564/473 922/566/474 913/565/474
f 913/565/474 922/566/474 914/567/475
f 922/566/474 923/568/475 914/567/475
f 914/567/475 923/568/475 915/569/476
f 923/568/475 924/570/476 915/569/476
f 915/569/476 924/570/476 916/571/469
f 924/570/476 925/572/469 916/571/469
f 934/573/477 935/574/477 926/575/477
f 935/574/477 936/563/477 927/575/477
f 936/563/477 937/576/477 928/575/477
f 937/576/477 938/577/477 929/575/477
f 938/577/477 939/578/477 930/575/477
f 939/578/477 940/564/477 931/575/477
f 940/564/477 941/579/477 932/575/477
f 941/579/477 942/573/477 933/575/477
f 952/579/478 951/573/478 943/575/478
f 953/564/478 952/579/478 944/575/478
f 954/578/478 953/564/478 945/575/478
f 955/577/478 954/578/478 946/575/478
f 956/576/478 955/577/478 947/575/478
f 957/563/478 956/576/478 948/575/478
f 958/574/478 957/563/478 949/575/478
f 959/573/478 958/574/478 950/575/478
o dock_ring
v 1.030000 3.292540 14.500000
v 0.728320 4.020860 14.500000
v 0.000000 4.322540 14.500000
v -0.728320 4.020860 14.500000
v -1.030000 3.292540 14.500000
v -0.728320 2.564220 14.500000
v -0.000000 2.262540 14.500000
v 0.728320 2.564220 14.500000
v 1.030000 3.292540 14.500000
v 0.991924 3.292540 14.591924
v 0.701396 3.993936 14.591924
v 0.000000 4.284463 14.591924
v -0.701396 3.993936 14.591924
v -0.991924 3.292540 14.591924
v -0.701396 2.591144 14.591924
v -0.000000 2.300616 14.591924
v 0.701396 2.591144 14.591924
v 0.991924 3.292540 14.591924
v 0.900000 3.292540 14.630000
v 0.636396 3.928936 14.630000
v 0.000000 4.192540 14.630000
v -0.636396 3.928936 14.630000
v -0.900000 3.292540 14.630000
v -0.636396 2.656144 14.630000
v -0.000000 2.392540 14.630000
v 0.636396 2.656144 14.630000
v 0.900000 3.292540 14.630000
v 0.808076 3.292540 14.591924
v 0.571396 3.863936 14.591924
v 0.000000 4.100616 14.591924
v -0.571396 3.863936 14.591924
v -0.808076 3.292540 14.591924
v -0.571396 2.721144 14.591924
v -0.000000 2.484464 14.591924
v 0.571396 2.721144 14.591924
v 0.808076 3.292540 14.591924
v 0.770000 3.292540 14.500000
v 0.544472 3.837012 14.500000
v 0.000000 4.062540 14.500000
v -0.544472 3.837012 14.500000
v -0.770000 3.292540 14.500000
v -0.544472 2.748068 14.500000
v -0.000000 2.522540 14.500000
v 0.544472 2.748068 14.500000
v 0.770000 3.292540 14.500000
v 0.808076 3.292540 14.408076
v 0.571396 3.863936 14.408076
v 0.000000 4.100616 14.408076
v -0.571396 3.863936 14.408076
v -0.808076 3.292540 14.408076
v -0.571396 2.721144 14.408076
v -0.000000 2.484464 14.408076
v 0.571396 2.721144 14.408076
v 0.808076 3.292540 14.408076
v 0.900000 3.292540 14.370000
v 0.636396 3.928936 14.370000
v 0.000000 4.192540 14.370000
v -0.636396 3.928936 14.370000
v -0.900000 3.292540 14.370000
v -0.636396 2.656144 14.370000
v -0.000000 2.392540 14.370000
v 0.636396 2.656144 14.370000
v 0.900000 3.292540 14.370000
v 0.991924 3.292540 14.408076
v 0.701396 3.993936 14.408076
v 0.000000 4.284463 14.408076
v -0.701396 3.993936 14.408076
v -0.991924 3.292540 14.408076
v -0.701396 2.591144 14.408076
v -0.000000 2.300616 14.408076
v 0.701396 2.591144 14.408076
v 0.991924 3.292540 14.408076
v 1.030000 3.292540 14.500000
v 0.728320 4.020860 14.500000
v 0.000000 4.322540 14.500000
v -0.728320 4.020860 14.500000
v -1.030000 3.292540 14.500000
v -0.728320 2.564220 14.500000
v -0.000000 2.262540 14.500000
v 0.728320 2.564220 14.500000
v 1.030000 3.292540 14.500000
vn 0.7071 0.0001 0.7071
vn 1.0000 -0.0000 -0.0000
vn 0.5000 0.5000 0.7071
vn 0.7071 0.7071 -0.0000
vn -0.0000 0.7071 0.7071
vn -0.0000 1.0000 -0.0000
vn -0.5000 0.5000 0.7071
vn -0.7071 0.7071 -0.0000
vn -0.7071 -0.0000 0.7071
vn -1.0000 -0.0000 0.0001
vn -0.5000 -0.5000 0.7071
vn -0.7071 -0.7071 -0.0000
vn -0.0000 -0.7071 0.7071
vn -0.0000 -1.0000 -0.0000
vn 0.5000 -0.5000 0.7071
vn 0.7071 -0.7071 -0.0000
vn 0.7071 -0.0000 0.7071
vn -0.0000 -0.0000 1.0000
vn -0.0000 0.0001 1.0000
vn -0.0001 -0.0000 1.0000
vn -1.0000 -0.0000 -0.0000
vn -0.7071 -0.0000 -0.7071
vn -0.5000 -0.5000 -0.7071
vn -0.0000 -0.7071 -0.7071
vn 0.5000 -0.5000 -0.7071
vn 0.7071 -0.0000 -0.7071
vn 0.5000 0.5000 -0.7071
vn -0.0000 0.7071 -0.7071
vn -0.5000 0.5000 -0.7071
vn -0.7071 0.0001 -0.7071
vn -0.0000 -0.0000 -1.0000
vn -0.0000 0.0001 -1.0000
vn 0.7071 0.0001 -0.7071
vn 0.7071 -0.0001 -0.7071
vt 0.000000 0.125000
vt 0.000000 0.000000
vt 0.125000 0.125000
vt 0.125000 0.000000
vt 0.250000 0.125000
vt 0.250000 0.000000
vt 0.375000 0.125000
vt 0.375000 0.000000
vt 0.500000 0.125000
vt 0.500000 0.000000
vt 0.625000 0.125000
vt 0.625000 0.000000
vt 0.750000 0.125000
vt 0.750000 0.000000
vt 0.875000 0.125000
vt 0.875000 0.000000
vt 1.000000 0.125000
vt 1.000000 0.000000
vt 0.000000 0.250000
vt 0.125000 0.250000
vt 0.250000 0.250000
vt 0.375000 0.250000
vt 0.500000 0.250000
vt 0.625000 0.250000
vt 0.750000 0.250000
vt 0.875000 0.250000
vt 1.000000 0.250000
vt 0.000000 0.375000
vt 0.125000 0.375000
vt 0.250000 0.375000
vt 0.375000 0.375000
vt 0.500000 0.375000
vt 0.625000 0.375000
vt 0.750000 0.375000
vt 0.875000 0.375000
vt 1.000000 0.375000
vt 0.000000 0.500000
vt 0.125000 0.500000
vt 0.250000 0.500000
vt 0.375000 0.500000
vt 0.500000 0.500000
vt 0.625000 0.500000
vt 0.750000 0.500000
vt 0.875000 0.500000
vt 1.000000 0.500000
vt 0.000000 0.625000
vt 0.125000 0.625000
vt 0.250000 0.625000
vt 0.375000 0.625000
vt 0.500000 0.625000
vt 0.625000 0.625000
vt 0.750000 0.625000
vt 0.875000 0.625000
vt 1.000000 0.625000
vt 0.000000 0.750000
vt 0.125000 0.750000
vt 0.250000 0.750000
vt 0.375000 0.750000
vt 0.500000 0.750000
vt 0.625000 0.750000
vt 0.750000 0.750000
vt 0.875000 0.750000
vt 1.000000 0.750000
vt 0.000000 0.875000
vt 0.125000 0.875000
vt 0.250000 0.875000
vt 0.375000 0.875000
vt 0.500000 0.875000
vt 0.625000 0.875000
vt 0.750000 0.875000
vt 0.875000 0.875000
vt 1.000000 0.875000
vt 0.000000 1.000000
vt 0.125000 1.000000
vt 0.250000 1.000000
vt 0.375000 1.000000
vt 0.500000 1.000000
vt 0.625000 1.000000
vt 0.750000 1.000000
vt 0.875000 1.000000
vt 1.000000 1.000000
s 1
usemtl nozzle_steel
f 969/580/479 960/581/480 970/582/481
f 960/581/480 961/583/482 970/582/481
f 970/582/481 961/583/482 971/584/483
f 961/583/482 962/585/484 971/584/483
f 971/584/483 962/585/484 972/586/485
f 962/585/484 963/587/486 972/586/485
f 972/586/485 963/587/486 973/588/487
f 963/587/486 964/589/488 973/588/487
f 973/588/487 964/589/488 974/590/489
f 964/589/488 965/591/490 974/590/489
f 974/590/489 965/591/490 975/592/491
f 965/591/490 966/593/492 975/592/491
f 975/592/491 966/593/492 976/594/493
f 966/593/492 967/595/494 976/594/493
f 976/594/493 967/595/494 977/596/495
f 967/595/494 968/597/480 977/596/495
f 978/598/496 969/580/479 979/599/496
f 969/580/479 970/582/481 979/599/496
f 979/599/496 970/582/481 980/600/497
f 970/582/481 971/584/483 980/600/497
f 980/600/497 971/584/483 981/601/496
f 971/584/483 972/586/485 981/601/496
f 981/601/496 972/586/485 982/602/498
f 972/586/485 973/588/487 982/602/498
f 982/602/498 973/588/487 983/603/496
f 973/588/487 974/590/489 983/603/496
f 983/603/496 974/590/489 984/604/496
f 974/590/489 975/592/491 984/604/496
f 984/604/496 975/592/491 985/605/496
f 975/592/491 976/594/493 985/605/496
f 985/605/496 976/594/493 986/606/496
f 976/594/493 977/596/495 986/606/496
f 987/607/487 978/598/496 988/608/489
f 978/598/496 979/599/496 988/608/489
f 988/608/489 979/599/496 989/609/491
f 979/599/496 980/600/497 989/609/491
f 989/609/491 980/600/497 990/610/493
f 980/600/497 981/601/496 990/610/493
f 990/610/493 981/601/496 991/611/495
f 981/601/496 982/602/498 991/611/495
f 991/611/495 982/602/498 992/612/481
f 982/602/498 983/603/496 992/612/481
f 992/612/481 983/603/496 993/613/483
f 983/603/496 984/604/496 993/613/483
f 993/613/483 984/604/496 994/614/485
f 984/604/496 985/605/496 994/614/485
f 994/614/485 985/605/496 995/615/487
f 985/605/496 986/606/496 995/615/487
f 996/616/499 987/607/487 997/617/490
f 987/607/487 988/608/489 997/617/490
f 997/617/490 988/608/489 998/618/492
f 988/608/489 989/609/491 998/618/492
f 998/618/492 989/609/491 999/619/494
f 989/609/491 990/610/493 999/619/494
f 999/619/494 990/610/493 1000/620/480
f 990/610/493 991/611/495 1000/620/480
f 1000/620/480 991/611/495 1001/621/482
f 991/611/495 992/612/481 1001/621/482
f 1001/621/482 992/612/481 1002/622/484
f 992/612/481 993/613/483 1002/622/484
f 1002/622/484 993/613/483 1003/623/486
f 993/613/483 994/614/485 1003/623/486
f 1003/623/486 994/614/485 1004/624/499
f 994/614/485 995/615/487 1004/624/499
f 1005/625/500 996/616/499 1006/626/501
f 996/616/499 997/617/490 1006/626/501
f 1006/626/501 997/617/490 1007/627/502
f 997/617/490 998/618/492 1007/627/502
f 1007/627/502 998/618/492 1008/628/503
f 998/618/492 999/619/494 1008/628/503
f 1008/628/503 999/619/494 1009/629/504
f 999/619/494 1000/620/480 1009/629/504
f 1009/629/504 1000/620/480 1010/630/505
f 1000/620/480 1001/621/482 1010/630/505
f 1010/630/505 1001/621/482 1011/631/506
f 1001/621/482 1002/622/484 1011/631/506
f 1011/631/506 1002/622/484 1012/632/507
f 1002/622/484 1003/623/486 1012/632/507
f 1012/632/507 1003/623/486 1013/633/508
f 1003/623/486 1004/624/499 1013/633/508
f 1014/634/509 1005/625/500 1015/635/509
f 1005/625/500 1006/626/501 1015/635/509
f 1015/635/509 1006/626/501 1016/636/510
f 1006/626/501 1007/627/502 1016/636/510
f 1016/636/510 1007/627/502 1017/637/509
f 1007/627/502 1008/628/503 1017/637/509
f 1017/637/509 1008/628/503 1018/638/509
f 1008/628/503 1009/629/504 1018/638/509
f 1018/638/509 1009/629/504 1019/639/509
f 1009/629/504 1010/630/505 1019/639/509
f 1019/639/509 1010/630/505 1020/640/509
f 1010/630/505 1011/631/506 1020/640/509
f 1020/640/509 1011/631/506 1021/641/509
f 1011/631/506 1012/632/507 1021/641/509
f 1021/641/509 1012/632/507 1022/642/509
f 1012/632/507 1013/633/508 1022/642/509
f 1023/643/511 1014/634/509 1024/644/505
f 1014/634/509 1015/635/509 1024/644/505
f 1024/644/505 1015/635/509 1025/645/506
f 1015/635/509 1016/636/510 1025/645/506
f 1025/645/506 1016/636/510 1026/646/507
f 1016/636/510 1017/637/509 1026/646/507
f 1026/646/507 1017/637/509 1027/647/500
f 1017/637/509 1018/638/509 1027/647/500
f 1027/647/500 1018/638/509 1028/648/501
f 1018/638/509 1019/639/509 1028/648/501
f 1028/648/501 1019/639/509 1029/649/502
f 1019/639/509 1020/640/509 1029/649/502
f 1029/649/502 1020/640/509 1030/650/503
f 1020/640/509 1021/641/509 1030/650/503
f 1030/650/503 1021/641/509 1031/651/512
f 1021/641/509 1022/642/509 1031/651/512
f 1032/652/480 1023/643/511 1033/653/482
f 1023/643/511 1024/644/505 1033/653/482
f 1033/653/482 1024/644/505 1034/654/484
f 1024/644/505 1025/645/506 1034/654/484
f 1034/654/484 1025/645/506 1035/655/486
f 1025/645/506 1026/646/507 1035/655/486
f 1035/655/486 1026/646/507 1036/656/499
f 1026/646/507 1027/647/500 1036/656/499
f 1036/656/499 1027/647/500 1037/657/490
f 1027/647/500 1028/648/501 1037/657/490
f 1037/657/490 1028/648/501 1038/658/492
f 1028/648/501 1029/649/502 1038/658/492
f 1038/658/492 1029/649/502 1039/659/494
f 1029/649/502 1030/650/503 1039/659/494
f 1039/659/494 1030/650/503 1040/660/480
f 1030/650/503 1031/651/512 1040/660/480
o gimbal_1
v 0.350000 3.992538 -11.900000
v 0.350000 4.692538 -11.900000
v 0.350000 3.992538 -12.500000
v 0.350000 4.692538 -12.500000
v -0.350000 4.692538 -11.900000
v -0.350000 3.992538 -11.900000
v -0.350000 4.692538 -12.500000
v -0.350000 3.992538 -12.500000
v -0.350000 4.692538 -11.900000
v 0.350000 4.692538 -11.900000
v -0.350000 3.992538 -11.900000
v 0.350000 3.992538 -11.900000
v -0.350000 3.992538 -12.500000
v 0.350000 3.992538 -12.500000
v -0.350000 4.692538 -12.500000
v 0.350000 4.692538 -12.500000
v -0.350000 3.992538 -11.900000
v 0.350000 3.992538 -11.900000
v -0.350000 3.992538 -12.500000
v 0.350000 3.992538 -12.500000
v 0.350000 4.692538 -11.900000
v -0.350000 4.692538 -11.900000
v 0.350000 4.692538 -12.500000
v -0.350000 4.692538 -12.500000
vn 1.0000 -0.0000 -0.0000
vn -1.0000 -0.0000 -0.0000
vn -0.0000 -0.0000 1.0000
vn -0.0000 -0.0000 -1.0000
vn -0.0000 -1.0000 -0.0000
vn -0.0000 1.0000 -0.0000
vt 0.000000 1.000000
vt 0.000000 0.000000
vt 1.000000 1.000000
vt 1.000000 0.000000
s 1
usemtl frame_alloy
f 1041/661/513 1043/662/513 1042/663/513
f 1043/662/513 1044/664/513 1042/663/513
f 1045/661/514 1047/662/514 1046/663/514
f 1047/662/514 1048/664/514 1046/663/514
f 1049/661/515 1051/662/515 1050/663/515
f 1051/662/515 1052/664/515 1050/663/515
f 1053/661/516 1055/662/516 1054/663/516
f 1055/662/516 1056/664/516 1054/663/516
f 1057/661/517 1059/662/517 1058/663/517
f 1059/662/517 1060/664/517 1058/663/517
f 1061/661/518 1063/662/518 1062/663/518
f 1063/662/518 1064/664/518 1062/663/518
o gimbal_2
v -0.600000 2.322538 -11.900000
v -0.600000 3.022538 -11.900000
v -0.600000 2.322538 -12.500000
v -0.600000 3.022538 -12.500000
v -1.300000 3.022538 -11.900000
v -1.300000 2.322538 -11.900000
v -1.300000 3.022538 -12.500000
v -1.300000 2.322538 -12.500000
v -1.300000 3.022538 -11.900000
v -0.600000 3.022538 -11.900000
v -1.300000 2.322538 -11.900000
v -0.600000 2.322538 -11.900000
v -1.300000 2.322538 -12.500000
v -0.600000 2.322538 -12.500000
v -1.300000 3.022538 -12.500000
v -0.600000 3.022538 -12.500000
v -1.300000 2.322538 -11.900000
v -0.600000 2.322538 -11.900000
v -1.300000 2.322538 -12.500000
v -0.600000 2.322538 -12.500000
v -0.600000 3.022538 -11.900000
v -1.300000 3.022538 -11.900000
v -0.600000 3.022538 -12.500000
v -1.300000 3.022538 -12.500000
vn 1.0000 -0.0000 -0.0000
vn -1.0000 -0.0000 -0.0000
vn -0.0000 -0.0000 1.0000
vn -0.0000 -0.0000 -1.0000
vn -0.0000 -1.0000 -0.0000
vn -0.0000 1.0000 -0.0000
vt 0.000000 1.000000
vt 0.000000 0.000000
vt 1.000000 1.000000
vt 1.000000 0.000000
s 1
usemtl frame_alloy
f 1065/665/519 1067/666/519 1066/667/519
f 1067/666/519 1068/668/519 1066/667/519
f 1069/665/520 1071/666/520 1070/667/520
f 1071/666/520 1072/668/520 1070/667/520
f 1073/665/521 1075/666/521 1074/667/521
f 1075/666/521 1076/668/521 1074/667/521
f 1077/665/522 1079/666/522 1078/667/522
f 1079/666/522 1080/668/522 1078/667/522
f 1081/665/523 1083/666/523 1082/667/523
f 1083/666/523 1084/668/523 1082/667/523
f 1085/665/524 1087/666/524 1086/667/524
f 1087/666/524 1088/668/524 1086/667/524
o gimbal_3
v 1.300000 2.322538 -11.900000
v 1.300000 3.022538 -11.900000
v 1.300000 2.322538 -12.500000
v 1.300000 3.022538 -12.500000
v 0.600000 3.022538 -11.900000
v 0.600000 2.322538 -11.900000
v 0.600000 3.022538 -12.500000
v 0.600000 2.322538 -12.500000
v 0.600000 3.022538 -11.900000
v 1.300000 3.022538 -11.900000
v 0.600000 2.322538 -11.900000
v 1.300000 2.322538 -11.900000
v 0.600000 2.322538 -12.500000
v 1.300000 2.322538 -12.500000
v 0.600000 3.022538 -12.500000
v 1.300000 3.022538 -12.500000
v 0.600000 2.322538 -11.900000
v 1.300000 2.322538 -11.900000
v 0.600000 2.322538 -12.500000
v 1.300000 2.322538 -12.500000
v 1.300000 3.022538 -11.900000
v 0.600000 3.022538 -11.900000
v 1.300000 3.022538 -12.500000
v 0.600000 3.022538 -12.500000
vn 1.0000 -0.0000 -0.0000
vn -1.0000 -0.0000 -0.0000
vn -0.0000 -0.0000 1.0000
vn -0.0000 -0.0000 -1.0000
vn -0.0000 -1.0000 -0.0000
vn -0.0000 1.0000 -0.0000
vt 0.000000 1.000000
vt 0.000000 0.000000
vt 1.000000 1.000000
vt 1.000000 0.000000
s 1
usemtl frame_alloy
f 1089/669/525 1091/670/525 1090/671/525
f 1091/670/525 1092/672/525 1090/671/525
f 1093/669/526 1095/670/526 1094/671/526
f 1095/670/526 1096/672/526 1094/671/526
f 1097/669/527 1099/670/527 1098/671/527
f 1099/670/527 1100/672/527 1098/671/527
f 1101/669/528 1103/670/528 1102/671/528
f 1103/670/528 1104/672/528 1102/671/528
f 1105/669/529 1107/670/529 1106/671/529
f 1107/670/529 1108/672/529 1106/671/529
f 1109/669/530 1111/670/530 1110/671/530
f 1111/670/530 1112/672/530 1110/671/530
o hull_aft
v 0.861038 1.213809 -5.000000
v 2.078729 2.431500 -5.000000
v 2.078729 4.153576 -5.000000
v 0.861038 5.371267 -5.000000
v -0.861038 5.371267 -5.000000
v -2.078729 4.153576 -5.000000
v -2.078729 2.431500 -5.000000
v -0.861038 1.213809 -5.000000
v 0.861038 1.213809 -5.000000
v 0.956709 0.982839 -11.000000
v 2.309699 2.335829 -11.000000
v 2.309699 4.249246 -11.000000
v 0.956709 5.602237 -11.000000
v -0.956709 5.602237 -11.000000
v -2.309699 4.249246 -11.000000
v -2.309699 2.335829 -11.000000
v -0.956709 0.982839 -11.000000
v 0.956709 0.982839 -11.000000
v 0.000000 3.292538 -5.000000
v 0.000000 3.292538 -5.000000
v 0.000000 3.292538 -5.000000
v 0.000000 3.292538 -5.000000
v 0.000000 3.292538 -5.000000
v 0.000000 3.292538 -5.000000
v 0.000000 3.292538 -5.000000
v 0.000000 3.292538 -5.000000
v 0.861038 1.213809 -5.000000
v 2.078729 2.431500 -5.000000
v 2.078729 4.153576 -5.000000
v 0.861038 5.371267 -5.000000
v -0.861038 5.371267 -5.000000
v -2.078729 4.153576 -5.000000
v -2.078729 2.431500 -5.000000
v -0.861038 1.213809 -5.000000
v 0.861038 1.213809 -5.000000
v -0.000000 3.292538 -11.000000
v -0.000000 3.292538 -11.000000
v -0.000000 3.292538 -11.000000
v -0.000000 3.292538 -11.000000
v -0.000000 3.292538 -11.000000
v -0.000000 3.292538 -11.000000
v -0.000000 3.292538 -11.000000
v -0.000000 3.292538 -11.000000
v 0.956709 0.982839 -11.000000
v 2.309699 2.335829 -11.000000
v 2.309699 4.249246 -11.000000
v 0.956709 5.602237 -11.000000
v -0.956709 5.602237 -11.000000
v -2.309699 4.249246 -11.000000
v -2.309699 2.335829 -11.000000
v -0.956709 0.982839 -11.000000
v 0.956709 0.982839 -11.000000
vn 0.3824 -0.9231 0.0416
vn 0.9231 -0.3823 0.0416
vn 0.9231 -0.3824 0.0416
vn 0.9231 0.3824 0.0416
vn 0.9231 0.3823 0.0416
vn 0.3823 0.9231 0.0416
vn 0.3824 0.9231 0.0416
vn -0.3824 0.9231 0.0416
vn -0.3823 0.9231 0.0416
vn -0.9231 0.3823 0.0416
vn -0.9231 0.3824 0.0416
vn -0.9231 -0.3824 0.0416
vn -0.9231 -0.3823 0.0416
vn -0.3823 -0.9231 0.0416
vn -0.3824 -0.9231 0.0416
vn 0.3823 -0.9231 0.0416
vn -0.0000 -0.0000 1.0000
vn -0.0000 -0.0000 -1.0000
vt 0.000000 1.000000
vt 0.000000 0.000000
vt 0.125000 1.000000
vt 0.125000 0.000000
vt 0.250000 1.000000
vt 0.250000 0.000000
vt 0.375000 1.000000
vt 0.375000 0.000000
vt 0.500000 1.000000
vt 0.500000 0.000000
vt 0.625000 1.000000
vt 0.625000 0.000000
vt 0.750000 1.000000
vt 0.750000 0.000000
vt 0.875000 1.000000
vt 0.875000 0.000000
vt 1.000000 1.000000
vt 1.000000 0.000000
vt 1.000000 0.500000
vt 0.853553 0.853553
vt 0.500000 0.500000
vt 0.146447 0.853553
vt 0.000000 0.500000
vt 0.146447 0.146447
vt 0.853553 0.146447
s 1
usemtl panel_dark
f 1113/673/531 1122/674/531 1114/675/532
f 1122/674/531 1123/676/533 1114/675/532
f 1114/675/532 1123/676/533 1115/677/534
f 1123/676/533 1124/678/535 1115/677/534
f 1115/677/534 1124/678/535 1116/679/536
f 1124/678/535 1125/680/537 1116/679/536
f 1116/679/536 1125/680/537 1117/681/538
f 1125/680/537 1126/682/539 1117/681/538
f 1117/681/538 1126/682/539 1118/683/540
f 1126/682/539 1127/684/541 1118/683/540
f 1118/683/540 1127/684/541 1119/685/542
f 1127/684/541 1128/686/543 1119/685/542
f 1119/685/542 1128/686/543 1120/687/544
f 1128/686/543 1129/688/545 1120/687/544
f 1120/687/544 1129/688/545 1121/689/546
f 1129/688/545 1130/690/546 1121/689/546
f 1139/691/547 1140/692/547 1131/693/547
f 1140/692/547 1141/681/547 1132/693/547
f 1141/681/547 1142/694/547 1133/693/547
f 1142/694/547 1143/695/547 1134/693/547
f 1143/695/547 1144/696/547 1135/693/547
f 1144/696/547 1145/682/547 1136/693/547
f 1145/682/547 1146/697/547 1137/693/547
f 1146/697/547 1147/691/547 1138/693/547
f 1157/697/548 1156/691/548 1148/693/548
f 1158/682/548 1157/697/548 1149/693/548
f 1159/696/548 1158/682/548 1150/693/548
f 1160/695/548 1159/696/548 1151/693/548
f 1161/694/548 1160/695/548 1152/693/548
f 1162/681/548 1161/694/548 1153/693/548
f 1163/692/548 1162/681/548 1154/693/548
f 1164/691/548 1163/692/548 1155/693/548
o hull_fwd
v 0.765367 1.444780 11.000000
v 1.847759 2.527173 11.000000
v 1.847759 4.057907 11.000000
v 0.765367 5.140299 11.000000
v -0.765367 5.140299 11.000000
v -1.847759 4.057907 11.000000
v -1.847759 2.527173 11.000000
v -0.765367 1.444780 11.000000
v 0.765367 1.444780 11.000000
v 0.861038 1.213810 4.000000
v 2.078729 2.431501 4.000000
v 2.078729 4.153577 4.000000
v 0.861038 5.371268 4.000000
v -0.861038 5.371268 4.000000
v -2.078729 4.153577 4.000000
v -2.078729 2.431501 4.000000
v -0.861038 1.213810 4.000000
v 0.861038 1.213810 4.000000
v 0.000000 3.292539 11.000000
v 0.000000 3.292539 11.000000
v 0.000000 3.292539 11.000000
v 0.000000 3.292539 11.000000
v 0.000000 3.292539 11.000000
v 0.000000 3.292539 11.000000
v 0.000000 3.292539 11.000000
v 0.000000 3.292539 11.000000
v 0.765367 1.444780 11.000000
v 1.847759 2.527173 11.000000
v 1.847759 4.057907 11.000000
v 0.765367 5.140299 11.000000
v -0.765367 5.140299 11.000000
v -1.847759 4.057907 11.000000
v -1.847759 2.527173 11.000000
v -0.765367 1.444780 11.000000
v 0.765367 1.444780 11.000000
v -0.000000 3.292539 4.000000
v -0.000000 3.292539 4.000000
v -0.000000 3.292539 4.000000
v -0.000000 3.292539 4.000000
v -0.000000 3.292539 4.000000
v -0.000000 3.292539 4.000000
v -0.000000 3.292539 4.000000
v -0.000000 3.292539 4.000000
v 0.861038 1.213810 4.000000
v 2.078729 2.431501 4.000000
v 2.078729 4.153577 4.000000
v 0.861038 5.371268 4.000000
v -0.861038 5.371268 4.000000
v -2.078729 4.153577 4.000000
v -2.078729 2.431501 4.000000
v -0.861038 1.213810 4.000000
v 0.861038 1.213810 4.000000
vn 0.3825 -0.9233 0.0357
vn 0.9233 -0.3824 0.0357
vn 0.9233 0.3824 0.0357
vn 0.3824 0.9233 0.0357
vn -0.3824 0.9233 0.0357
vn -0.9233 0.3824 0.0357
vn -0.9233 -0.3824 0.0357
vn -0.3824 -0.9233 0.0357
vn 0.3824 -0.9233 0.0357
vn -0.0000 -0.0000 1.0000
vn -0.0000 -0.0000 -1.0000
vt 0.000000 1.000000
vt 0.000000 0.000000
vt 0.125000 1.000000
vt 0.125000 0.000000
vt 0.250000 1.000000
vt 0.250000 0.000000
vt 0.375000 1.000000
vt 0.375000 0.000000
vt 0.500000 1.000000
vt 0.500000 0.000000
vt 0.625000 1.000000
vt 0.625000 0.000000
vt 0.750000 1.000000
vt 0.750000 0.000000
vt 0.875000 1.000000
vt 0.875000 0.000000
vt 1.000000 1.000000
vt 1.000000 0.000000
vt 1.000000 0.500000
vt 0.853553 0.853553
vt 0.500000 0.500000
vt 0.146447 0.853553
vt 0.000000 0.500000
vt 0.146447 0.146447
vt 0.853553 0.146447
s 1
usemtl hull_white
f 1165/698/549 1174/699/549 1166/700/550
f 1174/699/549 1175/701/550 1166/700/550
f 1166/700/550 1175/701/550 1167/702/551
f 1175/701/550 1176/703/551 1167/702/551
f 1167/702/551 1176/703/551 1168/704/552
f 1176/703/551 1177/705/552 1168/704/552
f 1168/704/552 1177/705/552 1169/706/553
f 1177/705/552 1178/707/553 1169/706/553
f 1169/706/553 1178/707/553 1170/708/554
f 1178/707/553 1179/709/554 1170/708/554
f 1170/708/554 1179/709/554 1171/710/555
f 1179/709/554 1180/711/555 1171/710/555
f 1171/710/555 1180/711/555 1172/712/556
f 1180/711/555 1181/713/556 1172/712/556
f 1172/712/556 1181/713/556 1173/714/557
f 1181/713/556 1182/715/557 1173/714/557
f 1191/716/558 1192/717/558 1183/718/558
f 1192/717/558 1193/706/558 1184/718/558
f 1193/706/558 1194/719/558 1185/718/558
f 1194/719/558 1195/720/558 1186/718/558
f 1195/720/558 1196/721/558 1187/718/558
f 1196/721/558 1197/707/558 1188/718/558
f 1197/707/558 1198/722/558 1189/718/558
f 1198/722/558 1199/716/558 1190/718/558
f 1209/722/559 1208/716/559 1200/718/559
f 1210/707/559 1209/722/559 1201/718/559
f 1211/721/559 1210/707/559 1202/718/559
f 1212/720/559 1211/721/559 1203/718/559
f 1213/719/559 1212/720/559 1204/718/559
f 1214/706/559 1213/719/559 1205/718/559
f 1215/717/559 1214/706/559 1206/718/559
f 1216/716/559 1215/717/559 1207/718/559
o hull_mid
v 0.861038 1.213810 4.000000
v 2.078729 2.431501 4.000000
v 2.078729 4.153577 4.000000
v 0.861038 5.371268 4.000000
v -0.861038 5.371268 4.000000
v -2.078729 4.153577 4.000000
v -2.078729 2.431501 4.000000
v -0.861038 1.213810 4.000000
v 0.861038 1.213810 4.000000
v 0.861038 1.213809 -5.000000
v 2.078729 2.431500 -5.000000
v 2.078729 4.153576 -5.000000
v 0.861038 5.371267 -5.000000
v -0.861038 5.371267 -5.000000
v -2.078729 4.153576 -5.000000
v -2.078729 2.431500 -5.000000
v -0.861038 1.213809 -5.000000
v 0.861038 1.213809 -5.000000
v 0.000000 3.292539 4.000000
v 0.000000 3.292539 4.000000
v 0.000000 3.292539 4.000000
v 0.000000 3.292539 4.000000
v 0.000000 3.292539 4.000000
v 0.000000 3.292539 4.000000
v 0.000000 3.292539 4.000000
v 0.000000 3.292539 4.000000
v 0.861038 1.213810 4.000000
v 2.078729 2.431501 4.000000
v 2.078729 4.153577 4.000000
v 0.861038 5.371268 4.000000
v -0.861038 5.371268 4.000000
v -2.078729 4.153577 4.000000
v -2.078729 2.431501 4.000000
v -0.861038 1.213810 4.000000
v 0.861038 1.213810 4.000000
v -0.000000 3.292538 -5.000000
v -0.000000 3.292538 -5.000000
v -0.000000 3.292538 -5.000000
v -0.000000 3.292538 -5.000000
v -0.000000 3.292538 -5.000000
v -0.000000 3.292538 -5.000000
v -0.000000 3.292538 -5.000000
v -0.000000 3.292538 -5.000000
v 0.861038 1.213809 -5.000000
v 2.078729 2.431500 -5.000000
v 2.078729 4.153576 -5.000000
v 0.861038 5.371267 -5.000000
v -0.861038 5.371267 -5.000000
v -2.078729 4.153576 -5.000000
v -2.078729 2.431500 -5.000000
v -0.861038 1.213809 -5.000000
v 0.861038 1.213809 -5.000000
vn 0.3827 -0.9239 -0.0000
vn 0.3827 -0.9239 0.0001
vn 0.9239 -0.3827 -0.0000
vn 0.9239 0.3827 -0.0000
vn 0.3827 0.9239 -0.0000
vn -0.3827 0.9239 -0.0000
vn -0.9239 0.3827 -0.0000
vn -0.9239 -0.3827 -0.0000
vn -0.3827 -0.9239 -0.0000
vn -0.0000 -0.0000 1.0000
vn -0.0000 -0.0000 -1.0000
vt 0.000000 1.000000
vt 0.000000 0.000000
vt 0.125000 1.000000
vt 0.125000 0.000000
vt 0.250000 1.000000
vt 0.250000 0.000000
vt 0.375000 1.000000
vt 0.375000 0.000000
vt 0.500000 1.000000
vt 0.500000 0.000000
vt 0.625000 1.000000
vt 0.625000 0.000000
vt 0.750000 1.000000
vt 0.750000 0.000000
vt 0.875000 1.000000
vt 0.875000 0.000000
vt 1.000000 1.000000
vt 1.000000 0.000000
vt 1.000000 0.500000
vt 0.853553 0.853553
vt 0.500000 0.500000
vt 0.146447 0.853553
vt 0.000000 0.500000
vt 0.146447 0.146447
vt 0.853553 0.146447
s 1
usemtl hull_beige
f 1217/723/560 1226/724/561 1218/725/562
f 1226/724/561 1227/726/562 1218/725/562
f 1218/725/562 1227/726/562 1219/727/563
f 1227/726/562 1228/728/563 1219/727/563
f 1219/727/563 1228/728/563 1220/729/564
f 1228/728/563 1229/730/564 1220/729/564
f 1220/729/564 1229/730/564 1221/731/565
f 1229/730/564 1230/732/565 1221/731/565
f 1221/731/565 1230/732/565 1222/733/566
f 1230/732/565 1231/734/566 1222/733/566
f 1222/733/566 1231/734/566 1223/735/567
f 1231/734/566 1232/736/567 1223/735/567
f 1223/735/567 1232/736/567 1224/737/568
f 1232/736/567 1233/738/568 1224/737/568
f 1224/737/568 1233/738/568 1225/739/560
f 1233/738/568 1234/740/560 1225/739/560
f 1243/741/569 1244/742/569 1235/743/569
f 1244/742/569 1245/731/569 1236/743/569
f 1245/731/569 1246/744/569 1237/743/569
f 1246/744/569 1247/745/569 1238/743/569
f 1247/745/569 1248/746/569 1239/743/569
f 1248/746/569 1249/732/569 1240/743/569
f 1249/732/569 1250/747/569 1241/743/569
f 1250/747/569 1251/741/569 1242/743/569
f 1261/747/570 1260/741/570 1252/743/570
f 1262/732/570 1261/747/570 1253/743/570
f 1263/746/570 1262/732/570 1254/743/570
f 1264/745/570 1263/746/570 1255/743/570
f 1265/744/570 1264/745/570 1256/743/570
f 1266/731/570 1265/744/570 1257/743/570
f 1267/742/570 1266/731/570 1258/743/570
f 1268/741/570 1267/742/570 1259/743/570
o keel
v 0.250000 1.492539 3.500000
v 0.250000 1.492538 -5.500000
v 0.250000 0.492539 3.500000
v 0.250000 0.492538 -5.500000
v -0.250000 1.492538 -5.500000
v -0.250000 1.492539 3.500000
v -0.250000 0.492538 -5.500000
v -0.250000 0.492539 3.500000
v -0.250000 1.492538 -5.500000
v 0.250000 1.492538 -5.500000
v -0.250000 1.492539 3.500000
v 0.250000 1.492539 3.500000
v -0.250000 0.492539 3.500000
v 0.250000 0.492539 3.500000
v -0.250000 0.492538 -5.500000
v 0.250000 0.492538 -5.500000
v -0.250000 1.492539 3.500000
v 0.250000 1.492539 3.500000
v -0.250000 0.492539 3.500000
v 0.250000 0.492539 3.500000
v 0.250000 1.492538 -5.500000
v -0.250000 1.492538 -5.500000
v 0.250000 0.492538 -5.500000
v -0.250000 0.492538 -5.500000
vn 1.0000 -0.0000 -0.0000
vn -1.0000 -0.0000 -0.0000
vn -0.0000 1.0000 -0.0000
vn -0.0000 -1.0000 -0.0000
vn -0.0000 -0.0000 1.0000
vn -0.0000 -0.0000 -1.0000
vt 0.000000 1.000000
vt 0.000000 0.000000
vt 1.000000 1.000000
vt 1.000000 0.000000
s 1
usemtl panel_dark
f 1269/748/571 1271/749/571 1270/750/571
f 1271/749/571 1272/751/571 1270/750/571
f 1273/748/572 1275/749/572 1274/750/572
f 1275/749/572 1276/751/572 1274/750/572
f 1277/748/573 1279/749/573 1278/750/573
f 1279/749/573 1280/751/573 1278/750/573
f 1281/748/574 1283/749/574 1282/750/574
f 1283/749/574 1284/751/574 1282/750/574
f 1285/748/575 1287/749/575 1286/750/575
f 1287/749/575 1288/751/575 1286/750/575
f 1289/748/576 1291/749/576 1290/750/576
f 1291/749/576 1292/751/576 1290/750/576
o nose_cone
v 0.401818 2.322466 13.800000
v 0.970073 2.890722 13.800000
v 0.970073 3.694357 13.800000
v 0.401818 4.262613 13.800000
v -0.401818 4.262613 13.800000
v -0.970073 3.694357 13.800000
v -0.970073 2.890722 13.800000
v -0.401818 2.322466 13.800000
v 0.401818 2.322466 13.800000
v 0.765367 1.444780 11.000000
v 1.847759 2.527173 11.000000
v 1.847759 4.057907 11.000000
v 0.765367 5.140299 11.000000
v -0.765367 5.140299 11.000000
v -1.847759 4.057907 11.000000
v -1.847759 2.527173 11.000000
v -0.765367 1.444780 11.000000
v 0.765367 1.444780 11.000000
v 0.000000 3.292540 13.800000
v 0.000000 3.292540 13.800000
v 0.000000 3.292540 13.800000
v 0.000000 3.292540 13.800000
v 0.000000 3.292540 13.800000
v 0.000000 3.292540 13.800000
v 0.000000 3.292540 13.800000
v 0.000000 3.292540 13.800000
v 0.401818 2.322466 13.800000
v 0.970073 2.890722 13.800000
v 0.970073 3.694357 13.800000
v 0.401818 4.262613 13.800000
v -0.401818 4.262613 13.800000
v -0.970073 3.694357 13.800000
v -0.970073 2.890722 13.800000
v -0.401818 2.322466 13.800000
v 0.401818 2.322466 13.800000
v -0.000000 3.292539 11.000000
v -0.000000 3.292539 11.000000
v -0.000000 3.292539 11.000000
v -0.000000 3.292539 11.000000
v -0.000000 3.292539 11.000000
v -0.000000 3.292539 11.000000
v -0.000000 3.292539 11.000000
v -0.000000 3.292539 11.000000
v 0.765367 1.444780 11.000000
v 1.847759 2.527173 11.000000
v 1.847759 4.057907 11.000000
v 0.765367 5.140299 11.000000
v -0.765367 5.140299 11.000000
v -1.847759 4.057907 11.000000
v -1.847759 2.527173 11.000000
v -0.765367 1.444780 11.000000
v 0.765367 1.444780 11.000000
vn 0.3624 -0.8749 0.3213
vn 0.8749 -0.3624 0.3213
vn 0.8749 0.3624 0.3213
vn 0.3624 0.8749 0.3213
vn -0.3624 0.8749 0.3213
vn -0.8749 0.3624 0.3213
vn -0.8749 -0.3624 0.3213
vn -0.3624 -0.8749 0.3213
vn -0.0000 -0.0000 1.0000
vn -0.0000 -0.0000 -1.0000
vt 0.000000 1.000000
vt 0.000000 0.000000
vt 0.125000 1.000000
vt 0.125000 0.000000
vt 0.250000 1.000000
vt 0.250000 0.000000
vt 0.375000 1.000000
vt 0.375000 0.000000
vt 0.500000 1.000000
vt 0.500000 0.000000
vt 0.625000 1.000000
vt 0.625000 0.000000
vt 0.750000 1.000000
vt 0.750000 0.000000
vt 0.875000 1.000000
vt 0.875000 0.000000
vt 1.000000 1.000000
vt 1.000000 0.000000
vt 1.000000 0.500000
vt 0.853553 0.853553
vt 0.500000 0.500000
vt 0.146447 0.853553
vt 0.000000 0.500000
vt 0.146447 0.146447
vt 0.853553 0.146447
s 1
usemtl hull_beige
f 1293/752/577 1302/753/577 1294/754/578
f 1302/753/577 1303/755/578 1294/754/578
f 1294/754/578 1303/755/578 1295/756/579
f 1303/755/578 1304/757/579 1295/756/579
f 1295/756/579 1304/757/579 1296/758/580
f 1304/757/579 1305/759/580 1296/758/580
f 1296/758/580 1305/759/580 1297/760/581
f 1305/759/580 1306/761/581 1297/760/581
f 1297/760/581 1306/761/581 1298/762/582
f 1306/761/581 1307/763/582 1298/762/582
f 1298/762/582 1307/763/582 1299/764/583
f 1307/763/582 1308/765/583 1299/764/583
f 1299/764/583 1308/765/583 1300/766/584
f 1308/765/583 1309/767/584 1300/766/584
f 1300/766/584 1309/767/584 1301/768/577
f 1309/767/584 1310/769/577 1301/768/577
f 1319/770/585 1320/771/585 1311/772/585
f 1320/771/585 1321/760/585 1312/772/585
f 1321/760/585 1322/773/585 1313/772/585
f 1322/773/585 1323/774/585 1314/772/585
f 1323/774/585 1324/775/585 1315/772/585
f 1324/775/585 1325/761/585 1316/772/585
f 1325/761/585 1326/776/585 1317/772/585
f 1326/776/585 1327/770/585 1318/772/585
f 1337/776/586 1336/770/586 1328/772/586
f 1338/761/586 1337/776/586 1329/772/586
f 1339/775/586 1338/761/586 1330/772/586
f 1340/774/586 1339/775/586 1331/772/586
f 1341/773/586 1340/774/586 1332/772/586
f 1342/760/586 1341/773/586 1333/772/586
f 1343/771/586 1342/760/586 1334/772/586
f 1344/770/586 1343/771/586 1335/772/586
o pallet_l
v -2.000000 4.242539 3.400000
v -2.000000 4.242538 -1.000000
v -2.000000 2.742539 3.400000
v -2.000000 2.742539 -1.000000
v -2.700000 4.242538 -1.000000
v -2.700000 4.242539 3.400000
v -2.700000 2.742539 -1.000000
v -2.700000 2.742539 3.400000
v -2.700000 4.242538 -1.000000
v -2.000000 4.242538 -1.000000
v -2.700000 4.242539 3.400000
v -2.000000 4.242539 3.400000
v -2.700000 2.742539 3.400000
v -2.000000 2.742539 3.400000
v -2.700000 2.742539 -1.000000
v -2.000000 2.742539 -1.000000
v -2.700000 4.242539 3.400000
v -2.000000 4.242539 3.400000
v -2.700000 2.742539 3.400000
v -2.000000 2.742539 3.400000
v -2.000000 4.242538 -1.000000
v -2.700000 4.242538 -1.000000
v -2.000000 2.742539 -1.000000
v -2.700000 2.742539 -1.000000
vn 1.0000 -0.0000 -0.0000
vn -1.0000 -0.0000 -0.0000
vn -0.0000 1.0000 -0.0000
vn -0.0000 -1.0000 -0.0000
vn -0.0000 -0.0000 1.0000
vn -0.0000 -0.0000 -1.0000
vt 0.000000 1.000000
vt 0.000000 0.000000
vt 1.000000 1.000000
vt 1.000000 0.000000
s 1
usemtl frame_alloy
f 1345/777/587 1347/778/587 1346/779/587
f 1347/778/587 1348/780/587 1346/779/587
f 1349/777/588 1351/778/588 1350/779/588
f 1351/778/588 1352/780/588 1350/779/588
f 1353/777/589 1355/778/589 1354/779/589
f 1355/778/589 1356/780/589 1354/779/589
f 1357/777/590 1359/778/590 1358/779/590
f 1359/778/590 1360/780/590 1358/779/590
f 1361/777/591 1363/778/591 1362/779/591
f 1363/778/591 1364/780/591 1362/779/591
f 1365/777/592 1367/778/592 1366/779/592
f 1367/778/592 1368/780/592 1366/779/592
o pallet_r
v 2.700000 4.242539 3.400000
v 2.700000 4.242538 -1.000000
v 2.700000 2.742539 3.400000
v 2.700000 2.742539 -1.000000
v 2.000000 4.242538 -1.000000
v 2.000000 4.242539 3.400000
v 2.000000 2.742539 -1.000000
v 2.000000 2.742539 3.400000
v 2.000000 4.242538 -1.000000
v 2.700000 4.242538 -1.000000
v 2.000000 4.242539 3.400000
v 2.700000 4.242539 3.400000
v 2.000000 2.742539 3.400000
v 2.700000 2.742539 3.400000
v 2.000000 2.742539 -1.000000
v 2.700000 2.742539 -1.000000
v 2.000000 4.242539 3.400000
v 2.700000 4.242539 3.400000
v 2.000000 2.742539 3.400000
v 2.700000 2.742539 3.400000
v 2.700000 4.242538 -1.000000
v 2.000000 4.242538 -1.000000
v 2.700000 2.742539 -1.000000
v 2.000000 2.742539 -1.000000
vn 1.0000 -0.0000 -0.0000
vn -1.0000 -0.0000 -0.0000
vn -0.0000 1.0000 -0.0000
vn -0.0000 -1.0000 -0.0000
vn -0.0000 -0.0000 1.0000
vn -0.0000 -0.0000 -1.0000
vt 0.000000 1.000000
vt 0.000000 0.000000
vt 1.000000 1.000000
vt 1.000000 0.000000
s 1
usemtl frame_alloy
f 1369/781/593 1371/782/593 1370/783/593
f 1371/782/593 1372/784/593 1370/783/593
f 1373/781/594 1375/782/594 1374/783/594
f 1375/782/594 1376/784/594 1374/783/594
f 1377/781/595 1379/782/595 1378/783/595
f 1379/782/595 1380/784/595 1378/783/595
f 1381/781/596 1383/782/596 1382/783/596
f 1383/782/596 1384/784/596 1382/783/596
f 1385/781/597 1387/782/597 1386/783/597
f 1387/782/597 1388/784/597 1386/783/597
f 1389/781/598 1391/782/598 1390/783/598
f 1391/782/598 1392/784/598 1390/783/598
o panel_cells_0
v 5.130000 3.350039 1.720000
v 5.130000 3.350038 -2.720000
v 5.130000 3.235039 1.720000
v 5.130000 3.235039 -2.720000
v 3.270000 3.350038 -2.720000
v 3.270000 3.350039 1.720000
v 3.270000 3.235039 -2.720000
v 3.270000 3.235039 1.720000
v 3.270000 3.350038 -2.720000
v 5.130000 3.350038 -2.720000
v 3.270000 3.350039 1.720000
v 5.130000 3.350039 1.720000
v 3.270000 3.235039 1.720000
v 5.130000 3.235039 1.720000
v 3.270000 3.235039 -2.720000
v 5.130000 3.235039 -2.720000
v 3.270000 3.350039 1.720000
v 5.130000 3.350039 1.720000
v 3.270000 3.235039 1.720000
v 5.130000 3.235039 1.720000
v 5.130000 3.350038 -2.720000
v 3.270000 3.350038 -2.720000
v 5.130000 3.235039 -2.720000
v 3.270000 3.235039 -2.720000
vn 1.0000 -0.0000 -0.0000
vn -1.0000 -0.0000 -0.0000
vn -0.0000 1.0000 -0.0000
vn -0.0000 -1.0000 -0.0000
vn -0.0000 -0.0000 1.0000
vn -0.0000 -0.0000 -1.0000
vt 0.000000 1.000000
vt 0.000000 0.000000
vt 1.000000 1.000000
vt 1.000000 0.000000
s 1
usemtl solar_cell
f 1393/785/599 1395/786/599 1394/787/599
f 1395/786/599 1396/788/599 1394/787/599
f 1397/785/600 1399/786/600 1398/787/600
f 1399/786/600 1400/788/600 1398/787/600
f 1401/785/601 1403/786/601 1402/787/601
f 1403/786/601 1404/788/601 1402/787/601
f 1405/785/602 1407/786/602 1406/787/602
f 1407/786/602 1408/788/602 1406/787/602
f 1409/785/603 1411/786/603 1410/787/603
f 1411/786/603 1412/788/603 1410/787/603
f 1413/785/604 1415/786/604 1414/787/604
f 1415/786/604 1416/788/604 1414/787/604
o panel_cells_0.001
v -3.270000 3.350039 1.720000
v -3.270000 3.350038 -2.720000
v -3.270000 3.235039 1.720000
v -3.270000 3.235039 -2.720000
v -5.130000 3.350038 -2.720000
v -5.130000 3.350039 1.720000
v -5.130000 3.235039 -2.720000
v -5.130000 3.235039 1.720000
v -5.130000 3.350038 -2.720000
v -3.270000 3.350038 -2.720000
v -5.130000 3.350039 1.720000
v -3.270000 3.350039 1.720000
v -5.130000 3.235039 1.720000
v -3.270000 3.235039 1.720000
v -5.130000 3.235039 -2.720000
v -3.270000 3.235039 -2.720000
v -5.130000 3.350039 1.720000
v -3.270000 3.350039 1.720000
v -5.130000 3.235039 1.720000
v -3.270000 3.235039 1.720000
v -3.270000 3.350038 -2.720000
v -5.130000 3.350038 -2.720000
v -3.270000 3.235039 -2.720000
v -5.130000 3.235039 -2.720000
vn 1.0000 -0.0000 -0.0000
vn -1.0000 -0.0000 -0.0000
vn -0.0000 1.0000 -0.0000
vn -0.0000 -1.0000 -0.0000
vn -0.0000 -0.0000 1.0000
vn -0.0000 -0.0000 -1.0000
vt 0.000000 1.000000
vt 0.000000 0.000000
vt 1.000000 1.000000
vt 1.000000 0.000000
s 1
usemtl solar_cell
f 1417/789/605 1419/790/605 1418/791/605
f 1419/790/605 1420/792/605 1418/791/605
f 1421/789/606 1423/790/606 1422/791/606
f 1423/790/606 1424/792/606 1422/791/606
f 1425/789/607 1427/790/607 1426/791/607
f 1427/790/607 1428/792/607 1426/791/607
f 1429/789/608 1431/790/608 1430/791/608
f 1431/790/608 1432/792/608 1430/791/608
f 1433/789/609 1435/790/609 1434/791/609
f 1435/790/609 1436/792/609 1434/791/609
f 1437/789/610 1439/790/610 1438/791/610
f 1439/790/610 1440/792/610 1438/791/610
o panel_cells_1
v 7.280000 3.350039 1.720000
v 7.280000 3.350038 -2.720000
v 7.280000 3.235039 1.720000
v 7.280000 3.235039 -2.720000
v 5.420000 3.350038 -2.720000
v 5.420000 3.350039 1.720000
v 5.420000 3.235039 -2.720000
v 5.420000 3.235039 1.720000
v 5.420000 3.350038 -2.720000
v 7.280000 3.350038 -2.720000
v 5.420000 3.350039 1.720000
v 7.280000 3.350039 1.720000
v 5.420000 3.235039 1.720000
v 7.280000 3.235039 1.720000
v 5.420000 3.235039 -2.720000
v 7.280000 3.235039 -2.720000
v 5.420000 3.350039 1.720000
v 7.280000 3.350039 1.720000
v 5.420000 3.235039 1.720000
v 7.280000 3.235039 1.720000
v 7.280000 3.350038 -2.720000
v 5.420000 3.350038 -2.720000
v 7.280000 3.235039 -2.720000
v 5.420000 3.235039 -2.720000
vn 1.0000 -0.0000 -0.0000
vn -1.0000 -0.0000 -0.0000
vn -0.0000 1.0000 -0.0000
vn -0.0000 -1.0000 -0.0000
vn -0.0000 -0.0000 1.0000
vn -0.0000 -0.0000 -1.0000
vt 0.000000 1.000000
vt 0.000000 0.000000
vt 1.000000 1.000000
vt 1.000000 0.000000
s 1
usemtl solar_cell
f 1441/793/611 1443/794/611 1442/795/611
f 1443/794/611 1444/796/611 1442/795/611
f 1445/793/612 1447/794/612 1446/795/612
f 1447/794/612 1448/796/612 1446/795/612
f 1449/793/613 1451/794/613 1450/795/613
f 1451/794/613 1452/796/613 1450/795/613
f 1453/793/614 1455/794/614 1454/795/614
f 1455/794/614 1456/796/614 1454/795/614
f 1457/793/615 1459/794/615 1458/795/615
f 1459/794/615 1460/796/615 1458/795/615
f 1461/793/616 1463/794/616 1462/795/616
f 1463/794/616 1464/796/616 1462/795/616
o panel_cells_1.001
v -5.420000 3.350039 1.720000
v -5.420000 3.350038 -2.720000
v -5.420000 3.235039 1.720000
v -5.420000 3.235039 -2.720000
v -7.280000 3.350038 -2.720000
v -7.280000 3.350039 1.720000
v -7.280000 3.235039 -2.720000
v -7.280000 3.235039 1.720000
v -7.280000 3.350038 -2.720000
v -5.420000 3.350038 -2.720000
v -7.280000 3.350039 1.720000
v -5.420000 3.350039 1.720000
v -7.280000 3.235039 1.720000
v -5.420000 3.235039 1.720000
v -7.280000 3.235039 -2.720000
v -5.420000 3.235039 -2.720000
v -7.280000 3.350039 1.720000
v -5.420000 3.350039 1.720000
v -7.280000 3.235039 1.720000
v -5.420000 3.235039 1.720000
v -5.420000 3.350038 -2.720000
v -7.280000 3.350038 -2.720000
v -5.420000 3.235039 -2.720000
v -7.280000 3.235039 -2.720000
vn 1.0000 -0.0000 -0.0000
vn -1.0000 -0.0000 -0.0000
vn -0.0000 1.0000 -0.0000
vn -0.0000 -1.0000 -0.0000
vn -0.0000 -0.0000 1.0000
vn -0.0000 -0.0000 -1.0000
vt 0.000000 1.000000
vt 0.000000 0.000000
vt 1.000000 1.000000
vt 1.000000 0.000000
s 1
usemtl solar_cell
f 1465/797/617 1467/798/617 1466/799/617
f 1467/798/617 1468/800/617 1466/799/617
f 1469/797/618 1471/798/618 1470/799/618
f 1471/798/618 1472/800/618 1470/799/618
f 1473/797/619 1475/798/619 1474/799/619
f 1475/798/619 1476/800/619 1474/799/619
f 1477/797/620 1479/798/620 1478/799/620
f 1479/798/620 1480/800/620 1478/799/620
f 1481/797/621 1483/798/621 1482/799/621
f 1483/798/621 1484/800/621 1482/799/621
f 1485/797/622 1487/798/622 1486/799/622
f 1487/798/622 1488/800/622 1486/799/622
o panel_cells_2
v 9.430000 3.350039 1.720000
v 9.430000 3.350038 -2.720000
v 9.430000 3.235039 1.720000
v 9.430000 3.235039 -2.720000
v 7.570000 3.350038 -2.720000
v 7.570000 3.350039 1.720000
v 7.570000 3.235039 -2.720000
v 7.570000 3.235039 1.720000
v 7.570000 3.350038 -2.720000
v 9.430000 3.350038 -2.720000
v 7.570000 3.350039 1.720000
v 9.430000 3.350039 1.720000
v 7.570000 3.235039 1.720000
v 9.430000 3.235039 1.720000
v 7.570000 3.235039 -2.720000
v 9.430000 3.235039 -2.720000
v 7.570000 3.350039 1.720000
v 9.430000 3.350039 1.720000
v 7.570000 3.235039 1.720000
v 9.430000 3.235039 1.720000
v 9.430000 3.350038 -2.720000
v 7.570000 3.350038 -2.720000
v 9.430000 3.235039 -2.720000
v 7.570000 3.235039 -2.720000
vn 1.0000 -0.0000 -0.0000
vn -1.0000 -0.0000 -0.0000
vn -0.0000 1.0000 -0.0000
vn -0.0000 -1.0000 -0.0000
vn -0.0000 -0.0000 1.0000
vn -0.0000 -0.0000 -1.0000
vt 0.000000 1.000000
vt 0.000000 0.000000
vt 1.000000 1.000000
vt 1.000000 0.000000
s 1
usemtl solar_cell
f 1489/801/623 1491/802/623 1490/803/623
f 1491/802/623 1492/804/623 1490/803/623
f 1493/801/624 1495/802/624 1494/803/624
f 1495/802/624 1496/804/624 1494/803/624
f 1497/801/625 1499/802/625 1498/803/625
f 1499/802/625 1500/804/625 1498/803/625
f 1501/801/626 1503/802/626 1502/803/626
f 1503/802/626 1504/804/626 1502/803/626
f 1505/801/627 1507/802/627 1506/803/627
f 1507/802/627 1508/804/627 1506/803/627
f 1509/801/628 1511/802/628 1510/803/628
f 1511/802/628 1512/804/628 1510/803/628
o panel_cells_2.001
v -7.570000 3.350039 1.720000
v -7.570000 3.350038 -2.720000
v -7.570000 3.235039 1.720000
v -7.570000 3.235039 -2.720000
v -9.430000 3.350038 -2.720000
v -9.430000 3.350039 1.720000
v -9.430000 3.235039 -2.720000
v -9.430000 3.235039 1.720000
v -9.430000 3.350038 -2.720000
v -7.570000 3.350038 -2.720000
v -9.430000 3.350039 1.720000
v -7.570000 3.350039 1.720000
v -9.430000 3.235039 1.720000
v -7.570000 3.235039 1.720000
v -9.430000 3.235039 -2.720000
v -7.570000 3.235039 -2.720000
v -9.430000 3.350039 1.720000
v -7.570000 3.350039 1.720000
v -9.430000 3.235039 1.720000
v -7.570000 3.235039 1.720000
v -7.570000 3.350038 -2.720000
v -9.430000 3.350038 -2.720000
v -7.570000 3.235039 -2.720000
v -9.430000 3.235039 -2.720000
vn 1.0000 -0.0000 -0.0000
vn -1.0000 -0.0000 -0.0000
vn -0.0000 1.0000 -0.0000
vn -0.0000 -1.0000 -0.0000
vn -0.0000 -0.0000 1.0000
vn -0.0000 -0.0000 -1.0000
vt 0.000000 1.000000
vt 0.000000 0.000000
vt 1.000000 1.000000
vt 1.000000 0.000000
s 1
usemtl solar_cell
f 1513/805/629 1515/806/629 1514/807/629
f 1515/806/629 1516/808/629 1514/807/629
f 1517/805/630 1519/806/630 1518/807/630
f 1519/806/630 1520/808/630 1518/807/630
f 1521/805/631 1523/806/631 1522/807/631
f 1523/806/631 1524/808/631 1522/807/631
f 1525/805/632 1527/806/632 1526/807/632
f 1527/806/632 1528/808/632 1526/807/632
f 1529/805/633 1531/806/633 1530/807/633
f 1531/806/633 1532/808/633 1530/807/633
f 1533/805/634 1535/806/634 1534/807/634
f 1535/806/634 1536/808/634 1534/807/634
o panel_frame_0
v 5.200000 3.342539 1.800000
v 5.200000 3.342538 -2.800000
v 5.200000 3.242539 1.800000
v 5.200000 3.242538 -2.800000
v 3.200000 3.342538 -2.800000
v 3.200000 3.342539 1.800000
v 3.200000 3.242538 -2.800000
v 3.200000 3.242539 1.800000
v 3.200000 3.342538 -2.800000
v 5.200000 3.342538 -2.800000
v 3.200000 3.342539 1.800000
v 5.200000 3.342539 1.800000
v 3.200000 3.242539 1.800000
v 5.200000 3.242539 1.800000
v 3.200000 3.242538 -2.800000
v 5.200000 3.242538 -2.800000
v 3.200000 3.342539 1.800000
v 5.200000 3.342539 1.800000
v 3.200000 3.242539 1.800000
v 5.200000 3.242539 1.800000
v 5.200000 3.342538 -2.800000
v 3.200000 3.342538 -2.800000
v 5.200000 3.242538 -2.800000
v 3.200000 3.242538 -2.800000
vn 1.0000 -0.0000 -0.0000
vn -1.0000 -0.0000 -0.0000
vn -0.0000 1.0000 -0.0000
vn -0.0000 -1.0000 -0.0000
vn -0.0000 -0.0000 1.0000
vn -0.0000 -0.0000 -1.0000
vt 0.000000 1.000000
vt 0.000000 0.000000
vt 1.000000 1.000000
vt 1.000000 0.000000
s 1
usemtl frame_alloy
f 1537/809/635 1539/810/635 1538/811/635
f 1539/810/635 1540/812/635 1538/811/635
f 1541/809/636 1543/810/636 1542/811/636
f 1543/810/636 1544/812/636 1542/811/636
f 1545/809/637 1547/810/637 1546/811/637
f 1547/810/637 1548/812/637 1546/811/637
f 1549/809/638 1551/810/638 1550/811/638
f 1551/810/638 1552/812/638 1550/811/638
f 1553/809/639 1555/810/639 1554/811/639
f 1555/810/639 1556/812/639 1554/811/639
f 1557/809/640 1559/810/640 1558/811/640
f 1559/810/640 1560/812/640 1558/811/640
o panel_frame_0.001
v -3.200000 3.342539 1.800000
v -3.200000 3.342538 -2.800000
v -3.200000 3.242539 1.800000
v -3.200000 3.242538 -2.800000
v -5.200000 3.342538 -2.800000
v -5.200000 3.342539 1.800000
v -5.200000 3.242538 -2.800000
v -5.200000 3.242539 1.800000
v -5.200000 3.342538 -2.800000
v -3.200000 3.342538 -2.800000
v -5.200000 3.342539 1.800000
v -3.200000 3.342539 1.800000
v -5.200000 3.242539 1.800000
v -3.200000 3.242539 1.800000
v -5.200000 3.242538 -2.800000
v -3.200000 3.242538 -2.800000
v -5.200000 3.342539 1.800000
v -3.200000 3.342539 1.800000
v -5.200000 3.242539 1.800000
v -3.200000 3.242539 1.800000
v -3.200000 3.342538 -2.800000
v -5.200000 3.342538 -2.800000
v -3.200000 3.242538 -2.800000
v -5.200000 3.242538 -2.800000
vn 1.0000 -0.0000 -0.0000
vn -1.0000 -0.0000 -0.0000
vn -0.0000 1.0000 -0.0000
vn -0.0000 -1.0000 -0.0000
vn -0.0000 -0.0000 1.0000
vn -0.0000 -0.0000 -1.0000
vt 0.000000 1.000000
vt 0.000000 0.000000
vt 1.000000 1.000000
vt 1.000000 0.000000
s 1
usemtl frame_alloy
f 1561/813/641 1563/814/641 1562/815/641
f 1563/814/641 1564/816/641 1562/815/641
f 1565/813/642 1567/814/642 1566/815/642
f 1567/814/642 1568/816/642 1566/815/642
f 1569/813/643 1571/814/643 1570/815/643
f 1571/814/643 1572/816/643 1570/815/643
f 1573/813/644 1575/814/644 1574/815/644
f 1575/814/644 1576/816/644 1574/815/644
f 1577/813/645 1579/814/645 1578/815/645
f 1579/814/645 1580/816/645 1578/815/645
f 1581/813/646 1583/814/646 1582/815/646
f 1583/814/646 1584/816/646 1582/815/646
o panel_frame_1
v 7.350000 3.342539 1.800000
v 7.350000 3.342538 -2.800000
v 7.350000 3.242539 1.800000
v 7.350000 3.242538 -2.800000
v 5.350000 3.342538 -2.800000
v 5.350000 3.342539 1.800000
v 5.350000 3.242538 -2.800000
v 5.350000 3.242539 1.800000
v 5.350000 3.342538 -2.800000
v 7.350000 3.342538 -2.800000
v 5.350000 3.342539 1.800000
v 7.350000 3.342539 1.800000
v 5.350000 3.242539 1.800000
v 7.350000 3.242539 1.800000
v 5.350000 3.242538 -2.800000
v 7.350000 3.242538 -2.800000
v 5.350000 3.342539 1.800000
v 7.350000 3.342539 1.800000
v 5.350000 3.242539 1.800000
v 7.350000 3.242539 1.800000
v 7.350000 3.342538 -2.800000
v 5.350000 3.342538 -2.800000
v 7.350000 3.242538 -2.800000
v 5.350000 3.242538 -2.800000
vn 1.0000 -0.0000 -0.0000
vn -1.0000 -0.0000 -0.0000
vn -0.0000 1.0000 -0.0000
vn -0.0000 -1.0000 -0.0000
vn -0.0000 -0.0000 1.0000
vn -0.0000 -0.0000 -1.0000
vt 0.000000 1.000000
vt 0.000000 0.000000
vt 1.000000 1.000000
vt 1.000000 0.000000
s 1
usemtl frame_alloy
f 1585/817/647 1587/818/647 1586/819/647
f 1587/818/647 1588/820/647 1586/819/647
f 1589/817/648 1591/818/648 1590/819/648
f 1591/818/648 1592/820/648 1590/819/648
f 1593/817/649 1595/818/649 1594/819/649
f 1595/818/649 1596/820/649 1594/819/649
f 1597/817/650 1599/818/650 1598/819/650
f 1599/818/650 1600/820/650 1598/819/650
f 1601/817/651 1603/818/651 1602/819/651
f 1603/818/651 1604/820/651 1602/819/651
f 1605/817/652 1607/818/652 1606/819/652
f 1607/818/652 1608/820/652 1606/819/652
o panel_frame_1.001
v -5.350000 3.342539 1.800000
v -5.350000 3.342538 -2.800000
v -5.350000 3.242539 1.800000
v -5.350000 3.242538 -2.800000
v -7.350000 3.342538 -2.800000
v -7.350000 3.342539 1.800000
v -7.350000 3.242538 -2.800000
v -7.350000 3.242539 1.800000
v -7.350000 3.342538 -2.800000
v -5.350000 3.342538 -2.800000
v -7.350000 3.342539 1.800000
v -5.350000 3.342539 1.800000
v -7.350000 3.242539 1.800000
v -5.350000 3.242539 1.800000
v -7.350000 3.242538 -2.800000
v -5.350000 3.242538 -2.800000
v -7.350000 3.342539 1.800000
v -5.350000 3.342539 1.800000
v -7.350000 3.242539 1.800000
v -5.350000 3.242539 1.800000
v -5.350000 3.342538 -2.800000
v -7.350000 3.342538 -2.800000
v -5.350000 3.242538 -2.800000
v -7.350000 3.242538 -2.800000
vn 1.0000 -0.0000 -0.0000
vn -1.0000 -0.0000 -0.0000
vn -0.0000 1.0000 -0.0000
vn -0.0000 -1.0000 -0.0000
vn -0.0000 -0.0000 1.0000
vn -0.0000 -0.0000 -1.0000
vt 0.000000 1.000000
vt 0.000000 0.000000
vt 1.000000 1.000000
vt 1.000000 0.000000
s 1
usemtl frame_alloy
f 1609/821/653 1611/822/653 1610/823/653
f 1611/822/653 1612/824/653 1610/823/653
f 1613/821/654 1615/822/654 1614/823/654
f 1615/822/654 1616/824/654 1614/823/654
f 1617/821/655 1619/822/655 1618/823/655
f 1619/822/655 1620/824/655 1618/823/655
f 1621/821/656 1623/822/656 1622/823/656
f 1623/822/656 1624/824/656 1622/823/656
f 1625/821/657 1627/822/657 1626/823/657
f 1627/822/657 1628/824/657 1626/823/657
f 1629/821/658 1631/822/658 1630/823/658
f 1631/822/658 1632/824/658 1630/823/658
o panel_frame_2
v 9.500000 3.342539 1.800000
v 9.500000 3.342538 -2.800000
v 9.500000 3.242539 1.800000
v 9.500000 3.242538 -2.800000
v 7.500000 3.342538 -2.800000
v 7.500000 3.342539 1.800000
v 7.500000 3.242538 -2.800000
v 7.500000 3.242539 1.800000
v 7.500000 3.342538 -2.800000
v 9.500000 3.342538 -2.800000
v 7.500000 3.342539 1.800000
v 9.500000 3.342539 1.800000
v 7.500000 3.242539 1.800000
v 9.500000 3.242539 1.800000
v 7.500000 3.242538 -2.800000
v 9.500000 3.242538 -2.800000
v 7.500000 3.342539 1.800000
v 9.500000 3.342539 1.800000
v 7.500000 3.242539 1.800000
v 9.500000 3.242539 1.800000
v 9.500000 3.342538 -2.800000
v 7.500000 3.342538 -2.800000
v 9.500000 3.242538 -2.800000
v 7.500000 3.242538 -2.800000
vn 1.0000 -0.0000 -0.0000
vn -1.0000 -0.0000 -0.0000
vn -0.0000 1.0000 -0.0000
vn -0.0000 -1.0000 -0.0000
vn -0.0000 -0.0000 1.0000
vn -0.0000 -0.0000 -1.0000
vt 0.000000 1.000000
vt 0.000000 0.000000
vt 1.000000 1.000000
vt 1.000000 0.000000
s 1
usemtl frame_alloy
f 1633/825/659 1635/826/659 1634/827/659
f 1635/826/659 1636/828/659 1634/827/659
f 1637/825/660 1639/826/660 1638/827/660
f 1639/826/660 1640/828/660 1638/827/660
f 1641/825/661 1643/826/661 1642/827/661
f 1643/826/661 1644/828/661 1642/827/661
f 1645/825/662 1647/826/662 1646/827/662
f 1647/826/662 1648/828/662 1646/827/662
f 1649/825/663 1651/826/663 1650/827/663
f 1651/826/663 1652/828/663 1650/827/663
f 1653/825/664 1655/826/664 1654/827/664
f 1655/826/664 1656/828/664 1654/827/664
o panel_frame_2.001
v -7.500000 3.342539 1.800000
v -7.500000 3.342538 -2.800000
v -7.500000 3.242539 1.800000
v -7.500000 3.242538 -2.800000
v -9.500000 3.342538 -2.800000
v -9.500000 3.342539 1.800000
v -9.500000 3.242538 -2.800000
v -9.500000 3.242539 1.800000
v -9.500000 3.342538 -2.800000
v -7.500000 3.342538 -2.800000
v -9.500000 3.342539 1.800000
v -7.500000 3.342539 1.800000
v -9.500000 3.242539 1.800000
v -7.500000 3.242539 1.800000
v -9.500000 3.242538 -2.800000
v -7.500000 3.242538 -2.800000
v -9.500000 3.342539 1.800000
v -7.500000 3.342539 1.800000
v -9.500000 3.242539 1.800000
v -7.500000 3.242539 1.800000
v -7.500000 3.342538 -2.800000
v -9.500000 3.342538 -2.800000
v -7.500000 3.242538 -2.800000
v -9.500000 3.242538 -2.800000
vn 1.0000 -0.0000 -0.0000
vn -1.0000 -0.0000 -0.0000
vn -0.0000 1.0000 -0.0000
vn -0.0000 -1.0000 -0.0000
vn -0.0000 -0.0000 1.0000
vn -0.0000 -0.0000 -1.0000
vt 0.000000 1.000000
vt 0.000000 0.000000
vt 1.000000 1.000000
vt 1.000000 0.000000
s 1
usemtl frame_alloy
f 1657/829/665 1659/830/665 1658/831/665
f 1659/830/665 1660/832/665 1658/831/665
f 1661/829/666 1663/830/666 1662/831/666
f 1663/830/666 1664/832/666 1662/831/666
f 1665/829/667 1667/830/667 1666/831/667
f 1667/830/667 1668/832/667 1666/831/667
f 1669/829/668 1671/830/668 1670/831/668
f 1671/830/668 1672/832/668 1670/831/668
f 1673/829/669 1675/830/669 1674/831/669
f 1675/830/669 1676/832/669 1674/831/669
f 1677/829/670 1679/830/670 1678/831/670
f 1679/830/670 1680/832/670 1678/831/670
o patch_1
v -0.403658 5.594441 2.849999
v -0.403658 5.594441 0.750000
v -0.398861 5.514585 2.849999
v -0.398861 5.514585 0.750000
v -1.801139 5.510492 0.750000
v -1.801139 5.510492 2.849999
v -1.796342 5.430636 0.750000
v -1.796342 5.430636 2.849999
v -1.801139 5.510492 0.750000
v -0.403658 5.594441 0.750000
v -1.801139 5.510492 2.849999
v -0.403658 5.594441 2.849999
v -1.796342 5.430636 2.849999
v -0.398861 5.514585 2.849999
v -1.796342 5.430636 0.750000
v -0.398861 5.514585 0.750000
v -1.801139 5.510492 2.849999
v -0.403658 5.594441 2.849999
v -1.796342 5.430636 2.849999
v -0.398861 5.514585 2.849999
v -0.403658 5.594441 0.750000
v -1.801139 5.510492 0.750000
v -0.398861 5.514585 0.750000
v -1.796342 5.430636 0.750000
vn 0.9982 0.0600 -0.0000
vn -0.9982 -0.0600 -0.0000
vn -0.0600 0.9982 -0.0000
vn 0.0600 -0.9982 -0.0000
vn -0.0000 -0.0000 1.0000
vn -0.0000 -0.0000 -1.0000
vt 0.000000 1.000000
vt 0.000000 0.000000
vt 1.000000 1.000000
vt 1.000000 0.000000
s 1
usemtl frame_alloy
f 1681/833/671 1683/834/671 1682/835/671
f 1683/834/671 1684/836/671 1682/835/671
f 1685/833/672 1687/834/672 1686/835/672
f 1687/834/672 1688/836/672 1686/835/672
f 1689/833/673 1691/834/673 1690/835/673
f 1691/834/673 1692/836/673 1690/835/673
f 1693/833/674 1695/834/674 1694/835/674
f 1695/834/674 1696/836/674 1694/835/674
f 1697/833/675 1699/834/675 1698/835/675
f 1699/834/675 1700/836/675 1698/835/675
f 1701/833/676 1703/834/676 1702/835/676
f 1703/834/676 1704/836/676 1702/835/676
o patch_2
v 3.589249 4.286091 6.498872
v 3.589249 4.286091 5.198872
v 3.589206 4.206091 6.498872
v 3.589206 4.206091 5.198872
v 2.589249 4.286633 5.198872
v 2.589249 4.286633 6.498872
v 2.589206 4.206633 5.198872
v 2.589206 4.206633 6.498872
v 2.589249 4.286633 5.198872
v 3.589249 4.286091 5.198872
v 2.589249 4.286633 6.498872
v 3.589249 4.286091 6.498872
v 2.589206 4.206633 6.498872
v 3.589206 4.206091 6.498872
v 2.589206 4.206633 5.198872
v 3.589206 4.206091 5.198872
v 2.589249 4.286633 6.498872
v 3.589249 4.286091 6.498872
v 2.589206 4.206633 6.498872
v 3.589206 4.206091 6.498872
v 3.589249 4.286091 5.198872
v 2.589249 4.286633 5.198872
v 3.589206 4.206091 5.198872
v 2.589206 4.206633 5.198872
vn 1.0000 -0.0005 -0.0000
vn -1.0000 0.0005 -0.0000
vn 0.0005 1.0000 -0.0000
vn -0.0005 -1.0000 -0.0000
vn -0.0000 -0.0000 1.0000
vn -0.0000 -0.0000 -1.0000
vt 0.000000 1.000000
vt 0.000000 0.000000
vt 1.000000 1.000000
vt 1.000000 0.000000
s 1
usemtl panel_dark
f 1705/837/677 1707/838/677 1706/839/677
f 1707/838/677 1708/840/677 1706/839/677
f 1709/837/678 1711/838/678 1710/839/678
f 1711/838/678 1712/840/678 1710/839/678
f 1713/837/679 1715/838/679 1714/839/679
f 1715/838/679 1716/840/679 1714/839/679
f 1717/837/680 1719/838/680 1718/839/680
f 1719/838/680 1720/840/680 1718/839/680
f 1721/837/681 1723/838/681 1722/839/681
f 1723/838/681 1724/840/681 1722/839/681
f 1725/837/682 1727/838/682 1726/839/682
f 1727/838/682 1728/840/682 1726/839/682
o rcs_housing
v -1.682914 5.364361 -9.440000
v -1.682914 5.364360 -10.160000
v -1.294005 4.975452 -9.440000
v -1.294005 4.975452 -10.160000
v -2.071823 4.975452 -10.160000
v -2.071823 4.975452 -9.440000
v -1.682914 4.586543 -10.160000
v -1.682914 4.586544 -9.440000
v -2.071823 4.975452 -10.160000
v -1.682914 5.364360 -10.160000
v -2.071823 4.975452 -9.440000
v -1.682914 5.364361 -9.440000
v -1.682914 4.586544 -9.440000
v -1.294005 4.975452 -9.440000
v -1.682914 4.586543 -10.160000
v -1.294005 4.975452 -10.160000
v -2.071823 4.975452 -9.440000
v -1.682914 5.364361 -9.440000
v -1.682914 4.586544 -9.440000
v -1.294005 4.975452 -9.440000
v -1.682914 5.364360 -10.160000
v -2.071823 4.975452 -10.160000
v -1.294005 4.975452 -10.160000
v -1.682914 4.586543 -10.160000
vn 0.7071 0.7071 -0.0000
vn -0.7071 -0.7071 -0.0000
vn -0.7071 0.7071 -0.0000
vn 0.7071 -0.7071 -0.0000
vn -0.0000 -0.0000 1.0000
vn -0.0000 -0.0000 -1.0000
vt 0.000000 1.000000
vt 0.000000 0.000000
vt 1.000000 1.000000
vt 1.000000 0.000000
s 1
usemtl panel_dark
f 1729/841/683 1731/842/683 1730/843/683
f 1731/842/683 1732/844/683 1730/843/683
f 1733/841/684 1735/842/684 1734/843/684
f 1735/842/684 1736/844/684 1734/843/684
f 1737/841/685 1739/842/685 1738/843/685
f 1739/842/685 1740/844/685 1738/843/685
f 1741/841/686 1743/842/686 1742/843/686
f 1743/842/686 1744/844/686 1742/843/686
f 1745/841/687 1747/842/687 1746/843/687
f 1747/842/687 1748/844/687 1746/843/687
f 1749/841/688 1751/842/688 1750/843/688
f 1751/842/688 1752/844/688 1750/843/688
o rcs_housing.001
v 1.944544 4.848175 10.960000
v 1.944544 4.848175 10.240000
v 1.555635 4.459266 10.960000
v 1.555635 4.459266 10.240000
v 1.555635 5.237083 10.240000
v 1.555635 5.237083 10.960000
v 1.166726 4.848175 10.240000
v 1.166726 4.848175 10.960000
v 1.555635 5.237083 10.240000
v 1.944544 4.848175 10.240000
v 1.555635 5.237083 10.960000
v 1.944544 4.848175 10.960000
v 1.166726 4.848175 10.960000
v 1.555635 4.459266 10.960000
v 1.166726 4.848175 10.240000
v 1.555635 4.459266 10.240000
v 1.555635 5.237083 10.960000
v 1.944544 4.848175 10.960000
v 1.166726 4.848175 10.960000
v 1.555635 4.459266 10.960000
v 1.944544 4.848175 10.240000
v 1.555635 5.237083 10.240000
v 1.555635 4.459266 10.240000
v 1.166726 4.848175 10.240000
vn 0.7071 -0.7071 -0.0000
vn -0.7071 0.7071 -0.0000
vn 0.7071 0.7071 -0.0000
vn -0.7071 -0.7071 -0.0000
vn -0.0000 -0.0000 1.0000
vn -0.0000 -0.0000 -1.0000
vt 0.000000 1.000000
vt 0.000000 0.000000
vt 1.000000 1.000000
vt 1.000000 0.000000
s 1
usemtl panel_dark
f 1753/845/689 1755/846/689 1754/847/689
f 1755/846/689 1756/848/689 1754/847/689
f 1757/845/690 1759/846/690 1758/847/690
f 1759/846/690 1760/848/690 1758/847/690
f 1761/845/691 1763/846/691 1762/847/691
f 1763/846/691 1764/848/691 1762/847/691
f 1765/845/692 1767/846/692 1766/847/692
f 1767/846/692 1768/848/692 1766/847/692
f 1769/845/693 1771/846/693 1770/847/693
f 1771/846/693 1772/848/693 1770/847/693
f 1773/845/694 1775/846/694 1774/847/694
f 1775/846/694 1776/848/694 1774/847/694
o rcs_housing.002
v -1.944544 1.736905 10.960000
v -1.944544 1.736905 10.240000
v -1.555635 2.125813 10.960000
v -1.555635 2.125813 10.240000
v -1.555635 1.347996 10.240000
v -1.555635 1.347996 10.960000
v -1.166726 1.736905 10.240000
v -1.166726 1.736905 10.960000
v -1.555635 1.347996 10.240000
v -1.944544 1.736905 10.240000
v -1.555635 1.347996 10.960000
v -1.944544 1.736905 10.960000
v -1.166726 1.736905 10.960000
v -1.555635 2.125813 10.960000
v -1.166726 1.736905 10.240000
v -1.555635 2.125813 10.240000
v -1.555635 1.347996 10.960000
v -1.944544 1.736905 10.960000
v -1.166726 1.736905 10.960000
v -1.555635 2.125813 10.960000
v -1.944544 1.736905 10.240000
v -1.555635 1.347996 10.240000
v -1.555635 2.125813 10.240000
v -1.166726 1.736905 10.240000
vn -0.7071 0.7071 -0.0000
vn 0.7071 -0.7071 -0.0000
vn -0.7071 -0.7071 -0.0000
vn 0.7071 0.7071 -0.0000
vn -0.0000 -0.0000 1.0000
vn -0.0000 -0.0000 -1.0000
vt 0.000000 1.000000
vt 0.000000 0.000000
vt 1.000000 1.000000
vt 1.000000 0.000000
s 1
usemtl panel_dark
f 1777/849/695 1779/850/695 1778/851/695
f 1779/850/695 1780/852/695 1778/851/695
f 1781/849/696 1783/850/696 1782/851/696
f 1783/850/696 1784/852/696 1782/851/696
f 1785/849/697 1787/850/697 1786/851/697
f 1787/850/697 1788/852/697 1786/851/697
f 1789/849/698 1791/850/698 1790/851/698
f 1791/850/698 1792/852/698 1790/851/698
f 1793/849/699 1795/850/699 1794/851/699
f 1795/850/699 1796/852/699 1794/851/699
f 1797/849/700 1799/850/700 1798/851/700
f 1799/850/700 1800/852/700 1798/851/700
o rcs_housing.003
v 2.071823 4.975452 -9.440000
v 2.071823 4.975452 -10.160000
v 1.682914 4.586544 -9.440000
v 1.682914 4.586543 -10.160000
v 1.682914 5.364360 -10.160000
v 1.682914 5.364361 -9.440000
v 1.294005 4.975452 -10.160000
v 1.294005 4.975452 -9.440000
v 1.682914 5.364360 -10.160000
v 2.071823 4.975452 -10.160000
v 1.682914 5.364361 -9.440000
v 2.071823 4.975452 -9.440000
v 1.294005 4.975452 -9.440000
v 1.682914 4.586544 -9.440000
v 1.294005 4.975452 -10.160000
v 1.682914 4.586543 -10.160000
v 1.682914 5.364361 -9.440000
v 2.071823 4.975452 -9.440000
v 1.294005 4.975452 -9.440000
v 1.682914 4.586544 -9.440000
v 2.071823 4.975452 -10.160000
v 1.682914 5.364360 -10.160000
v 1.682914 4.586543 -10.160000
v 1.294005 4.975452 -10.160000
vn 0.7071 -0.7071 -0.0000
vn -0.7071 0.7071 -0.0000
vn 0.7071 0.7071 -0.0000
vn -0.7071 -0.7071 -0.0000
vn -0.0000 -0.0000 1.0000
vn -0.0000 -0.0000 -1.0000
vt 0.000000 1.000000
vt 0.000000 0.000000
vt 1.000000 1.000000
vt 1.000000 0.000000
s 1
usemtl panel_dark
f 1801/853/701 1803/854/701 1802/855/701
f 1803/854/701 1804/856/701 1802/855/701
f 1805/853/702 1807/854/702 1806/855/702
f 1807/854/702 1808/856/702 1806/855/702
f 1809/853/703 1811/854/703 1810/855/703
f 1811/854/703 1812/856/703 1810/855/703
f 1813/853/704 1815/854/704 1814/855/704
f 1815/854/704 1816/856/704 1814/855/704
f 1817/853/705 1819/854/705 1818/855/705
f 1819/854/705 1820/856/705 1818/855/705
f 1821/853/706 1823/854/706 1822/855/706
f 1823/854/706 1824/856/706 1822/855/706
o rcs_housing.004
v 1.682914 1.220715 -9.440000
v 1.682914 1.220715 -10.160000
v 1.294005 1.609624 -9.440000
v 1.294005 1.609624 -10.160000
v 2.071823 1.609624 -10.160000
v 2.071823 1.609624 -9.440000
v 1.682914 1.998533 -10.160000
v 1.682914 1.998533 -9.440000
v 2.071823 1.609624 -10.160000
v 1.682914 1.220715 -10.160000
v 2.071823 1.609624 -9.440000
v 1.682914 1.220715 -9.440000
v 1.682914 1.998533 -9.440000
v 1.294005 1.609624 -9.440000
v 1.682914 1.998533 -10.160000
v 1.294005 1.609624 -10.160000
v 2.071823 1.609624 -9.440000
v 1.682914 1.220715 -9.440000
v 1.682914 1.998533 -9.440000
v 1.294005 1.609624 -9.440000
v 1.682914 1.220715 -10.160000
v 2.071823 1.609624 -10.160000
v 1.294005 1.609624 -10.160000
v 1.682914 1.998533 -10.160000
vn -0.7071 -0.7071 -0.0000
vn 0.7071 0.7071 -0.0000
vn 0.7071 -0.7071 -0.0000
vn -0.7071 0.7071 -0.0000
vn -0.0000 -0.0000 1.0000
vn -0.0000 -0.0000 -1.0000
vt 0.000000 1.000000
vt 0.000000 0.000000
vt 1.000000 1.000000
vt 1.000000 0.000000
s 1
usemtl panel_dark
f 1825/857/707 1827/858/707 1826/859/707
f 1827/858/707 1828/860/707 1826/859/707
f 1829/857/708 1831/858/708 1830/859/708
f 1831/858/708 1832/860/708 1830/859/708
f 1833/857/709 1835/858/709 1834/859/709
f 1835/858/709 1836/860/709 1834/859/709
f 1837/857/710 1839/858/710 1838/859/710
f 1839/858/710 1840/860/710 1838/859/710
f 1841/857/711 1843/858/711 1842/859/711
f 1843/858/711 1844/860/711 1842/859/711
f 1845/857/712 1847/858/712 1846/859/712
f 1847/858/712 1848/860/712 1846/859/712
o rcs_housing.005
v -2.071823 1.609624 -9.440000
v -2.071823 1.609624 -10.160000
v -1.682914 1.998533 -9.440000
v -1.682914 1.998533 -10.160000
v -1.682914 1.220715 -10.160000
v -1.682914 1.220715 -9.440000
v -1.294005 1.609624 -10.160000
v -1.294005 1.609624 -9.440000
v -1.682914 1.220715 -10.160000
v -2.071823 1.609624 -10.160000
v -1.682914 1.220715 -9.440000
v -2.071823 1.609624 -9.440000
v -1.294005 1.609624 -9.440000
v -1.682914 1.998533 -9.440000
v -1.294005 1.609624 -10.160000
v -1.682914 1.998533 -10.160000
v -1.682914 1.220715 -9.440000
v -2.071823 1.609624 -9.440000
v -1.294005 1.609624 -9.440000
v -1.682914 1.998533 -9.440000
v -2.071823 1.609624 -10.160000
v -1.682914 1.220715 -10.160000
v -1.682914 1.998533 -10.160000
v -1.294005 1.609624 -10.160000
vn -0.7071 0.7071 -0.0000
vn 0.7071 -0.7071 -0.0000
vn -0.7071 -0.7071 -0.0000
vn 0.7071 0.7071 -0.0000
vn -0.0000 -0.0000 1.0000
vn -0.0000 -0.0000 -1.0000
vt 0.000000 1.000000
vt 0.000000 0.000000
vt 1.000000 1.000000
vt 1.000000 0.000000
s 1
usemtl panel_dark
f 1849/861/713 1851/862/713 1850/863/713
f 1851/862/713 1852/864/713 1850/863/713
f 1853/861/714 1855/862/714 1854/863/714
f 1855/862/714 1856/864/714 1854/863/714
f 1857/861/715 1859/862/715 1858/863/715
f 1859/862/715 1860/864/715 1858/863/715
f 1861/861/716 1863/862/716 1862/863/716
f 1863/862/716 1864/864/716 1862/863/716
f 1865/861/717 1867/862/717 1866/863/717
f 1867/862/717 1868/864/717 1866/863/717
f 1869/861/718 1871/862/718 1870/863/718
f 1871/862/718 1872/864/718 1870/863/718
o rcs_housing.006
v 1.555635 1.347996 10.960000
v 1.555635 1.347996 10.240000
v 1.166726 1.736905 10.960000
v 1.166726 1.736905 10.240000
v 1.944544 1.736905 10.240000
v 1.944544 1.736905 10.960000
v 1.555635 2.125813 10.240000
v 1.555635 2.125813 10.960000
v 1.944544 1.736905 10.240000
v 1.555635 1.347996 10.240000
v 1.944544 1.736905 10.960000
v 1.555635 1.347996 10.960000
v 1.555635 2.125813 10.960000
v 1.166726 1.736905 10.960000
v 1.555635 2.125813 10.240000
v 1.166726 1.736905 10.240000
v 1.944544 1.736905 10.960000
v 1.555635 1.347996 10.960000
v 1.555635 2.125813 10.960000
v 1.166726 1.736905 10.960000
v 1.555635 1.347996 10.240000
v 1.944544 1.736905 10.240000
v 1.166726 1.736905 10.240000
v 1.555635 2.125813 10.240000
vn -0.7071 -0.7071 -0.0000
vn 0.7071 0.7071 -0.0000
vn 0.7071 -0.7071 -0.0000
vn -0.7071 0.7071 -0.0000
vn -0.0000 -0.0000 1.0000
vn -0.0000 -0.0000 -1.0000
vt 0.000000 1.000000
vt 0.000000 0.000000
vt 1.000000 1.000000
vt 1.000000 0.000000
s 1
usemtl panel_dark
f 1873/865/719 1875/866/719 1874/867/719
f 1875/866/719 1876/868/719 1874/867/719
f 1877/865/720 1879/866/720 1878/867/720
f 1879/866/720 1880/868/720 1878/867/720
f 1881/865/721 1883/866/721 1882/867/721
f 1883/866/721 1884/868/721 1882/867/721
f 1885/865/722 1887/866/722 1886/867/722
f 1887/866/722 1888/868/722 1886/867/722
f 1889/865/723 1891/866/723 1890/867/723
f 1891/866/723 1892/868/723 1890/867/723
f 1893/865/724 1895/866/724 1894/867/724
f 1895/866/724 1896/868/724 1894/867/724
o rcs_housing.007
v -1.555635 5.237083 10.960000
v -1.555635 5.237083 10.240000
v -1.166726 4.848175 10.960000
v -1.166726 4.848175 10.240000
v -1.944544 4.848175 10.240000
v -1.944544 4.848175 10.960000
v -1.555635 4.459266 10.240000
v -1.555635 4.459266 10.960000
v -1.944544 4.848175 10.240000
v -1.555635 5.237083 10.240000
v -1.944544 4.848175 10.960000
v -1.555635 5.237083 10.960000
v -1.555635 4.459266 10.960000
v -1.166726 4.848175 10.960000
v -1.555635 4.459266 10.240000
v -1.166726 4.848175 10.240000
v -1.944544 4.848175 10.960000
v -1.555635 5.237083 10.960000
v -1.555635 4.459266 10.960000
v -1.166726 4.848175 10.960000
v -1.555635 5.237083 10.240000
v -1.944544 4.848175 10.240000
v -1.166726 4.848175 10.240000
v -1.555635 4.459266 10.240000
vn 0.7071 0.7071 -0.0000
vn -0.7071 -0.7071 -0.0000
vn -0.7071 0.7071 -0.0000
vn 0.7071 -0.7071 -0.0000
vn -0.0000 -0.0000 1.0000
vn -0.0000 -0.0000 -1.0000
vt 0.000000 1.000000
vt 0.000000 0.000000
vt 1.000000 1.000000
vt 1.000000 0.000000
s 1
usemtl panel_dark
f 1897/869/725 1899/870/725 1898/871/725
f 1899/870/725 1900/872/725 1898/871/725
f 1901/869/726 1903/870/726 1902/871/726
f 1903/870/726 1904/872/726 1902/871/726
f 1905/869/727 1907/870/727 1906/871/727
f 1907/870/727 1908/872/727 1906/871/727
f 1909/869/728 1911/870/728 1910/871/728
f 1911/870/728 1912/872/728 1910/871/728
f 1913/869/729 1915/870/729 1914/871/729
f 1915/870/729 1916/872/729 1914/871/729
f 1917/869/730 1919/870/730 1918/871/730
f 1919/870/730 1920/872/730 1918/871/730
o rcs_nozzle_0
v -1.880904 5.173444 10.670000
v -1.845904 5.208444 10.649497
v -1.831407 5.222941 10.600000
v -1.845904 5.208444 10.550503
v -1.880904 5.173444 10.530000
v -1.915904 5.138443 10.550503
v -1.930402 5.123946 10.600000
v -1.915904 5.138443 10.649497
v -1.880904 5.173444 10.670000
v -1.682914 4.975454 10.760000
v -1.602914 5.055454 10.713137
v -1.569777 5.088591 10.600000
v -1.602914 5.055454 10.486863
v -1.682914 4.975454 10.440000
v -1.762914 4.895454 10.486863
v -1.796051 4.862317 10.600000
v -1.762914 4.895454 10.713137
v -1.682914 4.975454 10.760000
v -1.880904 5.173444 10.600000
v -1.880904 5.173444 10.600000
v -1.880904 5.173444 10.600000
v -1.880904 5.173444 10.600000
v -1.880904 5.173444 10.600000
v -1.880904 5.173444 10.600000
v -1.880904 5.173444 10.600000
v -1.880904 5.173444 10.600000
v -1.880904 5.173444 10.670000
v -1.845904 5.208444 10.649497
v -1.831407 5.222941 10.600000
v -1.845904 5.208444 10.550503
v -1.880904 5.173444 10.530000
v -1.915904 5.138443 10.550503
v -1.930402 5.123946 10.600000
v -1.915904 5.138443 10.649497
v -1.880904 5.173444 10.670000
v -1.682914 4.975454 10.600000
v -1.682914 4.975454 10.600000
v -1.682914 4.975454 10.600000
v -1.682914 4.975454 10.600000
v -1.682914 4.975454 10.600000
v -1.682914 4.975454 10.600000
v -1.682914 4.975454 10.600000
v -1.682914 4.975454 10.600000
v -1.682914 4.975454 10.760000
v -1.602914 5.055454 10.713137
v -1.569777 5.088591 10.600000
v -1.602914 5.055454 10.486863
v -1.682914 4.975454 10.440000
v -1.762914 4.895454 10.486863
v -1.796051 4.862317 10.600000
v -1.762914 4.895454 10.713137
v -1.682914 4.975454 10.760000
vn -0.2164 0.2164 0.9520
vn -0.2163 0.2164 0.9520
vn 0.2596 0.6924 0.6732
vn 0.4568 0.8896 -0.0000
vn 0.2596 0.6924 -0.6732
vn -0.2164 0.2164 -0.9520
vn -0.6924 -0.2596 -0.6732
vn -0.8896 -0.4568 -0.0000
vn -0.6924 -0.2596 0.6732
vn -0.2164 0.2163 0.9520
vn -0.7071 0.7071 -0.0000
vn 0.7071 -0.7071 -0.0000
vt 0.000000 1.000000
vt 0.000000 0.000000
vt 0.125000 1.000000
vt 0.125000 0.000000
vt 0.250000 1.000000
vt 0.250000 0.000000
vt 0.375000 1.000000
vt 0.375000 0.000000
vt 0.500000 1.000000
vt 0.500000 0.000000
vt 0.625000 1.000000
vt 0.625000 0.000000
vt 0.750000 1.000000
vt 0.750000 0.000000
vt 0.875000 1.000000
vt 0.875000 0.000000
vt 1.000000 1.000000
vt 1.000000 0.000000
vt 1.000000 0.500000
vt 0.853553 0.853553
vt 0.500000 0.500000
vt 0.146447 0.853553
vt 0.000000 0.500000
vt 0.146447 0.146447
vt 0.853553 0.146447
s 1
usemtl nozzle_steel
f 1921/873/731 1930/874/732 1922/875/733
f 1930/874/732 1931/876/733 1922/875/733
f 1922/875/733 1931/876/733 1923/877/734
f 1931/876/733 1932/878/734 1923/877/734
f 1923/877/734 1932/878/734 1924/879/735
f 1932/878/734 1933/880/735 1924/879/735
f 1924/879/735 1933/880/735 1925/881/736
f 1933/880/735 1934/882/736 1925/881/736
f 1925/881/736 1934/882/736 1926/883/737
f 1934/882/736 1935/884/737 1926/883/737
f 1926/883/737 1935/884/737 1927/885/738
f 1935/884/737 1936/886/738 1927/885/738
f 1927/885/738 1936/886/738 1928/887/739
f 1936/886/738 1937/888/739 1928/887/739
f 1928/887/739 1937/888/739 1929/889/740
f 1937/888/739 1938/890/731 1929/889/740
f 1947/891/741 1948/892/741 1939/893/741
f 1948/892/741 1949/881/741 1940/893/741
f 1949/881/741 1950/894/741 1941/893/741
f 1950/894/741 1951/895/741 1942/893/741
f 1951/895/741 1952/896/741 1943/893/741
f 1952/896/741 1953/882/741 1944/893/741
f 1953/882/741 1954/897/741 1945/893/741
f 1954/897/741 1955/891/741 1946/893/741
f 1965/897/742 1964/891/742 1956/893/742
f 1966/882/742 1965/897/742 1957/893/742
f 1967/896/742 1966/882/742 1958/893/742
f 1968/895/742 1967/896/742 1959/893/742
f 1969/894/742 1968/895/742 1960/893/742
f 1970/881/742 1969/894/742 1961/893/742
f 1971/892/742 1970/881/742 1962/893/742
f 1972/891/742 1971/892/742 1963/893/742
o rcs_nozzle_0.001
v -2.008183 5.300721 -9.730000
v -1.973183 5.335721 -9.750503
v -1.958686 5.350218 -9.800000
v -1.973183 5.335721 -9.849498
v -2.008183 5.300721 -9.870000
v -2.043183 5.265721 -9.849498
v -2.057681 5.251224 -9.800000
v -2.043183 5.265721 -9.750503
v -2.008183 5.300721 -9.730000
v -1.810193 5.102731 -9.640000
v -1.730193 5.182731 -9.686863
v -1.697056 5.215868 -9.800000
v -1.730193 5.182731 -9.913137
v -1.810193 5.102731 -9.960000
v -1.890193 5.022731 -9.913137
v -1.923330 4.989594 -9.800000
v -1.890193 5.022731 -9.686863
v -1.810193 5.102731 -9.640000
v -2.008183 5.300721 -9.800000
v -2.008183 5.300721 -9.800000
v -2.008183 5.300721 -9.800000
v -2.008183 5.300721 -9.800000
v -2.008183 5.300721 -9.800000
v -2.008183 5.300721 -9.800000
v -2.008183 5.300721 -9.800000
v -2.008183 5.300721 -9.800000
v -2.008183 5.300721 -9.730000
v -1.973183 5.335721 -9.750503
v -1.958686 5.350218 -9.800000
v -1.973183 5.335721 -9.849498
v -2.008183 5.300721 -9.870000
v -2.043183 5.265721 -9.849498
v -2.057681 5.251224 -9.800000
v -2.043183 5.265721 -9.750503
v -2.008183 5.300721 -9.730000
v -1.810193 5.102731 -9.800000
v -1.810193 5.102731 -9.800000
v -1.810193 5.102731 -9.800000
v -1.810193 5.102731 -9.800000
v -1.810193 5.102731 -9.800000
v -1.810193 5.102731 -9.800000
v -1.810193 5.102731 -9.800000
v -1.810193 5.102731 -9.800000
v -1.810193 5.102731 -9.640000
v -1.730193 5.182731 -9.686863
v -1.697056 5.215868 -9.800000
v -1.730193 5.182731 -9.913137
v -1.810193 5.102731 -9.960000
v -1.890193 5.022731 -9.913137
v -1.923330 4.989594 -9.800000
v -1.890193 5.022731 -9.686863
v -1.810193 5.102731 -9.640000
vn -0.2164 0.2164 0.9520
vn 0.2596 0.6924 0.6732
vn 0.4568 0.8896 -0.0000
vn 0.2596 0.6924 -0.6732
vn -0.2164 0.2164 -0.9520
vn -0.6924 -0.2596 -0.6732
vn -0.8896 -0.4568 -0.0000
vn -0.6924 -0.2596 0.6732
vn -0.2164 0.2163 0.9520
vn -0.7071 0.7071 -0.0000
vn 0.7071 -0.7071 -0.0000
vt 0.000000 1.000000
vt 0.000000 0.000000
vt 0.125000 1.000000
vt 0.125000 0.000000
vt 0.250000 1.000000
vt 0.250000 0.000000
vt 0.375000 1.000000
vt 0.375000 0.000000
vt 0.500000 1.000000
vt 0.500000 0.000000
vt 0.625000 1.000000
vt 0.625000 0.000000
vt 0.750000 1.000000
vt 0.750000 0.000000
vt 0.875000 1.000000
vt 0.875000 0.000000
vt 1.000000 1.000000
vt 1.000000 0.000000
vt 1.000000 0.500000
vt 0.853553 0.853553
vt 0.500000 0.500000
vt 0.146447 0.853553
vt 0.000000 0.500000
vt 0.146447 0.146447
vt 0.853553 0.146447
s 1
usemtl nozzle_steel
f 1973/898/743 1982/899/743 1974/900/744
f 1982/899/743 1983/901/744 1974/900/744
f 1974/900/744 1983/901/744 1975/902/745
f 1983/901/744 1984/903/745 1975/902/745
f 1975/902/745 1984/903/745 1976/904/746
f 1984/903/745 1985/905/746 1976/904/746
f 1976/904/746 1985/905/746 1977/906/747
f 1985/905/746 1986/907/747 1977/906/747
f 1977/906/747 1986/907/747 1978/908/748
f 1986/907/747 1987/909/748 1978/908/748
f 1978/908/748 1987/909/748 1979/910/749
f 1987/909/748 1988/911/749 1979/910/749
f 1979/910/749 1988/911/749 1980/912/750
f 1988/911/749 1989/913/750 1980/912/750
f 1980/912/750 1989/913/750 1981/914/751
f 1989/913/750 1990/915/743 1981/914/751
f 1999/916/752 2000/917/752 1991/918/752
f 2000/917/752 2001/906/752 1992/918/752
f 2001/906/752 2002/919/752 1993/918/752
f 2002/919/752 2003/920/752 1994/918/752
f 2003/920/752 2004/921/752 1995/918/752
f 2004/921/752 2005/907/752 1996/918/752
f 2005/907/752 2006/922/752 1997/918/752
f 2006/922/752 2007/916/752 1998/918/752
f 2017/922/753 2016/916/753 2008/918/753
f 2018/907/753 2017/922/753 2009/918/753
f 2019/921/753 2018/907/753 2010/918/753
f 2020/920/753 2019/921/753 2011/918/753
f 2021/919/753 2020/920/753 2012/918/753
f 2022/906/753 2021/919/753 2013/918/753
f 2023/917/753 2022/906/753 2014/918/753
f 2024/916/753 2023/917/753 2015/918/753
o rcs_nozzle_0.002
v 1.880904 1.411635 10.670000
v 1.845904 1.376635 10.649497
v 1.831407 1.362138 10.600000
v 1.845904 1.376635 10.550503
v 1.880904 1.411635 10.530000
v 1.915904 1.446635 10.550503
v 1.930402 1.461133 10.600000
v 1.915904 1.446635 10.649497
v 1.880904 1.411635 10.670000
v 1.682914 1.609625 10.760000
v 1.602914 1.529625 10.713137
v 1.569777 1.496488 10.600000
v 1.602914 1.529625 10.486863
v 1.682914 1.609625 10.440000
v 1.762914 1.689625 10.486863
v 1.796051 1.722762 10.600000
v 1.762914 1.689625 10.713137
v 1.682914 1.609625 10.760000
v 1.880904 1.411635 10.600000
v 1.880904 1.411635 10.600000
v 1.880904 1.411635 10.600000
v 1.880904 1.411635 10.600000
v 1.880904 1.411635 10.600000
v 1.880904 1.411635 10.600000
v 1.880904 1.411635 10.600000
v 1.880904 1.411635 10.600000
v 1.880904 1.411635 10.670000
v 1.845904 1.376635 10.649497
v 1.831407 1.362138 10.600000
v 1.845904 1.376635 10.550503
v 1.880904 1.411635 10.530000
v 1.915904 1.446635 10.550503
v 1.930402 1.461133 10.600000
v 1.915904 1.446635 10.649497
v 1.880904 1.411635 10.670000
v 1.682914 1.609625 10.600000
v 1.682914 1.609625 10.600000
v 1.682914 1.609625 10.600000
v 1.682914 1.609625 10.600000
v 1.682914 1.609625 10.600000
v 1.682914 1.609625 10.600000
v 1.682914 1.609625 10.600000
v 1.682914 1.609625 10.600000
v 1.682914 1.609625 10.760000
v 1.602914 1.529625 10.713137
v 1.569777 1.496488 10.600000
v 1.602914 1.529625 10.486863
v 1.682914 1.609625 10.440000
v 1.762914 1.689625 10.486863
v 1.796051 1.722762 10.600000
v 1.762914 1.689625 10.713137
v 1.682914 1.609625 10.760000
vn 0.2164 -0.2164 0.9520
vn -0.2596 -0.6924 0.6732
vn -0.4568 -0.8896 -0.0000
vn -0.2596 -0.6924 -0.6732
vn 0.2164 -0.2164 -0.9520
vn 0.6924 0.2596 -0.6732
vn 0.8896 0.4568 -0.0000
vn 0.6924 0.2596 0.6732
vn 0.2164 -0.2163 0.9520
vn 0.7071 -0.7071 -0.0000
vn -0.7071 0.7071 -0.0000
vt 0.000000 1.000000
vt 0.000000 0.000000
vt 0.125000 1.000000
vt 0.125000 0.000000
vt 0.250000 1.000000
vt 0.250000 0.000000
vt 0.375000 1.000000
vt 0.375000 0.000000
vt 0.500000 1.000000
vt 0.500000 0.000000
vt 0.625000 1.000000
vt 0.625000 0.000000
vt 0.750000 1.000000
vt 0.750000 0.000000
vt 0.875000 1.000000
vt 0.875000 0.000000
vt 1.000000 1.000000
vt 1.000000 0.000000
vt 1.000000 0.500000
vt 0.853553 0.853553
vt 0.500000 0.500000
vt 0.146447 0.853553
vt 0.000000 0.500000
vt 0.146447 0.146447
vt 0.853553 0.146447
s 1
usemtl nozzle_steel
f 2025/923/754 2034/924/754 2026/925/755
f 2034/924/754 2035/926/755 2026/925/755
f 2026/925/755 2035/926/755 2027/927/756
f 2035/926/755 2036/928/756 2027/927/756
f 2027/927/756 2036/928/756 2028/929/757
f 2036/928/756 2037/930/757 2028/929/757
f 2028/929/757 2037/930/757 2029/931/758
f 2037/930/757 2038/932/758 2029/931/758
f 2029/931/758 2038/932/758 2030/933/759
f 2038/932/758 2039/934/759 2030/933/759
f 2030/933/759 2039/934/759 2031/935/760
f 2039/934/759 2040/936/760 2031/935/760
f 2031/935/760 2040/936/760 2032/937/761
f 2040/936/760 2041/938/761 2032/937/761
f 2032/937/761 2041/938/761 2033/939/762
f 2041/938/761 2042/940/754 2033/939/762
f 2051/941/763 2052/942/763 2043/943/763
f 2052/942/763 2053/931/763 2044/943/763
f 2053/931/763 2054/944/763 2045/943/763
f 2054/944/763 2055/945/763 2046/943/763
f 2055/945/763 2056/946/763 2047/943/763
f 2056/946/763 2057/932/763 2048/943/763
f 2057/932/763 2058/947/763 2049/943/763
f 2058/947/763 2059/941/763 2050/943/763
f 2069/947/764 2068/941/764 2060/943/764
f 2070/932/764 2069/947/764 2061/943/764
f 2071/946/764 2070/932/764 2062/943/764
f 2072/945/764 2071/946/764 2063/943/764
f 2073/944/764 2072/945/764 2064/943/764
f 2074/931/764 2073/944/764 2065/943/764
f 2075/942/764 2074/931/764 2066/943/764
f 2076/941/764 2075/942/764 2067/943/764
o rcs_nozzle_0.003
v -2.008183 1.284355 -9.730000
v -2.043183 1.319355 -9.750503
v -2.057681 1.333852 -9.800000
v -2.043183 1.319355 -9.849498
v -2.008183 1.284355 -9.870000
v -1.973183 1.249355 -9.849498
v -1.958686 1.234857 -9.800000
v -1.973183 1.249355 -9.750503
v -2.008183 1.284355 -9.730000
v -1.810193 1.482345 -9.640000
v -1.890193 1.562345 -9.686863
v -1.923330 1.595482 -9.800000
v -1.890193 1.562345 -9.913137
v -1.810193 1.482345 -9.960000
v -1.730193 1.402345 -9.913137
v -1.697056 1.369208 -9.800000
v -1.730193 1.402345 -9.686863
v -1.810193 1.482345 -9.640000
v -2.008183 1.284355 -9.800000
v -2.008183 1.284355 -9.800000
v -2.008183 1.284355 -9.800000
v -2.008183 1.284355 -9.800000
v -2.008183 1.284355 -9.800000
v -2.008183 1.284355 -9.800000
v -2.008183 1.284355 -9.800000
v -2.008183 1.284355 -9.800000
v -2.008183 1.284355 -9.730000
v -2.043183 1.319355 -9.750503
v -2.057681 1.333852 -9.800000
v -2.043183 1.319355 -9.849498
v -2.008183 1.284355 -9.870000
v -1.973183 1.249355 -9.849498
v -1.958686 1.234857 -9.800000
v -1.973183 1.249355 -9.750503
v -2.008183 1.284355 -9.730000
v -1.810193 1.482345 -9.800000
v -1.810193 1.482345 -9.800000
v -1.810193 1.482345 -9.800000
v -1.810193 1.482345 -9.800000
v -1.810193 1.482345 -9.800000
v -1.810193 1.482345 -9.800000
v -1.810193 1.482345 -9.800000
v -1.810193 1.482345 -9.800000
v -1.810193 1.482345 -9.640000
v -1.890193 1.562345 -9.686863
v -1.923330 1.595482 -9.800000
v -1.890193 1.562345 -9.913137
v -1.810193 1.482345 -9.960000
v -1.730193 1.402345 -9.913137
v -1.697056 1.369208 -9.800000
v -1.730193 1.402345 -9.686863
v -1.810193 1.482345 -9.640000
vn -0.2164 -0.2163 0.9520
vn -0.2164 -0.2164 0.9520
vn -0.6924 0.2596 0.6732
vn -0.8896 0.4568 -0.0000
vn -0.6924 0.2596 -0.6732
vn -0.2164 -0.2164 -0.9520
vn 0.2596 -0.6924 -0.6732
vn 0.4568 -0.8896 -0.0000
vn 0.2596 -0.6924 0.6732
vn -0.2163 -0.2164 0.9520
vn -0.7071 -0.7071 -0.0000
vn 0.7071 0.7071 -0.0000
vt 0.000000 1.000000
vt 0.000000 0.000000
vt 0.125000 1.000000
vt 0.125000 0.000000
vt 0.250000 1.000000
vt 0.250000 0.000000
vt 0.375000 1.000000
vt 0.375000 0.000000
vt 0.500000 1.000000
vt 0.500000 0.000000
vt 0.625000 1.000000
vt 0.625000 0.000000
vt 0.750000 1.000000
vt 0.750000 0.000000
vt 0.875000 1.000000
vt 0.875000 0.000000
vt 1.000000 1.000000
vt 1.000000 0.000000
vt 1.000000 0.500000
vt 0.853553 0.853553
vt 0.500000 0.500000
vt 0.146447 0.853553
vt 0.000000 0.500000
vt 0.146447 0.146447
vt 0.853553 0.146447
s 1
usemtl nozzle_steel
f 2077/948/765 2086/949/766 2078/950/767
f 2086/949/766 2087/951/767 2078/950/767
f 2078/950/767 2087/951/767 2079/952/768
f 2087/951/767 2088/953/768 2079/952/768
f 2079/952/768 2088/953/768 2080/954/769
f 2088/953/768 2089/955/769 2080/954/769
f 2080/954/769 2089/955/769 2081/956/770
f 2089/955/769 2090/957/770 2081/956/770
f 2081/956/770 2090/957/770 2082/958/771
f 2090/957/770 2091/959/771 2082/958/771
f 2082/958/771 2091/959/771 2083/960/772
f 2091/959/771 2092/961/772 2083/960/772
f 2083/960/772 2092/961/772 2084/962/773
f 2092/961/772 2093/963/773 2084/962/773
f 2084/962/773 2093/963/773 2085/964/774
f 2093/963/773 2094/965/766 2085/964/774
f 2103/966/775 2104/967/775 2095/968/775
f 2104/967/775 2105/956/775 2096/968/775
f 2105/956/775 2106/969/775 2097/968/775
f 2106/969/775 2107/970/775 2098/968/775
f 2107/970/775 2108/971/775 2099/968/775
f 2108/971/775 2109/957/775 2100/968/775
f 2109/957/775 2110/972/775 2101/968/775
f 2110/972/775 2111/966/775 2102/968/775
f 2121/972/776 2120/966/776 2112/968/776
f 2122/957/776 2121/972/776 2113/968/776
f 2123/971/776 2122/957/776 2114/968/776
f 2124/970/776 2123/971/776 2115/968/776
f 2125/969/776 2124/970/776 2116/968/776
f 2126/956/776 2125/969/776 2117/968/776
f 2127/967/776 2126/956/776 2118/968/776
f 2128/966/776 2127/967/776 2119/968/776
o rcs_nozzle_0.004
v 2.008183 5.300721 -9.730000
v 2.043183 5.265721 -9.750503
v 2.057681 5.251224 -9.800000
v 2.043183 5.265721 -9.849498
v 2.008183 5.300721 -9.870000
v 1.973183 5.335721 -9.849498
v 1.958686 5.350218 -9.800000
v 1.973183 5.335721 -9.750503
v 2.008183 5.300721 -9.730000
v 1.810193 5.102731 -9.640000
v 1.890193 5.022731 -9.686863
v 1.923330 4.989594 -9.800000
v 1.890193 5.022731 -9.913137
v 1.810193 5.102731 -9.960000
v 1.730193 5.182731 -9.913137
v 1.697056 5.215868 -9.800000
v 1.730193 5.182731 -9.686863
v 1.810193 5.102731 -9.640000
v 2.008183 5.300721 -9.800000
v 2.008183 5.300721 -9.800000
v 2.008183 5.300721 -9.800000
v 2.008183 5.300721 -9.800000
v 2.008183 5.300721 -9.800000
v 2.008183 5.300721 -9.800000
v 2.008183 5.300721 -9.800000
v 2.008183 5.300721 -9.800000
v 2.008183 5.300721 -9.730000
v 2.043183 5.265721 -9.750503
v 2.057681 5.251224 -9.800000
v 2.043183 5.265721 -9.849498
v 2.008183 5.300721 -9.870000
v 1.973183 5.335721 -9.849498
v 1.958686 5.350218 -9.800000
v 1.973183 5.335721 -9.750503
v 2.008183 5.300721 -9.730000
v 1.810193 5.102731 -9.800000
v 1.810193 5.102731 -9.800000
v 1.810193 5.102731 -9.800000
v 1.810193 5.102731 -9.800000
v 1.810193 5.102731 -9.800000
v 1.810193 5.102731 -9.800000
v 1.810193 5.102731 -9.800000
v 1.810193 5.102731 -9.800000
v 1.810193 5.102731 -9.640000
v 1.890193 5.022731 -9.686863
v 1.923330 4.989594 -9.800000
v 1.890193 5.022731 -9.913137
v 1.810193 5.102731 -9.960000
v 1.730193 5.182731 -9.913137
v 1.697056 5.215868 -9.800000
v 1.730193 5.182731 -9.686863
v 1.810193 5.102731 -9.640000
vn 0.2164 0.2163 0.9520
vn 0.2164 0.2164 0.9520
vn 0.6924 -0.2596 0.6732
vn 0.8896 -0.4568 -0.0000
vn 0.6924 -0.2596 -0.6732
vn 0.2164 0.2164 -0.9520
vn -0.2596 0.6924 -0.6732
vn -0.4568 0.8896 -0.0000
vn -0.2596 0.6924 0.6732
vn 0.2163 0.2164 0.9520
vn 0.7071 0.7071 -0.0000
vn -0.7071 -0.7071 -0.0000
vt 0.000000 1.000000
vt 0.000000 0.000000
vt 0.125000 1.000000
vt 0.125000 0.000000
vt 0.250000 1.000000
vt 0.250000 0.000000
vt 0.375000 1.000000
vt 0.375000 0.000000
vt 0.500000 1.000000
vt 0.500000 0.000000
vt 0.625000 1.000000
vt 0.625000 0.000000
vt 0.750000 1.000000
vt 0.750000 0.000000
vt 0.875000 1.000000
vt 0.875000 0.000000
vt 1.000000 1.000000
vt 1.000000 0.000000
vt 1.000000 0.500000
vt 0.853553 0.853553
vt 0.500000 0.500000
vt 0.146447 0.853553
vt 0.000000 0.500000
vt 0.146447 0.146447
vt 0.853553 0.146447
s 1
usemtl nozzle_steel
f 2129/973/777 2138/974/778 2130/975/779
f 2138/974/778 2139/976/779 2130/975/779
f 2130/975/779 2139/976/779 2131/977/780
f 2139/976/779 2140/978/780 2131/977/780
f 2131/977/780 2140/978/780 2132/979/781
f 2140/978/780 2141/980/781 2132/979/781
f 2132/979/781 2141/980/781 2133/981/782
f 2141/980/781 2142/982/782 2133/981/782
f 2133/981/782 2142/982/782 2134/983/783
f 2142/982/782 2143/984/783 2134/983/783
f 2134/983/783 2143/984/783 2135/985/784
f 2143/984/783 2144/986/784 2135/985/784
f 2135/985/784 2144/986/784 2136/987/785
f 2144/986/784 2145/988/785 2136/987/785
f 2136/987/785 2145/988/785 2137/989/786
f 2145/988/785 2146/990/778 2137/989/786
f 2155/991/787 2156/992/787 2147/993/787
f 2156/992/787 2157/981/787 2148/993/787
f 2157/981/787 2158/994/787 2149/993/787
f 2158/994/787 2159/995/787 2150/993/787
f 2159/995/787 2160/996/787 2151/993/787
f 2160/996/787 2161/982/787 2152/993/787
f 2161/982/787 2162/997/787 2153/993/787
f 2162/997/787 2163/991/787 2154/993/787
f 2173/997/788 2172/991/788 2164/993/788
f 2174/982/788 2173/997/788 2165/993/788
f 2175/996/788 2174/982/788 2166/993/788
f 2176/995/788 2175/996/788 2167/993/788
f 2177/994/788 2176/995/788 2168/993/788
f 2178/981/788 2177/994/788 2169/993/788
f 2179/992/788 2178/981/788 2170/993/788
f 2180/991/788 2179/992/788 2171/993/788
o rcs_nozzle_0.005
v 2.008183 1.284355 -9.730000
v 1.973183 1.249355 -9.750503
v 1.958686 1.234857 -9.800000
v 1.973183 1.249355 -9.849498
v 2.008183 1.284355 -9.870000
v 2.043183 1.319355 -9.849498
v 2.057681 1.333852 -9.800000
v 2.043183 1.319355 -9.750503
v 2.008183 1.284355 -9.730000
v 1.810193 1.482345 -9.640000
v 1.730193 1.402345 -9.686863
v 1.697056 1.369208 -9.800000
v 1.730193 1.402345 -9.913137
v 1.810193 1.482345 -9.960000
v 1.890193 1.562345 -9.913137
v 1.923330 1.595482 -9.800000
v 1.890193 1.562345 -9.686863
v 1.810193 1.482345 -9.640000
v 2.008183 1.284355 -9.800000
v 2.008183 1.284355 -9.800000
v 2.008183 1.284355 -9.800000
v 2.008183 1.284355 -9.800000
v 2.008183 1.284355 -9.800000
v 2.008183 1.284355 -9.800000
v 2.008183 1.284355 -9.800000
v 2.008183 1.284355 -9.800000
v 2.008183 1.284355 -9.730000
v 1.973183 1.249355 -9.750503
v 1.958686 1.234857 -9.800000
v 1.973183 1.249355 -9.849498
v 2.008183 1.284355 -9.870000
v 2.043183 1.319355 -9.849498
v 2.057681 1.333852 -9.800000
v 2.043183 1.319355 -9.750503
v 2.008183 1.284355 -9.730000
v 1.810193 1.482345 -9.800000
v 1.810193 1.482345 -9.800000
v 1.810193 1.482345 -9.800000
v 1.810193 1.482345 -9.800000
v 1.810193 1.482345 -9.800000
v 1.810193 1.482345 -9.800000
v 1.810193 1.482345 -9.800000
v 1.810193 1.482345 -9.800000
v 1.810193 1.482345 -9.640000
v 1.730193 1.402345 -9.686863
v 1.697056 1.369208 -9.800000
v 1.730193 1.402345 -9.913137
v 1.810193 1.482345 -9.960000
v 1.890193 1.562345 -9.913137
v 1.923330 1.595482 -9.800000
v 1.890193 1.562345 -9.686863
v 1.810193 1.482345 -9.640000
vn 0.2164 -0.2164 0.9520
vn -0.2596 -0.6924 0.6732
vn -0.4568 -0.8896 -0.0000
vn -0.2596 -0.6924 -0.6732
vn 0.2164 -0.2164 -0.9520
vn 0.6924 0.2596 -0.6732
vn 0.8896 0.4568 -0.0000
vn 0.6924 0.2596 0.6732
vn 0.2164 -0.2163 0.9520
vn 0.7071 -0.7071 -0.0000
vn -0.7071 0.7071 -0.0000
vt 0.000000 1.000000
vt 0.000000 0.000000
vt 0.125000 1.000000
vt 0.125000 0.000000
vt 0.250000 1.000000
vt 0.250000 0.000000
vt 0.375000 1.000000
vt 0.375000 0.000000
vt 0.500000 1.000000
vt 0.500000 0.000000
vt 0.625000 1.000000
vt 0.625000 0.000000
vt 0.750000 1.000000
vt 0.750000 0.000000
vt 0.875000 1.000000
vt 0.875000 0.000000
vt 1.000000 1.000000
vt 1.000000 0.000000
vt 1.000000 0.500000
vt 0.853553 0.853553
vt 0.500000 0.500000
vt 0.146447 0.853553
vt 0.000000 0.500000
vt 0.146447 0.146447
vt 0.853553 0.146447
s 1
usemtl nozzle_steel
f 2181/998/789 2190/999/789 2182/1000/790
f 2190/999/789 2191/1001/790 2182/1000/790
f 2182/1000/790 2191/1001/790 2183/1002/791
f 2191/1001/790 2192/1003/791 2183/1002/791
f 2183/1002/791 2192/1003/791 2184/1004/792
f 2192/1003/791 2193/1005/792 2184/1004/792
f 2184/1004/792 2193/1005/792 2185/1006/793
f 2193/1005/792 2194/1007/793 2185/1006/793
f 2185/1006/793 2194/1007/793 2186/1008/794
f 2194/1007/793 2195/1009/794 2186/1008/794
f 2186/1008/794 2195/1009/794 2187/1010/795
f 2195/1009/794 2196/1011/795 2187/1010/795
f 2187/1010/795 2196/1011/795 2188/1012/796
f 2196/1011/795 2197/1013/796 2188/1012/796
f 2188/1012/796 2197/1013/796 2189/1014/797
f 2197/1013/796 2198/1015/789 2189/1014/797
f 2207/1016/798 2208/1017/798 2199/1018/798
f 2208/1017/798 2209/1006/798 2200/1018/798
f 2209/1006/798 2210/1019/798 2201/1018/798
f 2210/1019/798 2211/1020/798 2202/1018/798
f 2211/1020/798 2212/1021/798 2203/1018/798
f 2212/1021/798 2213/1007/798 2204/1018/798
f 2213/1007/798 2214/1022/798 2205/1018/798
f 2214/1022/798 2215/1016/798 2206/1018/798
f 2225/1022/799 2224/1016/799 2216/1018/799
f 2226/1007/799 2225/1022/799 2217/1018/799
f 2227/1021/799 2226/1007/799 2218/1018/799
f 2228/1020/799 2227/1021/799 2219/1018/799
f 2229/1019/799 2228/1020/799 2220/1018/799
f 2230/1006/799 2229/1019/799 2221/1018/799
f 2231/1017/799 2230/1006/799 2222/1018/799
f 2232/1016/799 2231/1017/799 2223/1018/799
o rcs_nozzle_0.006
v 1.880904 5.173444 10.670000
v 1.915904 5.138443 10.649497
v 1.930402 5.123946 10.600000
v 1.915904 5.138443 10.550503
v 1.880904 5.173444 10.530000
v 1.845904 5.208444 10.550503
v 1.831407 5.222941 10.600000
v 1.845904 5.208444 10.649497
v 1.880904 5.173444 10.670000
v 1.682914 4.975454 10.760000
v 1.762914 4.895454 10.713137
v 1.796051 4.862317 10.600000
v 1.762914 4.895454 10.486863
v 1.682914 4.975454 10.440000
v 1.602914 5.055454 10.486863
v 1.569777 5.088591 10.600000
v 1.602914 5.055454 10.713137
v 1.682914 4.975454 10.760000
v 1.880904 5.173444 10.600000
v 1.880904 5.173444 10.600000
v 1.880904 5.173444 10.600000
v 1.880904 5.173444 10.600000
v 1.880904 5.173444 10.600000
v 1.880904 5.173444 10.600000
v 1.880904 5.173444 10.600000
v 1.880904 5.173444 10.600000
v 1.880904 5.173444 10.670000
v 1.915904 5.138443 10.649497
v 1.930402 5.123946 10.600000
v 1.915904 5.138443 10.550503
v 1.880904 5.173444 10.530000
v 1.845904 5.208444 10.550503
v 1.831407 5.222941 10.600000
v 1.845904 5.208444 10.649497
v 1.880904 5.173444 10.670000
v 1.682914 4.975454 10.600000
v 1.682914 4.975454 10.600000
v 1.682914 4.975454 10.600000
v 1.682914 4.975454 10.600000
v 1.682914 4.975454 10.600000
v 1.682914 4.975454 10.600000
v 1.682914 4.975454 10.600000
v 1.682914 4.975454 10.600000
v 1.682914 4.975454 10.760000
v 1.762914 4.895454 10.713137
v 1.796051 4.862317 10.600000
v 1.762914 4.895454 10.486863
v 1.682914 4.975454 10.440000
v 1.602914 5.055454 10.486863
v 1.569777 5.088591 10.600000
v 1.602914 5.055454 10.713137
v 1.682914 4.975454 10.760000
vn 0.2164 0.2164 0.9520
vn 0.6924 -0.2596 0.6732
vn 0.8896 -0.4568 -0.0000
vn 0.6924 -0.2596 -0.6732
vn 0.2164 0.2164 -0.9520
vn -0.2596 0.6924 -0.6732
vn -0.4568 0.8896 -0.0000
vn -0.2596 0.6924 0.6732
vn 0.2163 0.2164 0.9520
vn 0.7071 0.7071 -0.0000
vn -0.7071 -0.7071 -0.0000
vt 0.000000 1.000000
vt 0.000000 0.000000
vt 0.125000 1.000000
vt 0.125000 0.000000
vt 0.250000 1.000000
vt 0.250000 0.000000
vt 0.375000 1.000000
vt 0.375000 0.000000
vt 0.500000 1.000000
vt 0.500000 0.000000
vt 0.625000 1.000000
vt 0.625000 0.000000
vt 0.750000 1.000000
vt 0.750000 0.000000
vt 0.875000 1.000000
vt 0.875000 0.000000
vt 1.000000 1.000000
vt 1.000000 0.000000
vt 1.000000 0.500000
vt 0.853553 0.853553
vt 0.500000 0.500000
vt 0.146447 0.853553
vt 0.000000 0.500000
vt 0.146447 0.146447
vt 0.853553 0.146447
s 1
usemtl nozzle_steel
f 2233/1023/800 2242/1024/800 2234/1025/801
f 2242/1024/800 2243/1026/801 2234/1025/801
f 2234/1025/801 2243/1026/801 2235/1027/802
f 2243/1026/801 2244/1028/802 2235/1027/802
f 2235/1027/802 2244/1028/802 2236/1029/803
f 2244/1028/802 2245/1030/803 2236/1029/803
f 2236/1029/803 2245/1030/803 2237/1031/804
f 2245/1030/803 2246/1032/804 2237/1031/804
f 2237/1031/804 2246/1032/804 2238/1033/805
f 2246/1032/804 2247/1034/805 2238/1033/805
f 2238/1033/805 2247/1034/805 2239/1035/806
f 2247/1034/805 2248/1036/806 2239/1035/806
f 2239/1035/806 2248/1036/806 2240/1037/807
f 2248/1036/806 2249/1038/807 2240/1037/807
f 2240/1037/807 2249/1038/807 2241/1039/808
f 2249/1038/807 2250/1040/808 2241/1039/808
f 2259/1041/809 2260/1042/809 2251/1043/809
f 2260/1042/809 2261/1031/809 2252/1043/809
f 2261/1031/809 2262/1044/809 2253/1043/809
f 2262/1044/809 2263/1045/809 2254/1043/809
f 2263/1045/809 2264/1046/809 2255/1043/809
f 2264/1046/809 2265/1032/809 2256/1043/809
f 2265/1032/809 2266/1047/809 2257/1043/809
f 2266/1047/809 2267/1041/809 2258/1043/809
f 2277/1047/810 2276/1041/810 2268/1043/810
f 2278/1032/810 2277/1047/810 2269/1043/810
f 2279/1046/810 2278/1032/810 2270/1043/810
f 2280/1045/810 2279/1046/810 2271/1043/810
f 2281/1044/810 2280/1045/810 2272/1043/810
f 2282/1031/810 2281/1044/810 2273/1043/810
f 2283/1042/810 2282/1031/810 2274/1043/810
f 2284/1041/810 2283/1042/810 2275/1043/810
o rcs_nozzle_0.007
v -1.880904 1.411635 10.670000
v -1.915904 1.446635 10.649497
v -1.930402 1.461133 10.600000
v -1.915904 1.446635 10.550503
v -1.880904 1.411635 10.530000
v -1.845904 1.376635 10.550503
v -1.831407 1.362138 10.600000
v -1.845904 1.376635 10.649497
v -1.880904 1.411635 10.670000
v -1.682914 1.609625 10.760000
v -1.762914 1.689625 10.713137
v -1.796051 1.722762 10.600000
v -1.762914 1.689625 10.486863
v -1.682914 1.609625 10.440000
v -1.602914 1.529625 10.486863
v -1.569777 1.496488 10.600000
v -1.602914 1.529625 10.713137
v -1.682914 1.609625 10.760000
v -1.880904 1.411635 10.600000
v -1.880904 1.411635 10.600000
v -1.880904 1.411635 10.600000
v -1.880904 1.411635 10.600000
v -1.880904 1.411635 10.600000
v -1.880904 1.411635 10.600000
v -1.880904 1.411635 10.600000
v -1.880904 1.411635 10.600000
v -1.880904 1.411635 10.670000
v -1.915904 1.446635 10.649497
v -1.930402 1.461133 10.600000
v -1.915904 1.446635 10.550503
v -1.880904 1.411635 10.530000
v -1.845904 1.376635 10.550503
v -1.831407 1.362138 10.600000
v -1.845904 1.376635 10.649497
v -1.880904 1.411635 10.670000
v -1.682914 1.609625 10.600000
v -1.682914 1.609625 10.600000
v -1.682914 1.609625 10.600000
v -1.682914 1.609625 10.600000
v -1.682914 1.609625 10.600000
v -1.682914 1.609625 10.600000
v -1.682914 1.609625 10.600000
v -1.682914 1.609625 10.600000
v -1.682914 1.609625 10.760000
v -1.762914 1.689625 10.713137
v -1.796051 1.722762 10.600000
v -1.762914 1.689625 10.486863
v -1.682914 1.609625 10.440000
v -1.602914 1.529625 10.486863
v -1.569777 1.496488 10.600000
v -1.602914 1.529625 10.713137
v -1.682914 1.609625 10.760000
vn -0.2164 -0.2164 0.9520
vn -0.6924 0.2596 0.6732
vn -0.8896 0.4568 -0.0000
vn -0.6924 0.2596 -0.6732
vn -0.2164 -0.2164 -0.9520
vn 0.2596 -0.6924 -0.6732
vn 0.4568 -0.8896 -0.0000
vn 0.2596 -0.6924 0.6732
vn -0.2163 -0.2164 0.9520
vn -0.7071 -0.7071 -0.0000
vn 0.7071 0.7071 -0.0000
vt 0.000000 1.000000
vt 0.000000 0.000000
vt 0.125000 1.000000
vt 0.125000 0.000000
vt 0.250000 1.000000
vt 0.250000 0.000000
vt 0.375000 1.000000
vt 0.375000 0.000000
vt 0.500000 1.000000
vt 0.500000 0.000000
vt 0.625000 1.000000
vt 0.625000 0.000000
vt 0.750000 1.000000
vt 0.750000 0.000000
vt 0.875000 1.000000
vt 0.875000 0.000000
vt 1.000000 1.000000
vt 1.000000 0.000000
vt 1.000000 0.500000
vt 0.853553 0.853553
vt 0.500000 0.500000
vt 0.146447 0.853553
vt 0.000000 0.500000
vt 0.146447 0.146447
vt 0.853553 0.146447
s 1
usemtl nozzle_steel
f 2285/1048/811 2294/1049/811 2286/1050/812
f 2294/1049/811 2295/1051/812 2286/1050/812
f 2286/1050/812 2295/1051/812 2287/1052/813
f 2295/1051/812 2296/1053/813 2287/1052/813
f 2287/1052/813 2296/1053/813 2288/1054/814
f 2296/1053/813 2297/1055/814 2288/1054/814
f 2288/1054/814 2297/1055/814 2289/1056/815
f 2297/1055/814 2298/1057/815 2289/1056/815
f 2289/1056/815 2298/1057/815 2290/1058/816
f 2298/1057/815 2299/1059/816 2290/1058/816
f 2290/1058/816 2299/1059/816 2291/1060/817
f 2299/1059/816 2300/1061/817 2291/1060/817
f 2291/1060/817 2300/1061/817 2292/1062/818
f 2300/1061/817 2301/1063/818 2292/1062/818
f 2292/1062/818 2301/1063/818 2293/1064/819
f 2301/1063/818 2302/1065/819 2293/1064/819
f 2311/1066/820 2312/1067/820 2303/1068/820
f 2312/1067/820 2313/1056/820 2304/1068/820
f 2313/1056/820 2314/1069/820 2305/1068/820
f 2314/1069/820 2315/1070/820 2306/1068/820
f 2315/1070/820 2316/1071/820 2307/1068/820
f 2316/1071/820 2317/1057/820 2308/1068/820
f 2317/1057/820 2318/1072/820 2309/1068/820
f 2318/1072/820 2319/1066/820 2310/1068/820
f 2329/1072/821 2328/1066/821 2320/1068/821
f 2330/1057/821 2329/1072/821 2321/1068/821
f 2331/1071/821 2330/1057/821 2322/1068/821
f 2332/1070/821 2331/1071/821 2323/1068/821
f 2333/1069/821 2332/1070/821 2324/1068/821
f 2334/1056/821 2333/1069/821 2325/1068/821
f 2335/1067/821 2334/1056/821 2326/1068/821
f 2336/1066/821 2335/1067/821 2327/1068/821
o rcs_nozzle_1
v -1.357645 4.650183 -9.870000
v -1.322645 4.685183 -9.849498
v -1.308148 4.699680 -9.800000
v -1.322645 4.685183 -9.750503
v -1.357645 4.650183 -9.730000
v -1.392645 4.615183 -9.750503
v -1.407143 4.600685 -9.800000
v -1.392645 4.615183 -9.849498
v -1.357645 4.650183 -9.870000
v -1.555635 4.848173 -9.960000
v -1.475635 4.928173 -9.913137
v -1.442498 4.961310 -9.800000
v -1.475635 4.928173 -9.686863
v -1.555635 4.848173 -9.640000
v -1.635635 4.768173 -9.686863
v -1.668772 4.735035 -9.800000
v -1.635635 4.768173 -9.913137
v -1.555635 4.848173 -9.960000
v -1.357645 4.650183 -9.800000
v -1.357645 4.650183 -9.800000
v -1.357645 4.650183 -9.800000
v -1.357645 4.650183 -9.800000
v -1.357645 4.650183 -9.800000
v -1.357645 4.650183 -9.800000
v -1.357645 4.650183 -9.800000
v -1.357645 4.650183 -9.800000
v -1.357645 4.650183 -9.870000
v -1.322645 4.685183 -9.849498
v -1.308148 4.699680 -9.800000
v -1.322645 4.685183 -9.750503
v -1.357645 4.650183 -9.730000
v -1.392645 4.615183 -9.750503
v -1.407143 4.600685 -9.800000
v -1.392645 4.615183 -9.849498
v -1.357645 4.650183 -9.870000
v -1.555635 4.848173 -9.800000
v -1.555635 4.848173 -9.800000
v -1.555635 4.848173 -9.800000
v -1.555635 4.848173 -9.800000
v -1.555635 4.848173 -9.800000
v -1.555635 4.848173 -9.800000
v -1.555635 4.848173 -9.800000
v -1.555635 4.848173 -9.800000
v -1.555635 4.848173 -9.960000
v -1.475635 4.928173 -9.913137
v -1.442498 4.961310 -9.800000
v -1.475635 4.928173 -9.686863
v -1.555635 4.848173 -9.640000
v -1.635635 4.768173 -9.686863
v -1.668772 4.735035 -9.800000
v -1.635635 4.768173 -9.913137
v -1.555635 4.848173 -9.960000
vn 0.2164 -0.2164 -0.9520
vn 0.6924 0.2596 -0.6732
vn 0.8896 0.4568 -0.0000
vn 0.6924 0.2596 0.6732
vn 0.2164 -0.2164 0.9520
vn -0.2596 -0.6924 0.6732
vn -0.4568 -0.8896 -0.0000
vn -0.2596 -0.6924 -0.6732
vn 0.2163 -0.2164 -0.9520
vn 0.7071 -0.7071 -0.0000
vn -0.7071 0.7071 -0.0000
vt 0.000000 1.000000
vt 0.000000 0.000000
vt 0.125000 1.000000
vt 0.125000 0.000000
vt 0.250000 1.000000
vt 0.250000 0.000000
vt 0.375000 1.000000
vt 0.375000 0.000000
vt 0.500000 1.000000
vt 0.500000 0.000000
vt 0.625000 1.000000
vt 0.625000 0.000000
vt 0.750000 1.000000
vt 0.750000 0.000000
vt 0.875000 1.000000
vt 0.875000 0.000000
vt 1.000000 1.000000
vt 1.000000 0.000000
vt 1.000000 0.500000
vt 0.853553 0.853553
vt 0.500000 0.500000
vt 0.146447 0.853553
vt 0.000000 0.500000
vt 0.146447 0.146447
vt 0.853553 0.146447
s 1
usemtl nozzle_steel
f 2337/1073/822 2346/1074/822 2338/1075/823
f 2346/1074/822 2347/1076/823 2338/1075/823
f 2338/1075/823 2347/1076/823 2339/1077/824
f 2347/1076/823 2348/1078/824 2339/1077/824
f 2339/1077/824 2348/1078/824 2340/1079/825
f 2348/1078/824 2349/1080/825 2340/1079/825
f 2340/1079/825 2349/1080/825 2341/1081/826
f 2349/1080/825 2350/1082/826 2341/1081/826
f 2341/1081/826 2350/1082/826 2342/1083/827
f 2350/1082/826 2351/1084/827 2342/1083/827
f 2342/1083/827 2351/1084/827 2343/1085/828
f 2351/1084/827 2352/1086/828 2343/1085/828
f 2343/1085/828 2352/1086/828 2344/1087/829
f 2352/1086/828 2353/1088/829 2344/1087/829
f 2344/1087/829 2353/1088/829 2345/1089/830
f 2353/1088/829 2354/1090/822 2345/1089/830
f 2363/1091/831 2364/1092/831 2355/1093/831
f 2364/1092/831 2365/1081/831 2356/1093/831
f 2365/1081/831 2366/1094/831 2357/1093/831
f 2366/1094/831 2367/1095/831 2358/1093/831
f 2367/1095/831 2368/1096/831 2359/1093/831
f 2368/1096/831 2369/1082/831 2360/1093/831
f 2369/1082/831 2370/1097/831 2361/1093/831
f 2370/1097/831 2371/1091/831 2362/1093/831
f 2381/1097/832 2380/1091/832 2372/1093/832
f 2382/1082/832 2381/1097/832 2373/1093/832
f 2383/1096/832 2382/1082/832 2374/1093/832
f 2384/1095/832 2383/1096/832 2375/1093/832
f 2385/1094/832 2384/1095/832 2376/1093/832
f 2386/1081/832 2385/1094/832 2377/1093/832
f 2387/1092/832 2386/1081/832 2378/1093/832
f 2388/1091/832 2387/1092/832 2379/1093/832
o rcs_nozzle_1.001
v 1.230366 4.522905 10.530000
v 1.265366 4.487906 10.550503
v 1.279863 4.473408 10.600000
v 1.265366 4.487906 10.649497
v 1.230366 4.522905 10.670000
v 1.195366 4.557905 10.649497
v 1.180868 4.572403 10.600000
v 1.195366 4.557905 10.550503
v 1.230366 4.522905 10.530000
v 1.428356 4.720895 10.440000
v 1.508356 4.640895 10.486863
v 1.541493 4.607758 10.600000
v 1.508356 4.640895 10.713137
v 1.428356 4.720895 10.760000
v 1.348356 4.800895 10.713137
v 1.315219 4.834033 10.600000
v 1.348356 4.800895 10.486863
v 1.428356 4.720895 10.440000
v 1.230366 4.522905 10.600000
v 1.230366 4.522905 10.600000
v 1.230366 4.522905 10.600000
v 1.230366 4.522905 10.600000
v 1.230366 4.522905 10.600000
v 1.230366 4.522905 10.600000
v 1.230366 4.522905 10.600000
v 1.230366 4.522905 10.600000
v 1.230366 4.522905 10.530000
v 1.265366 4.487906 10.550503
v 1.279863 4.473408 10.600000
v 1.265366 4.487906 10.649497
v 1.230366 4.522905 10.670000
v 1.195366 4.557905 10.649497
v 1.180868 4.572403 10.600000
v 1.195366 4.557905 10.550503
v 1.230366 4.522905 10.530000
v 1.428356 4.720895 10.600000
v 1.428356 4.720895 10.600000
v 1.428356 4.720895 10.600000
v 1.428356 4.720895 10.600000
v 1.428356 4.720895 10.600000
v 1.428356 4.720895 10.600000
v 1.428356 4.720895 10.600000
v 1.428356 4.720895 10.600000
v 1.428356 4.720895 10.440000
v 1.508356 4.640895 10.486863
v 1.541493 4.607758 10.600000
v 1.508356 4.640895 10.713137
v 1.428356 4.720895 10.760000
v 1.348356 4.800895 10.713137
v 1.315219 4.834033 10.600000
v 1.348356 4.800895 10.486863
v 1.428356 4.720895 10.440000
vn -0.2164 -0.2164 -0.9520
vn 0.2596 -0.6924 -0.6732
vn 0.4568 -0.8896 -0.0000
vn 0.2596 -0.6924 0.6732
vn -0.2164 -0.2164 0.9520
vn -0.6924 0.2596 0.6732
vn -0.8896 0.4568 -0.0000
vn -0.6924 0.2596 -0.6732
vn -0.2164 -0.2163 -0.9520
vn -0.7071 -0.7071 -0.0000
vn 0.7071 0.7071 -0.0000
vt 0.000000 1.000000
vt 0.000000 0.000000
vt 0.125000 1.000000
vt 0.125000 0.000000
vt 0.250000 1.000000
vt 0.250000 0.000000
vt 0.375000 1.000000
vt 0.375000 0.000000
vt 0.500000 1.000000
vt 0.500000 0.000000
vt 0.625000 1.000000
vt 0.625000 0.000000
vt 0.750000 1.000000
vt 0.750000 0.000000
vt 0.875000 1.000000
vt 0.875000 0.000000
vt 1.000000 1.000000
vt 1.000000 0.000000
vt 1.000000 0.500000
vt 0.853553 0.853553
vt 0.500000 0.500000
vt 0.146447 0.853553
vt 0.000000 0.500000
vt 0.146447 0.146447
vt 0.853553 0.146447
s 1
usemtl nozzle_steel
f 2389/1098/833 2398/1099/833 2390/1100/834
f 2398/1099/833 2399/1101/834 2390/1100/834
f 2390/1100/834 2399/1101/834 2391/1102/835
f 2399/1101/834 2400/1103/835 2391/1102/835
f 2391/1102/835 2400/1103/835 2392/1104/836
f 2400/1103/835 2401/1105/836 2392/1104/836
f 2392/1104/836 2401/1105/836 2393/1106/837
f 2401/1105/836 2402/1107/837 2393/1106/837
f 2393/1106/837 2402/1107/837 2394/1108/838
f 2402/1107/837 2403/1109/838 2394/1108/838
f 2394/1108/838 2403/1109/838 2395/1110/839
f 2403/1109/838 2404/1111/839 2395/1110/839
f 2395/1110/839 2404/1111/839 2396/1112/840
f 2404/1111/839 2405/1113/840 2396/1112/840
f 2396/1112/840 2405/1113/840 2397/1114/841
f 2405/1113/840 2406/1115/833 2397/1114/841
f 2415/1116/842 2416/1117/842 2407/1118/842
f 2416/1117/842 2417/1106/842 2408/1118/842
f 2417/1106/842 2418/1119/842 2409/1118/842
f 2418/1119/842 2419/1120/842 2410/1118/842
f 2419/1120/842 2420/1121/842 2411/1118/842
f 2420/1121/842 2421/1107/842 2412/1118/842
f 2421/1107/842 2422/1122/842 2413/1118/842
f 2422/1122/842 2423/1116/842 2414/1118/842
f 2433/1122/843 2432/1116/843 2424/1118/843
f 2434/1107/843 2433/1122/843 2425/1118/843
f 2435/1121/843 2434/1107/843 2426/1118/843
f 2436/1120/843 2435/1121/843 2427/1118/843
f 2437/1119/843 2436/1120/843 2428/1118/843
f 2438/1106/843 2437/1119/843 2429/1118/843
f 2439/1117/843 2438/1106/843 2430/1118/843
f 2440/1116/843 2439/1117/843 2431/1118/843
o rcs_nozzle_1.002
v 1.357645 4.650183 -9.870000
v 1.392645 4.615183 -9.849498
v 1.407143 4.600685 -9.800000
v 1.392645 4.615183 -9.750503
v 1.357645 4.650183 -9.730000
v 1.322645 4.685183 -9.750503
v 1.308148 4.699680 -9.800000
v 1.322645 4.685183 -9.849498
v 1.357645 4.650183 -9.870000
v 1.555635 4.848173 -9.960000
v 1.635635 4.768173 -9.913137
v 1.668772 4.735035 -9.800000
v 1.635635 4.768173 -9.686863
v 1.555635 4.848173 -9.640000
v 1.475635 4.928173 -9.686863
v 1.442498 4.961310 -9.800000
v 1.475635 4.928173 -9.913137
v 1.555635 4.848173 -9.960000
v 1.357645 4.650183 -9.800000
v 1.357645 4.650183 -9.800000
v 1.357645 4.650183 -9.800000
v 1.357645 4.650183 -9.800000
v 1.357645 4.650183 -9.800000
v 1.357645 4.650183 -9.800000
v 1.357645 4.650183 -9.800000
v 1.357645 4.650183 -9.800000
v 1.357645 4.650183 -9.870000
v 1.392645 4.615183 -9.849498
v 1.407143 4.600685 -9.800000
v 1.392645 4.615183 -9.750503
v 1.357645 4.650183 -9.730000
v 1.322645 4.685183 -9.750503
v 1.308148 4.699680 -9.800000
v 1.322645 4.685183 -9.849498
v 1.357645 4.650183 -9.870000
v 1.555635 4.848173 -9.800000
v 1.555635 4.848173 -9.800000
v 1.555635 4.848173 -9.800000
v 1.555635 4.848173 -9.800000
v 1.555635 4.848173 -9.800000
v 1.555635 4.848173 -9.800000
v 1.555635 4.848173 -9.800000
v 1.555635 4.848173 -9.800000
v 1.555635 4.848173 -9.960000
v 1.635635 4.768173 -9.913137
v 1.668772 4.735035 -9.800000
v 1.635635 4.768173 -9.686863
v 1.555635 4.848173 -9.640000
v 1.475635 4.928173 -9.686863
v 1.442498 4.961310 -9.800000
v 1.475635 4.928173 -9.913137
v 1.555635 4.848173 -9.960000
vn -0.2164 -0.2164 -0.9520
vn 0.2596 -0.6924 -0.6732
vn 0.4568 -0.8896 -0.0000
vn 0.2596 -0.6924 0.6732
vn -0.2164 -0.2164 0.9520
vn -0.6924 0.2596 0.6732
vn -0.8896 0.4568 -0.0000
vn -0.6924 0.2596 -0.6732
vn -0.7071 -0.7071 -0.0000
vn 0.7071 0.7071 -0.0000
vt 0.000000 1.000000
vt 0.000000 0.000000
vt 0.125000 1.000000
vt 0.125000 0.000000
vt 0.250000 1.000000
vt 0.250000 0.000000
vt 0.375000 1.000000
vt 0.375000 0.000000
vt 0.500000 1.000000
vt 0.500000 0.000000
vt 0.625000 1.000000
vt 0.625000 0.000000
vt 0.750000 1.000000
vt 0.750000 0.000000
vt 0.875000 1.000000
vt 0.875000 0.000000
vt 1.000000 1.000000
vt 1.000000 0.000000
vt 1.000000 0.500000
vt 0.853553 0.853553
vt 0.500000 0.500000
vt 0.146447 0.853553
vt 0.000000 0.500000
vt 0.146447 0.146447
vt 0.853553 0.146447
s 1
usemtl nozzle_steel
f 2441/1123/844 2450/1124/844 2442/1125/845
f 2450/1124/844 2451/1126/845 2442/1125/845
f 2442/1125/845 2451/1126/845 2443/1127/846
f 2451/1126/845 2452/1128/846 2443/1127/846
f 2443/1127/846 2452/1128/846 2444/1129/847
f 2452/1128/846 2453/1130/847 2444/1129/847
f 2444/1129/847 2453/1130/847 2445/1131/848
f 2453/1130/847 2454/1132/848 2445/1131/848
f 2445/1131/848 2454/1132/848 2446/1133/849
f 2454/1132/848 2455/1134/849 2446/1133/849
f 2446/1133/849 2455/1134/849 2447/1135/850
f 2455/1134/849 2456/1136/850 2447/1135/850
f 2447/1135/850 2456/1136/850 2448/1137/851
f 2456/1136/850 2457/1138/851 2448/1137/851
f 2448/1137/851 2457/1138/851 2449/1139/844
f 2457/1138/851 2458/1140/844 2449/1139/844
f 2467/1141/852 2468/1142/852 2459/1143/852
f 2468/1142/852 2469/1131/852 2460/1143/852
f 2469/1131/852 2470/1144/852 2461/1143/852
f 2470/1144/852 2471/1145/852 2462/1143/852
f 2471/1145/852 2472/1146/852 2463/1143/852
f 2472/1146/852 2473/1132/852 2464/1143/852
f 2473/1132/852 2474/1147/852 2465/1143/852
f 2474/1147/852 2475/1141/852 2466/1143/852
f 2485/1147/853 2484/1141/853 2476/1143/853
f 2486/1132/853 2485/1147/853 2477/1143/853
f 2487/1146/853 2486/1132/853 2478/1143/853
f 2488/1145/853 2487/1146/853 2479/1143/853
f 2489/1144/853 2488/1145/853 2480/1143/853
f 2490/1131/853 2489/1144/853 2481/1143/853
f 2491/1142/853 2490/1131/853 2482/1143/853
f 2492/1141/853 2491/1142/853 2483/1143/853
o rcs_nozzle_1.003
v -1.357645 1.934893 -9.870000
v -1.392645 1.969893 -9.849498
v -1.407143 1.984390 -9.800000
v -1.392645 1.969893 -9.750503
v -1.357645 1.934893 -9.730000
v -1.322645 1.899893 -9.750503
v -1.308148 1.885395 -9.800000
v -1.322645 1.899893 -9.849498
v -1.357645 1.934893 -9.870000
v -1.555635 1.736903 -9.960000
v -1.635635 1.816903 -9.913137
v -1.668772 1.850040 -9.800000
v -1.635635 1.816903 -9.686863
v -1.555635 1.736903 -9.640000
v -1.475635 1.656903 -9.686863
v -1.442498 1.623766 -9.800000
v -1.475635 1.656903 -9.913137
v -1.555635 1.736903 -9.960000
v -1.357645 1.934893 -9.800000
v -1.357645 1.934893 -9.800000
v -1.357645 1.934893 -9.800000
v -1.357645 1.934893 -9.800000
v -1.357645 1.934893 -9.800000
v -1.357645 1.934893 -9.800000
v -1.357645 1.934893 -9.800000
v -1.357645 1.934893 -9.800000
v -1.357645 1.934893 -9.870000
v -1.392645 1.969893 -9.849498
v -1.407143 1.984390 -9.800000
v -1.392645 1.969893 -9.750503
v -1.357645 1.934893 -9.730000
v -1.322645 1.899893 -9.750503
v -1.308148 1.885395 -9.800000
v -1.322645 1.899893 -9.849498
v -1.357645 1.934893 -9.870000
v -1.555635 1.736903 -9.800000
v -1.555635 1.736903 -9.800000
v -1.555635 1.736903 -9.800000
v -1.555635 1.736903 -9.800000
v -1.555635 1.736903 -9.800000
v -1.555635 1.736903 -9.800000
v -1.555635 1.736903 -9.800000
v -1.555635 1.736903 -9.800000
v -1.555635 1.736903 -9.960000
v -1.635635 1.816903 -9.913137
v -1.668772 1.850040 -9.800000
v -1.635635 1.816903 -9.686863
v -1.555635 1.736903 -9.640000
v -1.475635 1.656903 -9.686863
v -1.442498 1.623766 -9.800000
v -1.475635 1.656903 -9.913137
v -1.555635 1.736903 -9.960000
vn 0.2164 0.2164 -0.9520
vn -0.2596 0.6924 -0.6732
vn -0.4568 0.8896 -0.0000
vn -0.2596 0.6924 0.6732
vn 0.2164 0.2164 0.9520
vn 0.6924 -0.2596 0.6732
vn 0.8896 -0.4568 -0.0000
vn 0.6924 -0.2596 -0.6732
vn 0.7071 0.7071 -0.0000
vn -0.7071 -0.7071 -0.0000
vt 0.000000 1.000000
vt 0.000000 0.000000
vt 0.125000 1.000000
vt 0.125000 0.000000
vt 0.250000 1.000000
vt 0.250000 0.000000
vt 0.375000 1.000000
vt 0.375000 0.000000
vt 0.500000 1.000000
vt 0.500000 0.000000
vt 0.625000 1.000000
vt 0.625000 0.000000
vt 0.750000 1.000000
vt 0.750000 0.000000
vt 0.875000 1.000000
vt 0.875000 0.000000
vt 1.000000 1.000000
vt 1.000000 0.000000
vt 1.000000 0.500000
vt 0.853553 0.853553
vt 0.500000 0.500000
vt 0.146447 0.853553
vt 0.000000 0.500000
vt 0.146447 0.146447
vt 0.853553 0.146447
s 1
usemtl nozzle_steel
f 2493/1148/854 2502/1149/854 2494/1150/855
f 2502/1149/854 2503/1151/855 2494/1150/855
f 2494/1150/855 2503/1151/855 2495/1152/856
f 2503/1151/855 2504/1153/856 2495/1152/856
f 2495/1152/856 2504/1153/856 2496/1154/857
f 2504/1153/856 2505/1155/857 2496/1154/857
f 2496/1154/857 2505/1155/857 2497/1156/858
f 2505/1155/857 2506/1157/858 2497/1156/858
f 2497/1156/858 2506/1157/858 2498/1158/859
f 2506/1157/858 2507/1159/859 2498/1158/859
f 2498/1158/859 2507/1159/859 2499/1160/860
f 2507/1159/859 2508/1161/860 2499/1160/860
f 2499/1160/860 2508/1161/860 2500/1162/861
f 2508/1161/860 2509/1163/861 2500/1162/861
f 2500/1162/861 2509/1163/861 2501/1164/854
f 2509/1163/861 2510/1165/854 2501/1164/854
f 2519/1166/862 2520/1167/862 2511/1168/862
f 2520/1167/862 2521/1156/862 2512/1168/862
f 2521/1156/862 2522/1169/862 2513/1168/862
f 2522/1169/862 2523/1170/862 2514/1168/862
f 2523/1170/862 2524/1171/862 2515/1168/862
f 2524/1171/862 2525/1157/862 2516/1168/862
f 2525/1157/862 2526/1172/862 2517/1168/862
f 2526/1172/862 2527/1166/862 2518/1168/862
f 2537/1172/863 2536/1166/863 2528/1168/863
f 2538/1157/863 2537/1172/863 2529/1168/863
f 2539/1171/863 2538/1157/863 2530/1168/863
f 2540/1170/863 2539/1171/863 2531/1168/863
f 2541/1169/863 2540/1170/863 2532/1168/863
f 2542/1156/863 2541/1169/863 2533/1168/863
f 2543/1167/863 2542/1156/863 2534/1168/863
f 2544/1166/863 2543/1167/863 2535/1168/863
o rcs_nozzle_1.004
v -1.230366 4.522905 10.530000
v -1.195366 4.557905 10.550503
v -1.180868 4.572403 10.600000
v -1.195366 4.557905 10.649497
v -1.230366 4.522905 10.670000
v -1.265366 4.487906 10.649497
v -1.279863 4.473408 10.600000
v -1.265366 4.487906 10.550503
v -1.230366 4.522905 10.530000
v -1.428356 4.720895 10.440000
v -1.348356 4.800895 10.486863
v -1.315219 4.834033 10.600000
v -1.348356 4.800895 10.713137
v -1.428356 4.720895 10.760000
v -1.508356 4.640895 10.713137
v -1.541493 4.607758 10.600000
v -1.508356 4.640895 10.486863
v -1.428356 4.720895 10.440000
v -1.230366 4.522905 10.600000
v -1.230366 4.522905 10.600000
v -1.230366 4.522905 10.600000
v -1.230366 4.522905 10.600000
v -1.230366 4.522905 10.600000
v -1.230366 4.522905 10.600000
v -1.230366 4.522905 10.600000
v -1.230366 4.522905 10.600000
v -1.230366 4.522905 10.530000
v -1.195366 4.557905 10.550503
v -1.180868 4.572403 10.600000
v -1.195366 4.557905 10.649497
v -1.230366 4.522905 10.670000
v -1.265366 4.487906 10.649497
v -1.279863 4.473408 10.600000
v -1.265366 4.487906 10.550503
v -1.230366 4.522905 10.530000
v -1.428356 4.720895 10.600000
v -1.428356 4.720895 10.600000
v -1.428356 4.720895 10.600000
v -1.428356 4.720895 10.600000
v -1.428356 4.720895 10.600000
v -1.428356 4.720895 10.600000
v -1.428356 4.720895 10.600000
v -1.428356 4.720895 10.600000
v -1.428356 4.720895 10.440000
v -1.348356 4.800895 10.486863
v -1.315219 4.834033 10.600000
v -1.348356 4.800895 10.713137
v -1.428356 4.720895 10.760000
v -1.508356 4.640895 10.713137
v -1.541493 4.607758 10.600000
v -1.508356 4.640895 10.486863
v -1.428356 4.720895 10.440000
vn 0.2164 -0.2163 -0.9520
vn 0.2164 -0.2164 -0.9520
vn 0.6924 0.2596 -0.6732
vn 0.8896 0.4568 -0.0000
vn 0.6924 0.2596 0.6732
vn 0.2164 -0.2164 0.9520
vn -0.2596 -0.6924 0.6732
vn -0.4568 -0.8896 -0.0000
vn -0.2596 -0.6924 -0.6732
vn 0.2163 -0.2164 -0.9520
vn 0.7071 -0.7071 -0.0000
vn -0.7071 0.7071 -0.0000
vt 0.000000 1.000000
vt 0.000000 0.000000
vt 0.125000 1.000000
vt 0.125000 0.000000
vt 0.250000 1.000000
vt 0.250000 0.000000
vt 0.375000 1.000000
vt 0.375000 0.000000
vt 0.500000 1.000000
vt 0.500000 0.000000
vt 0.625000 1.000000
vt 0.625000 0.000000
vt 0.750000 1.000000
vt 0.750000 0.000000
vt 0.875000 1.000000
vt 0.875000 0.000000
vt 1.000000 1.000000
vt 1.000000 0.000000
vt 1.000000 0.500000
vt 0.853553 0.853553
vt 0.500000 0.500000
vt 0.146447 0.853553
vt 0.000000 0.500000
vt 0.146447 0.146447
vt 0.853553 0.146447
s 1
usemtl nozzle_steel
f 2545/1173/864 2554/1174/865 2546/1175/866
f 2554/1174/865 2555/1176/866 2546/1175/866
f 2546/1175/866 2555/1176/866 2547/1177/867
f 2555/1176/866 2556/1178/867 2547/1177/867
f 2547/1177/867 2556/1178/867 2548/1179/868
f 2556/1178/867 2557/1180/868 2548/1179/868
f 2548/1179/868 2557/1180/868 2549/1181/869
f 2557/1180/868 2558/1182/869 2549/1181/869
f 2549/1181/869 2558/1182/869 2550/1183/870
f 2558/1182/869 2559/1184/870 2550/1183/870
f 2550/1183/870 2559/1184/870 2551/1185/871
f 2559/1184/870 2560/1186/871 2551/1185/871
f 2551/1185/871 2560/1186/871 2552/1187/872
f 2560/1186/871 2561/1188/872 2552/1187/872
f 2552/1187/872 2561/1188/872 2553/1189/873
f 2561/1188/872 2562/1190/865 2553/1189/873
f 2571/1191/874 2572/1192/874 2563/1193/874
f 2572/1192/874 2573/1181/874 2564/1193/874
f 2573/1181/874 2574/1194/874 2565/1193/874
f 2574/1194/874 2575/1195/874 2566/1193/874
f 2575/1195/874 2576/1196/874 2567/1193/874
f 2576/1196/874 2577/1182/874 2568/1193/874
f 2577/1182/874 2578/1197/874 2569/1193/874
f 2578/1197/874 2579/1191/874 2570/1193/874
f 2589/1197/875 2588/1191/875 2580/1193/875
f 2590/1182/875 2589/1197/875 2581/1193/875
f 2591/1196/875 2590/1182/875 2582/1193/875
f 2592/1195/875 2591/1196/875 2583/1193/875
f 2593/1194/875 2592/1195/875 2584/1193/875
f 2594/1181/875 2593/1194/875 2585/1193/875
f 2595/1192/875 2594/1181/875 2586/1193/875
f 2596/1191/875 2595/1192/875 2587/1193/875
o rcs_nozzle_1.005
v 1.230366 2.062174 10.530000
v 1.195366 2.027174 10.550503
v 1.180868 2.012676 10.600000
v 1.195366 2.027174 10.649497
v 1.230366 2.062174 10.670000
v 1.265366 2.097173 10.649497
v 1.279863 2.111671 10.600000
v 1.265366 2.097173 10.550503
v 1.230366 2.062174 10.530000
v 1.428356 1.864184 10.440000
v 1.348356 1.784184 10.486863
v 1.315219 1.751047 10.600000
v 1.348356 1.784184 10.713137
v 1.428356 1.864184 10.760000
v 1.508356 1.944184 10.713137
v 1.541493 1.977321 10.600000
v 1.508356 1.944184 10.486863
v 1.428356 1.864184 10.440000
v 1.230366 2.062174 10.600000
v 1.230366 2.062174 10.600000
v 1.230366 2.062174 10.600000
v 1.230366 2.062174 10.600000
v 1.230366 2.062174 10.600000
v 1.230366 2.062174 10.600000
v 1.230366 2.062174 10.600000
v 1.230366 2.062174 10.600000
v 1.230366 2.062174 10.530000
v 1.195366 2.027174 10.550503
v 1.180868 2.012676 10.600000
v 1.195366 2.027174 10.649497
v 1.230366 2.062174 10.670000
v 1.265366 2.097173 10.649497
v 1.279863 2.111671 10.600000
v 1.265366 2.097173 10.550503
v 1.230366 2.062174 10.530000
v 1.428356 1.864184 10.600000
v 1.428356 1.864184 10.600000
v 1.428356 1.864184 10.600000
v 1.428356 1.864184 10.600000
v 1.428356 1.864184 10.600000
v 1.428356 1.864184 10.600000
v 1.428356 1.864184 10.600000
v 1.428356 1.864184 10.600000
v 1.428356 1.864184 10.440000
v 1.348356 1.784184 10.486863
v 1.315219 1.751047 10.600000
v 1.348356 1.784184 10.713137
v 1.428356 1.864184 10.760000
v 1.508356 1.944184 10.713137
v 1.541493 1.977321 10.600000
v 1.508356 1.944184 10.486863
v 1.428356 1.864184 10.440000
vn -0.2164 0.2163 -0.9520
vn -0.2164 0.2164 -0.9520
vn -0.6924 -0.2596 -0.6732
vn -0.8896 -0.4568 -0.0000
vn -0.6924 -0.2596 0.6732
vn -0.2164 0.2164 0.9520
vn 0.2596 0.6924 0.6732
vn 0.4568 0.8896 -0.0000
vn 0.2596 0.6924 -0.6732
vn -0.7071 0.7071 -0.0000
vn 0.7071 -0.7071 -0.0000
vt 0.000000 1.000000
vt 0.000000 0.000000
vt 0.125000 1.000000
vt 0.125000 0.000000
vt 0.250000 1.000000
vt 0.250000 0.000000
vt 0.375000 1.000000
vt 0.375000 0.000000
vt 0.500000 1.000000
vt 0.500000 0.000000
vt 0.625000 1.000000
vt 0.625000 0.000000
vt 0.750000 1.000000
vt 0.750000 0.000000
vt 0.875000 1.000000
vt 0.875000 0.000000
vt 1.000000 1.000000
vt 1.000000 0.000000
vt 1.000000 0.500000
vt 0.853553 0.853553
vt 0.500000 0.500000
vt 0.146447 0.853553
vt 0.000000 0.500000
vt 0.146447 0.146447
vt 0.853553 0.146447
s 1
usemtl nozzle_steel
f 2597/1198/876 2606/1199/877 2598/1200/878
f 2606/1199/877 2607/1201/878 2598/1200/878
f 2598/1200/878 2607/1201/878 2599/1202/879
f 2607/1201/878 2608/1203/879 2599/1202/879
f 2599/1202/879 2608/1203/879 2600/1204/880
f 2608/1203/879 2609/1205/880 2600/1204/880
f 2600/1204/880 2609/1205/880 2601/1206/881
f 2609/1205/880 2610/1207/881 2601/1206/881
f 2601/1206/881 2610/1207/881 2602/1208/882
f 2610/1207/881 2611/1209/882 2602/1208/882
f 2602/1208/882 2611/1209/882 2603/1210/883
f 2611/1209/882 2612/1211/883 2603/1210/883
f 2603/1210/883 2612/1211/883 2604/1212/884
f 2612/1211/883 2613/1213/884 2604/1212/884
f 2604/1212/884 2613/1213/884 2605/1214/877
f 2613/1213/884 2614/1215/877 2605/1214/877
f 2623/1216/885 2624/1217/885 2615/1218/885
f 2624/1217/885 2625/1206/885 2616/1218/885
f 2625/1206/885 2626/1219/885 2617/1218/885
f 2626/1219/885 2627/1220/885 2618/1218/885
f 2627/1220/885 2628/1221/885 2619/1218/885
f 2628/1221/885 2629/1207/885 2620/1218/885
f 2629/1207/885 2630/1222/885 2621/1218/885
f 2630/1222/885 2631/1216/885 2622/1218/885
f 2641/1222/886 2640/1216/886 2632/1218/886
f 2642/1207/886 2641/1222/886 2633/1218/886
f 2643/1221/886 2642/1207/886 2634/1218/886
f 2644/1220/886 2643/1221/886 2635/1218/886
f 2645/1219/886 2644/1220/886 2636/1218/886
f 2646/1206/886 2645/1219/886 2637/1218/886
f 2647/1217/886 2646/1206/886 2638/1218/886
f 2648/1216/886 2647/1217/886 2639/1218/886
o rcs_nozzle_1.006
v 1.357645 1.934893 -9.870000
v 1.322645 1.899893 -9.849498
v 1.308148 1.885395 -9.800000
v 1.322645 1.899893 -9.750503
v 1.357645 1.934893 -9.730000
v 1.392645 1.969893 -9.750503
v 1.407143 1.984390 -9.800000
v 1.392645 1.969893 -9.849498
v 1.357645 1.934893 -9.870000
v 1.555635 1.736903 -9.960000
v 1.475635 1.656903 -9.913137
v 1.442498 1.623766 -9.800000
v 1.475635 1.656903 -9.686863
v 1.555635 1.736903 -9.640000
v 1.635635 1.816903 -9.686863
v 1.668772 1.850040 -9.800000
v 1.635635 1.816903 -9.913137
v 1.555635 1.736903 -9.960000
v 1.357645 1.934893 -9.800000
v 1.357645 1.934893 -9.800000
v 1.357645 1.934893 -9.800000
v 1.357645 1.934893 -9.800000
v 1.357645 1.934893 -9.800000
v 1.357645 1.934893 -9.800000
v 1.357645 1.934893 -9.800000
v 1.357645 1.934893 -9.800000
v 1.357645 1.934893 -9.870000
v 1.322645 1.899893 -9.849498
v 1.308148 1.885395 -9.800000
v 1.322645 1.899893 -9.750503
v 1.357645 1.934893 -9.730000
v 1.392645 1.969893 -9.750503
v 1.407143 1.984390 -9.800000
v 1.392645 1.969893 -9.849498
v 1.357645 1.934893 -9.870000
v 1.555635 1.736903 -9.800000
v 1.555635 1.736903 -9.800000
v 1.555635 1.736903 -9.800000
v 1.555635 1.736903 -9.800000
v 1.555635 1.736903 -9.800000
v 1.555635 1.736903 -9.800000
v 1.555635 1.736903 -9.800000
v 1.555635 1.736903 -9.800000
v 1.555635 1.736903 -9.960000
v 1.475635 1.656903 -9.913137
v 1.442498 1.623766 -9.800000
v 1.475635 1.656903 -9.686863
v 1.555635 1.736903 -9.640000
v 1.635635 1.816903 -9.686863
v 1.668772 1.850040 -9.800000
v 1.635635 1.816903 -9.913137
v 1.555635 1.736903 -9.960000
vn -0.2164 0.2164 -0.9520
vn -0.6924 -0.2596 -0.6732
vn -0.8896 -0.4568 -0.0000
vn -0.6924 -0.2596 0.6732
vn -0.2164 0.2164 0.9520
vn 0.2596 0.6924 0.6732
vn 0.4568 0.8896 -0.0000
vn 0.2596 0.6924 -0.6732
vn -0.2163 0.2164 -0.9520
vn -0.7071 0.7071 -0.0000
vn 0.7071 -0.7071 -0.0000
vt 0.000000 1.000000
vt 0.000000 0.000000
vt 0.125000 1.000000
vt 0.125000 0.000000
vt 0.250000 1.000000
vt 0.250000 0.000000
vt 0.375000 1.000000
vt 0.375000 0.000000
vt 0.500000 1.000000
vt 0.500000 0.000000
vt 0.625000 1.000000
vt 0.625000 0.000000
vt 0.750000 1.000000
vt 0.750000 0.000000
vt 0.875000 1.000000
vt 0.875000 0.000000
vt 1.000000 1.000000
vt 1.000000 0.000000
vt 1.000000 0.500000
vt 0.853553 0.853553
vt 0.500000 0.500000
vt 0.146447 0.853553
vt 0.000000 0.500000
vt 0.146447 0.146447
vt 0.853553 0.146447
s 1
usemtl nozzle_steel
f 2649/1223/887 2658/1224/887 2650/1225/888
f 2658/1224/887 2659/1226/888 2650/1225/888
f 2650/1225/888 2659/1226/888 2651/1227/889
f 2659/1226/888 2660/1228/889 2651/1227/889
f 2651/1227/889 2660/1228/889 2652/1229/890
f 2660/1228/889 2661/1230/890 2652/1229/890
f 2652/1229/890 2661/1230/890 2653/1231/891
f 2661/1230/890 2662/1232/891 2653/1231/891
f 2653/1231/891 2662/1232/891 2654/1233/892
f 2662/1232/891 2663/1234/892 2654/1233/892
f 2654/1233/892 2663/1234/892 2655/1235/893
f 2663/1234/892 2664/1236/893 2655/1235/893
f 2655/1235/893 2664/1236/893 2656/1237/894
f 2664/1236/893 2665/1238/894 2656/1237/894
f 2656/1237/894 2665/1238/894 2657/1239/895
f 2665/1238/894 2666/1240/887 2657/1239/895
f 2675/1241/896 2676/1242/896 2667/1243/896
f 2676/1242/896 2677/1231/896 2668/1243/896
f 2677/1231/896 2678/1244/896 2669/1243/896
f 2678/1244/896 2679/1245/896 2670/1243/896
f 2679/1245/896 2680/1246/896 2671/1243/896
f 2680/1246/896 2681/1232/896 2672/1243/896
f 2681/1232/896 2682/1247/896 2673/1243/896
f 2682/1247/896 2683/1241/896 2674/1243/896
f 2693/1247/897 2692/1241/897 2684/1243/897
f 2694/1232/897 2693/1247/897 2685/1243/897
f 2695/1246/897 2694/1232/897 2686/1243/897
f 2696/1245/897 2695/1246/897 2687/1243/897
f 2697/1244/897 2696/1245/897 2688/1243/897
f 2698/1231/897 2697/1244/897 2689/1243/897
f 2699/1242/897 2698/1231/897 2690/1243/897
f 2700/1241/897 2699/1242/897 2691/1243/897
o rcs_nozzle_1.007
v -1.230366 2.062174 10.530000
v -1.265366 2.097173 10.550503
v -1.279863 2.111671 10.600000
v -1.265366 2.097173 10.649497
v -1.230366 2.062174 10.670000
v -1.195366 2.027174 10.649497
v -1.180868 2.012676 10.600000
v -1.195366 2.027174 10.550503
v -1.230366 2.062174 10.530000
v -1.428356 1.864184 10.440000
v -1.508356 1.944184 10.486863
v -1.541493 1.977321 10.600000
v -1.508356 1.944184 10.713137
v -1.428356 1.864184 10.760000
v -1.348356 1.784184 10.713137
v -1.315219 1.751047 10.600000
v -1.348356 1.784184 10.486863
v -1.428356 1.864184 10.440000
v -1.230366 2.062174 10.600000
v -1.230366 2.062174 10.600000
v -1.230366 2.062174 10.600000
v -1.230366 2.062174 10.600000
v -1.230366 2.062174 10.600000
v -1.230366 2.062174 10.600000
v -1.230366 2.062174 10.600000
v -1.230366 2.062174 10.600000
v -1.230366 2.062174 10.530000
v -1.265366 2.097173 10.550503
v -1.279863 2.111671 10.600000
v -1.265366 2.097173 10.649497
v -1.230366 2.062174 10.670000
v -1.195366 2.027174 10.649497
v -1.180868 2.012676 10.600000
v -1.195366 2.027174 10.550503
v -1.230366 2.062174 10.530000
v -1.428356 1.864184 10.600000
v -1.428356 1.864184 10.600000
v -1.428356 1.864184 10.600000
v -1.428356 1.864184 10.600000
v -1.428356 1.864184 10.600000
v -1.428356 1.864184 10.600000
v -1.428356 1.864184 10.600000
v -1.428356 1.864184 10.600000
v -1.428356 1.864184 10.440000
v -1.508356 1.944184 10.486863
v -1.541493 1.977321 10.600000
v -1.508356 1.944184 10.713137
v -1.428356 1.864184 10.760000
v -1.348356 1.784184 10.713137
v -1.315219 1.751047 10.600000
v -1.348356 1.784184 10.486863
v -1.428356 1.864184 10.440000
vn 0.2164 0.2164 -0.9520
vn -0.2596 0.6924 -0.6732
vn -0.4568 0.8896 -0.0000
vn -0.2596 0.6924 0.6732
vn 0.2164 0.2164 0.9520
vn 0.6924 -0.2596 0.6732
vn 0.8896 -0.4568 -0.0000
vn 0.6924 -0.2596 -0.6732
vn 0.7071 0.7071 -0.0000
vn -0.7071 -0.7071 -0.0000
vt 0.000000 1.000000
vt 0.000000 0.000000
vt 0.125000 1.000000
vt 0.125000 0.000000
vt 0.250000 1.000000
vt 0.250000 0.000000
vt 0.375000 1.000000
vt 0.375000 0.000000
vt 0.500000 1.000000
vt 0.500000 0.000000
vt 0.625000 1.000000
vt 0.625000 0.000000
vt 0.750000 1.000000
vt 0.750000 0.000000
vt 0.875000 1.000000
vt 0.875000 0.000000
vt 1.000000 1.000000
vt 1.000000 0.000000
vt 1.000000 0.500000
vt 0.853553 0.853553
vt 0.500000 0.500000
vt 0.146447 0.853553
vt 0.000000 0.500000
vt 0.146447 0.146447
vt 0.853553 0.146447
s 1
usemtl nozzle_steel
f 2701/1248/898 2710/1249/898 2702/1250/899
f 2710/1249/898 2711/1251/899 2702/1250/899
f 2702/1250/899 2711/1251/899 2703/1252/900
f 2711/1251/899 2712/1253/900 2703/1252/900
f 2703/1252/900 2712/1253/900 2704/1254/901
f 2712/1253/900 2713/1255/901 2704/1254/901
f 2704/1254/901 2713/1255/901 2705/1256/902
f 2713/1255/901 2714/1257/902 2705/1256/902
f 2705/1256/902 2714/1257/902 2706/1258/903
f 2714/1257/902 2715/1259/903 2706/1258/903
f 2706/1258/903 2715/1259/903 2707/1260/904
f 2715/1259/903 2716/1261/904 2707/1260/904
f 2707/1260/904 2716/1261/904 2708/1262/905
f 2716/1261/904 2717/1263/905 2708/1262/905
f 2708/1262/905 2717/1263/905 2709/1264/898
f 2717/1263/905 2718/1265/898 2709/1264/898
f 2727/1266/906 2728/1267/906 2719/1268/906
f 2728/1267/906 2729/1256/906 2720/1268/906
f 2729/1256/906 2730/1269/906 2721/1268/906
f 2730/1269/906 2731/1270/906 2722/1268/906
f 2731/1270/906 2732/1271/906 2723/1268/906
f 2732/1271/906 2733/1257/906 2724/1268/906
f 2733/1257/906 2734/1272/906 2725/1268/906
f 2734/1272/906 2735/1266/906 2726/1268/906
f 2745/1272/907 2744/1266/907 2736/1268/907
f 2746/1257/907 2745/1272/907 2737/1268/907
f 2747/1271/907 2746/1257/907 2738/1268/907
f 2748/1270/907 2747/1271/907 2739/1268/907
f 2749/1269/907 2748/1270/907 2740/1268/907
f 2750/1256/907 2749/1269/907 2741/1268/907
f 2751/1267/907 2750/1256/907 2742/1268/907
f 2752/1266/907 2751/1267/907 2743/1268/907
o rcs_nozzle_2
v -1.230366 5.173444 10.670000
v -1.195366 5.138443 10.649497
v -1.180868 5.123946 10.600000
v -1.195366 5.138443 10.550503
v -1.230366 5.173444 10.530000
v -1.265366 5.208444 10.550503
v -1.279863 5.222941 10.600000
v -1.265366 5.208444 10.649497
v -1.230366 5.173444 10.670000
v -1.428356 4.975454 10.760000
v -1.348356 4.895454 10.713137
v -1.315219 4.862317 10.600000
v -1.348356 4.895454 10.486863
v -1.428356 4.975454 10.440000
v -1.508356 5.055454 10.486863
v -1.541493 5.088591 10.600000
v -1.508356 5.055454 10.713137
v -1.428356 4.975454 10.760000
v -1.230366 5.173444 10.600000
v -1.230366 5.173444 10.600000
v -1.230366 5.173444 10.600000
v -1.230366 5.173444 10.600000
v -1.230366 5.173444 10.600000
v -1.230366 5.173444 10.600000
v -1.230366 5.173444 10.600000
v -1.230366 5.173444 10.600000
v -1.230366 5.173444 10.670000
v -1.195366 5.138443 10.649497
v -1.180868 5.123946 10.600000
v -1.195366 5.138443 10.550503
v -1.230366 5.173444 10.530000
v -1.265366 5.208444 10.550503
v -1.279863 5.222941 10.600000
v -1.265366 5.208444 10.649497
v -1.230366 5.173444 10.670000
v -1.428356 4.975454 10.600000
v -1.428356 4.975454 10.600000
v -1.428356 4.975454 10.600000
v -1.428356 4.975454 10.600000
v -1.428356 4.975454 10.600000
v -1.428356 4.975454 10.600000
v -1.428356 4.975454 10.600000
v -1.428356 4.975454 10.600000
v -1.428356 4.975454 10.760000
v -1.348356 4.895454 10.713137
v -1.315219 4.862317 10.600000
v -1.348356 4.895454 10.486863
v -1.428356 4.975454 10.440000
v -1.508356 5.055454 10.486863
v -1.541493 5.088591 10.600000
v -1.508356 5.055454 10.713137
v -1.428356 4.975454 10.760000
vn 0.2164 0.2163 0.9520
vn 0.2164 0.2164 0.9520
vn 0.6924 -0.2596 0.6732
vn 0.8896 -0.4568 -0.0000
vn 0.6924 -0.2596 -0.6732
vn 0.2164 0.2164 -0.9520
vn -0.2596 0.6924 -0.6732
vn -0.4568 0.8896 -0.0000
vn -0.2596 0.6924 0.6732
vn 0.2163 0.2164 0.9520
vn 0.7071 0.7071 -0.0000
vn -0.7071 -0.7071 -0.0000
vt 0.000000 1.000000
vt 0.000000 0.000000
vt 0.125000 1.000000
vt 0.125000 0.000000
vt 0.250000 1.000000
vt 0.250000 0.000000
vt 0.375000 1.000000
vt 0.375000 0.000000
vt 0.500000 1.000000
vt 0.500000 0.000000
vt 0.625000 1.000000
vt 0.625000 0.000000
vt 0.750000 1.000000
vt 0.750000 0.000000
vt 0.875000 1.000000
vt 0.875000 0.000000
vt 1.000000 1.000000
vt 1.000000 0.000000
vt 1.000000 0.500000
vt 0.853553 0.853553
vt 0.500000 0.500000
vt 0.146447 0.853553
vt 0.000000 0.500000
vt 0.146447 0.146447
vt 0.853553 0.146447
s 1
usemtl nozzle_steel
f 2753/1273/908 2762/1274/909 2754/1275/910
f 2762/1274/909 2763/1276/910 2754/1275/910
f 2754/1275/910 2763/1276/910 2755/1277/911
f 2763/1276/910 2764/1278/911 2755/1277/911
f 2755/1277/911 2764/1278/911 2756/1279/912
f 2764/1278/911 2765/1280/912 2756/1279/912
f 2756/1279/912 2765/1280/912 2757/1281/913
f 2765/1280/912 2766/1282/913 2757/1281/913
f 2757/1281/913 2766/1282/913 2758/1283/914
f 2766/1282/913 2767/1284/914 2758/1283/914
f 2758/1283/914 2767/1284/914 2759/1285/915
f 2767/1284/914 2768/1286/915 2759/1285/915
f 2759/1285/915 2768/1286/915 2760/1287/916
f 2768/1286/915 2769/1288/916 2760/1287/916
f 2760/1287/916 2769/1288/916 2761/1289/917
f 2769/1288/916 2770/1290/917 2761/1289/917
f 2779/1291/918 2780/1292/918 2771/1293/918
f 2780/1292/918 2781/1281/918 2772/1293/918
f 2781/1281/918 2782/1294/918 2773/1293/918
f 2782/1294/918 2783/1295/918 2774/1293/918
f 2783/1295/918 2784/1296/918 2775/1293/918
f 2784/1296/918 2785/1282/918 2776/1293/918
f 2785/1282/918 2786/1297/918 2777/1293/918
f 2786/1297/918 2787/1291/918 2778/1293/918
f 2797/1297/919 2796/1291/919 2788/1293/919
f 2798/1282/919 2797/1297/919 2789/1293/919
f 2799/1296/919 2798/1282/919 2790/1293/919
f 2800/1295/919 2799/1296/919 2791/1293/919
f 2801/1294/919 2800/1295/919 2792/1293/919
f 2802/1281/919 2801/1294/919 2793/1293/919
f 2803/1292/919 2802/1281/919 2794/1293/919
f 2804/1291/919 2803/1292/919 2795/1293/919
o rcs_nozzle_2.001
v -2.008183 1.934893 -9.730000
v -1.973183 1.969893 -9.750503
v -1.958686 1.984390 -9.800000
v -1.973183 1.969893 -9.849498
v -2.008183 1.934893 -9.870000
v -2.043183 1.899893 -9.849498
v -2.057681 1.885395 -9.800000
v -2.043183 1.899893 -9.750503
v -2.008183 1.934893 -9.730000
v -1.810193 1.736903 -9.640000
v -1.730193 1.816903 -9.686863
v -1.697056 1.850040 -9.800000
v -1.730193 1.816903 -9.913137
v -1.810193 1.736903 -9.960000
v -1.890193 1.656903 -9.913137
v -1.923330 1.623766 -9.800000
v -1.890193 1.656903 -9.686863
v -1.810193 1.736903 -9.640000
v -2.008183 1.934893 -9.800000
v -2.008183 1.934893 -9.800000
v -2.008183 1.934893 -9.800000
v -2.008183 1.934893 -9.800000
v -2.008183 1.934893 -9.800000
v -2.008183 1.934893 -9.800000
v -2.008183 1.934893 -9.800000
v -2.008183 1.934893 -9.800000
v -2.008183 1.934893 -9.730000
v -1.973183 1.969893 -9.750503
v -1.958686 1.984390 -9.800000
v -1.973183 1.969893 -9.849498
v -2.008183 1.934893 -9.870000
v -2.043183 1.899893 -9.849498
v -2.057681 1.885395 -9.800000
v -2.043183 1.899893 -9.750503
v -2.008183 1.934893 -9.730000
v -1.810193 1.736903 -9.800000
v -1.810193 1.736903 -9.800000
v -1.810193 1.736903 -9.800000
v -1.810193 1.736903 -9.800000
v -1.810193 1.736903 -9.800000
v -1.810193 1.736903 -9.800000
v -1.810193 1.736903 -9.800000
v -1.810193 1.736903 -9.800000
v -1.810193 1.736903 -9.640000
v -1.730193 1.816903 -9.686863
v -1.697056 1.850040 -9.800000
v -1.730193 1.816903 -9.913137
v -1.810193 1.736903 -9.960000
v -1.890193 1.656903 -9.913137
v -1.923330 1.623766 -9.800000
v -1.890193 1.656903 -9.686863
v -1.810193 1.736903 -9.640000
vn -0.2164 0.2164 0.9520
vn 0.2596 0.6924 0.6732
vn 0.4568 0.8896 -0.0000
vn 0.2596 0.6924 -0.6732
vn -0.2164 0.2164 -0.9520
vn -0.6924 -0.2596 -0.6732
vn -0.8896 -0.4568 -0.0000
vn -0.6924 -0.2596 0.6732
vn -0.2164 0.2163 0.9520
vn -0.7071 0.7071 -0.0000
vn 0.7071 -0.7071 -0.0000
vt 0.000000 1.000000
vt 0.000000 0.000000
vt 0.125000 1.000000
vt 0.125000 0.000000
vt 0.250000 1.000000
vt 0.250000 0.000000
vt 0.375000 1.000000
vt 0.375000 0.000000
vt 0.500000 1.000000
vt 0.500000 0.000000
vt 0.625000 1.000000
vt 0.625000 0.000000
vt 0.750000 1.000000
vt 0.750000 0.000000
vt 0.875000 1.000000
vt 0.875000 0.000000
vt 1.000000 1.000000
vt 1.000000 0.000000
vt 1.000000 0.500000
vt 0.853553 0.853553
vt 0.500000 0.500000
vt 0.146447 0.853553
vt 0.000000 0.500000
vt 0.146447 0.146447
vt 0.853553 0.146447
s 1
usemtl nozzle_steel
f 2805/1298/920 2814/1299/920 2806/1300/921
f 2814/1299/920 2815/1301/921 2806/1300/921
f 2806/1300/921 2815/1301/921 2807/1302/922
f 2815/1301/921 2816/1303/922 2807/1302/922
f 2807/1302/922 2816/1303/922 2808/1304/923
f 2816/1303/922 2817/1305/923 2808/1304/923
f 2808/1304/923 2817/1305/923 2809/1306/924
f 2817/1305/923 2818/1307/924 2809/1306/924
f 2809/1306/924 2818/1307/924 2810/1308/925
f 2818/1307/924 2819/1309/925 2810/1308/925
f 2810/1308/925 2819/1309/925 2811/1310/926
f 2819/1309/925 2820/1311/926 2811/1310/926
f 2811/1310/926 2820/1311/926 2812/1312/927
f 2820/1311/926 2821/1313/927 2812/1312/927
f 2812/1312/927 2821/1313/927 2813/1314/928
f 2821/1313/927 2822/1315/920 2813/1314/928
f 2831/1316/929 2832/1317/929 2823/1318/929
f 2832/1317/929 2833/1306/929 2824/1318/929
f 2833/1306/929 2834/1319/929 2825/1318/929
f 2834/1319/929 2835/1320/929 2826/1318/929
f 2835/1320/929 2836/1321/929 2827/1318/929
f 2836/1321/929 2837/1307/929 2828/1318/929
f 2837/1307/929 2838/1322/929 2829/1318/929
f 2838/1322/929 2839/1316/929 2830/1318/929
f 2849/1322/930 2848/1316/930 2840/1318/930
f 2850/1307/930 2849/1322/930 2841/1318/930
f 2851/1321/930 2850/1307/930 2842/1318/930
f 2852/1320/930 2851/1321/930 2843/1318/930
f 2853/1319/930 2852/1320/930 2844/1318/930
f 2854/1306/930 2853/1319/930 2845/1318/930
f 2855/1317/930 2854/1306/930 2846/1318/930
f 2856/1316/930 2855/1317/930 2847/1318/930
o rcs_nozzle_2.002
v -1.880904 2.062174 10.670000
v -1.845904 2.097173 10.649497
v -1.831407 2.111671 10.600000
v -1.845904 2.097173 10.550503
v -1.880904 2.062174 10.530000
v -1.915904 2.027174 10.550503
v -1.930402 2.012676 10.600000
v -1.915904 2.027174 10.649497
v -1.880904 2.062174 10.670000
v -1.682914 1.864184 10.760000
v -1.602914 1.944184 10.713137
v -1.569777 1.977321 10.600000
v -1.602914 1.944184 10.486863
v -1.682914 1.864184 10.440000
v -1.762914 1.784184 10.486863
v -1.796051 1.751047 10.600000
v -1.762914 1.784184 10.713137
v -1.682914 1.864184 10.760000
v -1.880904 2.062174 10.600000
v -1.880904 2.062174 10.600000
v -1.880904 2.062174 10.600000
v -1.880904 2.062174 10.600000
v -1.880904 2.062174 10.600000
v -1.880904 2.062174 10.600000
v -1.880904 2.062174 10.600000
v -1.880904 2.062174 10.600000
v -1.880904 2.062174 10.670000
v -1.845904 2.097173 10.649497
v -1.831407 2.111671 10.600000
v -1.845904 2.097173 10.550503
v -1.880904 2.062174 10.530000
v -1.915904 2.027174 10.550503
v -1.930402 2.012676 10.600000
v -1.915904 2.027174 10.649497
v -1.880904 2.062174 10.670000
v -1.682914 1.864184 10.600000
v -1.682914 1.864184 10.600000
v -1.682914 1.864184 10.600000
v -1.682914 1.864184 10.600000
v -1.682914 1.864184 10.600000
v -1.682914 1.864184 10.600000
v -1.682914 1.864184 10.600000
v -1.682914 1.864184 10.600000
v -1.682914 1.864184 10.760000
v -1.602914 1.944184 10.713137
v -1.569777 1.977321 10.600000
v -1.602914 1.944184 10.486863
v -1.682914 1.864184 10.440000
v -1.762914 1.784184 10.486863
v -1.796051 1.751047 10.600000
v -1.762914 1.784184 10.713137
v -1.682914 1.864184 10.760000
vn -0.2164 0.2164 0.9520
vn 0.2596 0.6924 0.6732
vn 0.4568 0.8896 -0.0000
vn 0.2596 0.6924 -0.6732
vn -0.2164 0.2164 -0.9520
vn -0.6924 -0.2596 -0.6732
vn -0.8896 -0.4568 -0.0000
vn -0.6924 -0.2596 0.6732
vn -0.2164 0.2163 0.9520
vn -0.7071 0.7071 -0.0000
vn 0.7071 -0.7071 -0.0000
vt 0.000000 1.000000
vt 0.000000 0.000000
vt 0.125000 1.000000
vt 0.125000 0.000000
vt 0.250000 1.000000
vt 0.250000 0.000000
vt 0.375000 1.000000
vt 0.375000 0.000000
vt 0.500000 1.000000
vt 0.500000 0.000000
vt 0.625000 1.000000
vt 0.625000 0.000000
vt 0.750000 1.000000
vt 0.750000 0.000000
vt 0.875000 1.000000
vt 0.875000 0.000000
vt 1.000000 1.000000
vt 1.000000 0.000000
vt 1.000000 0.500000
vt 0.853553 0.853553
vt 0.500000 0.500000
vt 0.146447 0.853553
vt 0.000000 0.500000
vt 0.146447 0.146447
vt 0.853553 0.146447
s 1
usemtl nozzle_steel
f 2857/1323/931 2866/1324/931 2858/1325/932
f 2866/1324/931 2867/1326/932 2858/1325/932
f 2858/1325/932 2867/1326/932 2859/1327/933
f 2867/1326/932 2868/1328/933 2859/1327/933
f 2859/1327/933 2868/1328/933 2860/1329/934
f 2868/1328/933 2869/1330/934 2860/1329/934
f 2860/1329/934 2869/1330/934 2861/1331/935
f 2869/1330/934 2870/1332/935 2861/1331/935
f 2861/1331/935 2870/1332/935 2862/1333/936
f 2870/1332/935 2871/1334/936 2862/1333/936
f 2862/1333/936 2871/1334/936 2863/1335/937
f 2871/1334/936 2872/1336/937 2863/1335/937
f 2863/1335/937 2872/1336/937 2864/1337/938
f 2872/1336/937 2873/1338/938 2864/1337/938
f 2864/1337/938 2873/1338/938 2865/1339/939
f 2873/1338/938 2874/1340/931 2865/1339/939
f 2883/1341/940 2884/1342/940 2875/1343/940
f 2884/1342/940 2885/1331/940 2876/1343/940
f 2885/1331/940 2886/1344/940 2877/1343/940
f 2886/1344/940 2887/1345/940 2878/1343/940
f 2887/1345/940 2888/1346/940 2879/1343/940
f 2888/1346/940 2889/1332/940 2880/1343/940
f 2889/1332/940 2890/1347/940 2881/1343/940
f 2890/1347/940 2891/1341/940 2882/1343/940
f 2901/1347/941 2900/1341/941 2892/1343/941
f 2902/1332/941 2901/1347/941 2893/1343/941
f 2903/1346/941 2902/1332/941 2894/1343/941
f 2904/1345/941 2903/1346/941 2895/1343/941
f 2905/1344/941 2904/1345/941 2896/1343/941
f 2906/1331/941 2905/1344/941 2897/1343/941
f 2907/1342/941 2906/1331/941 2898/1343/941
f 2908/1341/941 2907/1342/941 2899/1343/941
o rcs_nozzle_2.003
v 1.230366 1.411635 10.670000
v 1.195366 1.446635 10.649497
v 1.180868 1.461133 10.600000
v 1.195366 1.446635 10.550503
v 1.230366 1.411635 10.530000
v 1.265366 1.376635 10.550503
v 1.279863 1.362138 10.600000
v 1.265366 1.376635 10.649497
v 1.230366 1.411635 10.670000
v 1.428356 1.609625 10.760000
v 1.348356 1.689625 10.713137
v 1.315219 1.722762 10.600000
v 1.348356 1.689625 10.486863
v 1.428356 1.609625 10.440000
v 1.508356 1.529625 10.486863
v 1.541493 1.496488 10.600000
v 1.508356 1.529625 10.713137
v 1.428356 1.609625 10.760000
v 1.230366 1.411635 10.600000
v 1.230366 1.411635 10.600000
v 1.230366 1.411635 10.600000
v 1.230366 1.411635 10.600000
v 1.230366 1.411635 10.600000
v 1.230366 1.411635 10.600000
v 1.230366 1.411635 10.600000
v 1.230366 1.411635 10.600000
v 1.230366 1.411635 10.670000
v 1.195366 1.446635 10.649497
v 1.180868 1.461133 10.600000
v 1.195366 1.446635 10.550503
v 1.230366 1.411635 10.530000
v 1.265366 1.376635 10.550503
v 1.279863 1.362138 10.600000
v 1.265366 1.376635 10.649497
v 1.230366 1.411635 10.670000
v 1.428356 1.609625 10.600000
v 1.428356 1.609625 10.600000
v 1.428356 1.609625 10.600000
v 1.428356 1.609625 10.600000
v 1.428356 1.609625 10.600000
v 1.428356 1.609625 10.600000
v 1.428356 1.609625 10.600000
v 1.428356 1.609625 10.600000
v 1.428356 1.609625 10.760000
v 1.348356 1.689625 10.713137
v 1.315219 1.722762 10.600000
v 1.348356 1.689625 10.486863
v 1.428356 1.609625 10.440000
v 1.508356 1.529625 10.486863
v 1.541493 1.496488 10.600000
v 1.508356 1.529625 10.713137
v 1.428356 1.609625 10.760000
vn -0.2164 -0.2163 0.9520
vn -0.2164 -0.2164 0.9520
vn -0.6924 0.2596 0.6732
vn -0.8896 0.4568 -0.0000
vn -0.6924 0.2596 -0.6732
vn -0.2164 -0.2164 -0.9520
vn 0.2596 -0.6924 -0.6732
vn 0.4568 -0.8896 -0.0000
vn 0.2596 -0.6924 0.6732
vn -0.2163 -0.2164 0.9520
vn -0.7071 -0.7071 -0.0000
vn 0.7071 0.7071 -0.0000
vt 0.000000 1.000000
vt 0.000000 0.000000
vt 0.125000 1.000000
vt 0.125000 0.000000
vt 0.250000 1.000000
vt 0.250000 0.000000
vt 0.375000 1.000000
vt 0.375000 0.000000
vt 0.500000 1.000000
vt 0.500000 0.000000
vt 0.625000 1.000000
vt 0.625000 0.000000
vt 0.750000 1.000000
vt 0.750000 0.000000
vt 0.875000 1.000000
vt 0.875000 0.000000
vt 1.000000 1.000000
vt 1.000000 0.000000
vt 1.000000 0.500000
vt 0.853553 0.853553
vt 0.500000 0.500000
vt 0.146447 0.853553
vt 0.000000 0.500000
vt 0.146447 0.146447
vt 0.853553 0.146447
s 1
usemtl nozzle_steel
f 2909/1348/942 2918/1349/943 2910/1350/944
f 2918/1349/943 2919/1351/944 2910/1350/944
f 2910/1350/944 2919/1351/944 2911/1352/945
f 2919/1351/944 2920/1353/945 2911/1352/945
f 2911/1352/945 2920/1353/945 2912/1354/946
f 2920/1353/945 2921/1355/946 2912/1354/946
f 2912/1354/946 2921/1355/946 2913/1356/947
f 2921/1355/946 2922/1357/947 2913/1356/947
f 2913/1356/947 2922/1357/947 2914/1358/948
f 2922/1357/947 2923/1359/948 2914/1358/948
f 2914/1358/948 2923/1359/948 2915/1360/949
f 2923/1359/948 2924/1361/949 2915/1360/949
f 2915/1360/949 2924/1361/949 2916/1362/950
f 2924/1361/949 2925/1363/950 2916/1362/950
f 2916/1362/950 2925/1363/950 2917/1364/951
f 2925/1363/950 2926/1365/951 2917/1364/951
f 2935/1366/952 2936/1367/952 2927/1368/952
f 2936/1367/952 2937/1356/952 2928/1368/952
f 2937/1356/952 2938/1369/952 2929/1368/952
f 2938/1369/952 2939/1370/952 2930/1368/952
f 2939/1370/952 2940/1371/952 2931/1368/952
f 2940/1371/952 2941/1357/952 2932/1368/952
f 2941/1357/952 2942/1372/952 2933/1368/952
f 2942/1372/952 2943/1366/952 2934/1368/952
f 2953/1372/953 2952/1366/953 2944/1368/953
f 2954/1357/953 2953/1372/953 2945/1368/953
f 2955/1371/953 2954/1357/953 2946/1368/953
f 2956/1370/953 2955/1371/953 2947/1368/953
f 2957/1369/953 2956/1370/953 2948/1368/953
f 2958/1356/953 2957/1369/953 2949/1368/953
f 2959/1367/953 2958/1356/953 2950/1368/953
f 2960/1366/953 2959/1367/953 2951/1368/953
o rcs_nozzle_2.004
v 1.357645 1.284355 -9.730000
v 1.322645 1.319355 -9.750503
v 1.308148 1.333852 -9.800000
v 1.322645 1.319355 -9.849498
v 1.357645 1.284355 -9.870000
v 1.392645 1.249355 -9.849498
v 1.407143 1.234857 -9.800000
v 1.392645 1.249355 -9.750503
v 1.357645 1.284355 -9.730000
v 1.555635 1.482345 -9.640000
v 1.475635 1.562345 -9.686863
v 1.442498 1.595482 -9.800000
v 1.475635 1.562345 -9.913137
v 1.555635 1.482345 -9.960000
v 1.635635 1.402345 -9.913137
v 1.668772 1.369208 -9.800000
v 1.635635 1.402345 -9.686863
v 1.555635 1.482345 -9.640000
v 1.357645 1.284355 -9.800000
v 1.357645 1.284355 -9.800000
v 1.357645 1.284355 -9.800000
v 1.357645 1.284355 -9.800000
v 1.357645 1.284355 -9.800000
v 1.357645 1.284355 -9.800000
v 1.357645 1.284355 -9.800000
v 1.357645 1.284355 -9.800000
v 1.357645 1.284355 -9.730000
v 1.322645 1.319355 -9.750503
v 1.308148 1.333852 -9.800000
v 1.322645 1.319355 -9.849498
v 1.357645 1.284355 -9.870000
v 1.392645 1.249355 -9.849498
v 1.407143 1.234857 -9.800000
v 1.392645 1.249355 -9.750503
v 1.357645 1.284355 -9.730000
v 1.555635 1.482345 -9.800000
v 1.555635 1.482345 -9.800000
v 1.555635 1.482345 -9.800000
v 1.555635 1.482345 -9.800000
v 1.555635 1.482345 -9.800000
v 1.555635 1.482345 -9.800000
v 1.555635 1.482345 -9.800000
v 1.555635 1.482345 -9.800000
v 1.555635 1.482345 -9.640000
v 1.475635 1.562345 -9.686863
v 1.442498 1.595482 -9.800000
v 1.475635 1.562345 -9.913137
v 1.555635 1.482345 -9.960000
v 1.635635 1.402345 -9.913137
v 1.668772 1.369208 -9.800000
v 1.635635 1.402345 -9.686863
v 1.555635 1.482345 -9.640000
vn -0.2164 -0.2163 0.9520
vn -0.2164 -0.2164 0.9520
vn -0.6924 0.2596 0.6732
vn -0.8896 0.4568 -0.0000
vn -0.6924 0.2596 -0.6732
vn -0.2164 -0.2164 -0.9520
vn 0.2596 -0.6924 -0.6732
vn 0.4568 -0.8896 -0.0000
vn 0.2596 -0.6924 0.6732
vn -0.2163 -0.2164 0.9520
vn -0.7071 -0.7071 -0.0000
vn 0.7071 0.7071 -0.0000
vt 0.000000 1.000000
vt 0.000000 0.000000
vt 0.125000 1.000000
vt 0.125000 0.000000
vt 0.250000 1.000000
vt 0.250000 0.000000
vt 0.375000 1.000000
vt 0.375000 0.000000
vt 0.500000 1.000000
vt 0.500000 0.000000
vt 0.625000 1.000000
vt 0.625000 0.000000
vt 0.750000 1.000000
vt 0.750000 0.000000
vt 0.875000 1.000000
vt 0.875000 0.000000
vt 1.000000 1.000000
vt 1.000000 0.000000
vt 1.000000 0.500000
vt 0.853553 0.853553
vt 0.500000 0.500000
vt 0.146447 0.853553
vt 0.000000 0.500000
vt 0.146447 0.146447
vt 0.853553 0.146447
s 1
usemtl nozzle_steel
f 2961/1373/954 2970/1374/955 2962/1375/956
f 2970/1374/955 2971/1376/956 2962/1375/956
f 2962/1375/956 2971/1376/956 2963/1377/957
f 2971/1376/956 2972/1378/957 2963/1377/957
f 2963/1377/957 2972/1378/957 2964/1379/958
f 2972/1378/957 2973/1380/958 2964/1379/958
f 2964/1379/958 2973/1380/958 2965/1381/959
f 2973/1380/958 2974/1382/959 2965/1381/959
f 2965/1381/959 2974/1382/959 2966/1383/960
f 2974/1382/959 2975/1384/960 2966/1383/960
f 2966/1383/960 2975/1384/960 2967/1385/961
f 2975/1384/960 2976/1386/961 2967/1385/961
f 2967/1385/961 2976/1386/961 2968/1387/962
f 2976/1386/961 2977/1388/962 2968/1387/962
f 2968/1387/962 2977/1388/962 2969/1389/963
f 2977/1388/962 2978/1390/955 2969/1389/963
f 2987/1391/964 2988/1392/964 2979/1393/964
f 2988/1392/964 2989/1381/964 2980/1393/964
f 2989/1381/964 2990/1394/964 2981/1393/964
f 2990/1394/964 2991/1395/964 2982/1393/964
f 2991/1395/964 2992/1396/964 2983/1393/964
f 2992/1396/964 2993/1382/964 2984/1393/964
f 2993/1382/964 2994/1397/964 2985/1393/964
f 2994/1397/964 2995/1391/964 2986/1393/964
f 3005/1397/965 3004/1391/965 2996/1393/965
f 3006/1382/965 3005/1397/965 2997/1393/965
f 3007/1396/965 3006/1382/965 2998/1393/965
f 3008/1395/965 3007/1396/965 2999/1393/965
f 3009/1394/965 3008/1395/965 3000/1393/965
f 3010/1381/965 3009/1394/965 3001/1393/965
f 3011/1392/965 3010/1381/965 3002/1393/965
f 3012/1391/965 3011/1392/965 3003/1393/965
o rcs_nozzle_2.005
v 1.880904 4.522905 10.670000
v 1.845904 4.487906 10.649497
v 1.831407 4.473408 10.600000
v 1.845904 4.487906 10.550503
v 1.880904 4.522905 10.530000
v 1.915904 4.557905 10.550503
v 1.930402 4.572403 10.600000
v 1.915904 4.557905 10.649497
v 1.880904 4.522905 10.670000
v 1.682914 4.720895 10.760000
v 1.602914 4.640895 10.713137
v 1.569777 4.607758 10.600000
v 1.602914 4.640895 10.486863
v 1.682914 4.720895 10.440000
v 1.762914 4.800895 10.486863
v 1.796051 4.834033 10.600000
v 1.762914 4.800895 10.713137
v 1.682914 4.720895 10.760000
v 1.880904 4.522905 10.600000
v 1.880904 4.522905 10.600000
v 1.880904 4.522905 10.600000
v 1.880904 4.522905 10.600000
v 1.880904 4.522905 10.600000
v 1.880904 4.522905 10.600000
v 1.880904 4.522905 10.600000
v 1.880904 4.522905 10.600000
v 1.880904 4.522905 10.670000
v 1.845904 4.487906 10.649497
v 1.831407 4.473408 10.600000
v 1.845904 4.487906 10.550503
v 1.880904 4.522905 10.530000
v 1.915904 4.557905 10.550503
v 1.930402 4.572403 10.600000
v 1.915904 4.557905 10.649497
v 1.880904 4.522905 10.670000
v 1.682914 4.720895 10.600000
v 1.682914 4.720895 10.600000
v 1.682914 4.720895 10.600000
v 1.682914 4.720895 10.600000
v 1.682914 4.720895 10.600000
v 1.682914 4.720895 10.600000
v 1.682914 4.720895 10.600000
v 1.682914 4.720895 10.600000
v 1.682914 4.720895 10.760000
v 1.602914 4.640895 10.713137
v 1.569777 4.607758 10.600000
v 1.602914 4.640895 10.486863
v 1.682914 4.720895 10.440000
v 1.762914 4.800895 10.486863
v 1.796051 4.834033 10.600000
v 1.762914 4.800895 10.713137
v 1.682914 4.720895 10.760000
vn 0.2164 -0.2164 0.9520
vn 0.2163 -0.2164 0.9520
vn -0.2596 -0.6924 0.6732
vn -0.4568 -0.8896 -0.0000
vn -0.2596 -0.6924 -0.6732
vn 0.2164 -0.2164 -0.9520
vn 0.6924 0.2596 -0.6732
vn 0.8896 0.4568 -0.0000
vn 0.6924 0.2596 0.6732
vn 0.2164 -0.2163 0.9520
vn 0.7071 -0.7071 -0.0000
vn -0.7071 0.7071 -0.0000
vt 0.000000 1.000000
vt 0.000000 0.000000
vt 0.125000 1.000000
vt 0.125000 0.000000
vt 0.250000 1.000000
vt 0.250000 0.000000
vt 0.375000 1.000000
vt 0.375000 0.000000
vt 0.500000 1.000000
vt 0.500000 0.000000
vt 0.625000 1.000000
vt 0.625000 0.000000
vt 0.750000 1.000000
vt 0.750000 0.000000
vt 0.875000 1.000000
vt 0.875000 0.000000
vt 1.000000 1.000000
vt 1.000000 0.000000
vt 1.000000 0.500000
vt 0.853553 0.853553
vt 0.500000 0.500000
vt 0.146447 0.853553
vt 0.000000 0.500000
vt 0.146447 0.146447
vt 0.853553 0.146447
s 1
usemtl nozzle_steel
f 3013/1398/966 3022/1399/967 3014/1400/968
f 3022/1399/967 3023/1401/968 3014/1400/968
f 3014/1400/968 3023/1401/968 3015/1402/969
f 3023/1401/968 3024/1403/969 3015/1402/969
f 3015/1402/969 3024/1403/969 3016/1404/970
f 3024/1403/969 3025/1405/970 3016/1404/970
f 3016/1404/970 3025/1405/970 3017/1406/971
f 3025/1405/970 3026/1407/971 3017/1406/971
f 3017/1406/971 3026/1407/971 3018/1408/972
f 3026/1407/971 3027/1409/972 3018/1408/972
f 3018/1408/972 3027/1409/972 3019/1410/973
f 3027/1409/972 3028/1411/973 3019/1410/973
f 3019/1410/973 3028/1411/973 3020/1412/974
f 3028/1411/973 3029/1413/974 3020/1412/974
f 3020/1412/974 3029/1413/974 3021/1414/975
f 3029/1413/974 3030/1415/966 3021/1414/975
f 3039/1416/976 3040/1417/976 3031/1418/976
f 3040/1417/976 3041/1406/976 3032/1418/976
f 3041/1406/976 3042/1419/976 3033/1418/976
f 3042/1419/976 3043/1420/976 3034/1418/976
f 3043/1420/976 3044/1421/976 3035/1418/976
f 3044/1421/976 3045/1407/976 3036/1418/976
f 3045/1407/976 3046/1422/976 3037/1418/976
f 3046/1422/976 3047/1416/976 3038/1418/976
f 3057/1422/977 3056/1416/977 3048/1418/977
f 3058/1407/977 3057/1422/977 3049/1418/977
f 3059/1421/977 3058/1407/977 3050/1418/977
f 3060/1420/977 3059/1421/977 3051/1418/977
f 3061/1419/977 3060/1420/977 3052/1418/977
f 3062/1406/977 3061/1419/977 3053/1418/977
f 3063/1417/977 3062/1406/977 3054/1418/977
f 3064/1416/977 3063/1417/977 3055/1418/977
o rcs_nozzle_2.006
v -1.357645 5.300721 -9.730000
v -1.322645 5.265721 -9.750503
v -1.308148 5.251224 -9.800000
v -1.322645 5.265721 -9.849498
v -1.357645 5.300721 -9.870000
v -1.392645 5.335721 -9.849498
v -1.407143 5.350218 -9.800000
v -1.392645 5.335721 -9.750503
v -1.357645 5.300721 -9.730000
v -1.555635 5.102731 -9.640000
v -1.475635 5.022731 -9.686863
v -1.442498 4.989594 -9.800000
v -1.475635 5.022731 -9.913137
v -1.555635 5.102731 -9.960000
v -1.635635 5.182731 -9.913137
v -1.668772 5.215868 -9.800000
v -1.635635 5.182731 -9.686863
v -1.555635 5.102731 -9.640000
v -1.357645 5.300721 -9.800000
v -1.357645 5.300721 -9.800000
v -1.357645 5.300721 -9.800000
v -1.357645 5.300721 -9.800000
v -1.357645 5.300721 -9.800000
v -1.357645 5.300721 -9.800000
v -1.357645 5.300721 -9.800000
v -1.357645 5.300721 -9.800000
v -1.357645 5.300721 -9.730000
v -1.322645 5.265721 -9.750503
v -1.308148 5.251224 -9.800000
v -1.322645 5.265721 -9.849498
v -1.357645 5.300721 -9.870000
v -1.392645 5.335721 -9.849498
v -1.407143 5.350218 -9.800000
v -1.392645 5.335721 -9.750503
v -1.357645 5.300721 -9.730000
v -1.555635 5.102731 -9.800000
v -1.555635 5.102731 -9.800000
v -1.555635 5.102731 -9.800000
v -1.555635 5.102731 -9.800000
v -1.555635 5.102731 -9.800000
v -1.555635 5.102731 -9.800000
v -1.555635 5.102731 -9.800000
v -1.555635 5.102731 -9.800000
v -1.555635 5.102731 -9.640000
v -1.475635 5.022731 -9.686863
v -1.442498 4.989594 -9.800000
v -1.475635 5.022731 -9.913137
v -1.555635 5.102731 -9.960000
v -1.635635 5.182731 -9.913137
v -1.668772 5.215868 -9.800000
v -1.635635 5.182731 -9.686863
v -1.555635 5.102731 -9.640000
vn 0.2164 0.2163 0.9520
vn 0.2164 0.2164 0.9520
vn 0.6924 -0.2596 0.6732
vn 0.8896 -0.4568 -0.0000
vn 0.6924 -0.2596 -0.6732
vn 0.2164 0.2164 -0.9520
vn -0.2596 0.6924 -0.6732
vn -0.4568 0.8896 -0.0000
vn -0.2596 0.6924 0.6732
vn 0.2163 0.2164 0.9520
vn 0.7071 0.7071 -0.0000
vn -0.7071 -0.7071 -0.0000
vt 0.000000 1.000000
vt 0.000000 0.000000
vt 0.125000 1.000000
vt 0.125000 0.000000
vt 0.250000 1.000000
vt 0.250000 0.000000
vt 0.375000 1.000000
vt 0.375000 0.000000
vt 0.500000 1.000000
vt 0.500000 0.000000
vt 0.625000 1.000000
vt 0.625000 0.000000
vt 0.750000 1.000000
vt 0.750000 0.000000
vt 0.875000 1.000000
vt 0.875000 0.000000
vt 1.000000 1.000000
vt 1.000000 0.000000
vt 1.000000 0.500000
vt 0.853553 0.853553
vt 0.500000 0.500000
vt 0.146447 0.853553
vt 0.000000 0.500000
vt 0.146447 0.146447
vt 0.853553 0.146447
s 1
usemtl nozzle_steel
f 3065/1423/978 3074/1424/979 3066/1425/980
f 3074/1424/979 3075/1426/980 3066/1425/980
f 3066/1425/980 3075/1426/980 3067/1427/981
f 3075/1426/980 3076/1428/981 3067/1427/981
f 3067/1427/981 3076/1428/981 3068/1429/982
f 3076/1428/981 3077/1430/982 3068/1429/982
f 3068/1429/982 3077/1430/982 3069/1431/983
f 3077/1430/982 3078/1432/983 3069/1431/983
f 3069/1431/983 3078/1432/983 3070/1433/984
f 3078/1432/983 3079/1434/984 3070/1433/984
f 3070/1433/984 3079/1434/984 3071/1435/985
f 3079/1434/984 3080/1436/985 3071/1435/985
f 3071/1435/985 3080/1436/985 3072/1437/986
f 3080/1436/985 3081/1438/986 3072/1437/986
f 3072/1437/986 3081/1438/986 3073/1439/987
f 3081/1438/986 3082/1440/979 3073/1439/987
f 3091/1441/988 3092/1442/988 3083/1443/988
f 3092/1442/988 3093/1431/988 3084/1443/988
f 3093/1431/988 3094/1444/988 3085/1443/988
f 3094/1444/988 3095/1445/988 3086/1443/988
f 3095/1445/988 3096/1446/988 3087/1443/988
f 3096/1446/988 3097/1432/988 3088/1443/988
f 3097/1432/988 3098/1447/988 3089/1443/988
f 3098/1447/988 3099/1441/988 3090/1443/988
f 3109/1447/989 3108/1441/989 3100/1443/989
f 3110/1432/989 3109/1447/989 3101/1443/989
f 3111/1446/989 3110/1432/989 3102/1443/989
f 3112/1445/989 3111/1446/989 3103/1443/989
f 3113/1444/989 3112/1445/989 3104/1443/989
f 3114/1431/989 3113/1444/989 3105/1443/989
f 3115/1442/989 3114/1431/989 3106/1443/989
f 3116/1441/989 3115/1442/989 3107/1443/989
o rcs_nozzle_2.007
v 2.008183 4.650183 -9.730000
v 1.973183 4.615183 -9.750503
v 1.958686 4.600685 -9.800000
v 1.973183 4.615183 -9.849498
v 2.008183 4.650183 -9.870000
v 2.043183 4.685183 -9.849498
v 2.057681 4.699680 -9.800000
v 2.043183 4.685183 -9.750503
v 2.008183 4.650183 -9.730000
v 1.810193 4.848173 -9.640000
v 1.730193 4.768173 -9.686863
v 1.697056 4.735035 -9.800000
v 1.730193 4.768173 -9.913137
v 1.810193 4.848173 -9.960000
v 1.890193 4.928173 -9.913137
v 1.923330 4.961310 -9.800000
v 1.890193 4.928173 -9.686863
v 1.810193 4.848173 -9.640000
v 2.008183 4.650183 -9.800000
v 2.008183 4.650183 -9.800000
v 2.008183 4.650183 -9.800000
v 2.008183 4.650183 -9.800000
v 2.008183 4.650183 -9.800000
v 2.008183 4.650183 -9.800000
v 2.008183 4.650183 -9.800000
v 2.008183 4.650183 -9.800000
v 2.008183 4.650183 -9.730000
v 1.973183 4.615183 -9.750503
v 1.958686 4.600685 -9.800000
v 1.973183 4.615183 -9.849498
v 2.008183 4.650183 -9.870000
v 2.043183 4.685183 -9.849498
v 2.057681 4.699680 -9.800000
v 2.043183 4.685183 -9.750503
v 2.008183 4.650183 -9.730000
v 1.810193 4.848173 -9.800000
v 1.810193 4.848173 -9.800000
v 1.810193 4.848173 -9.800000
v 1.810193 4.848173 -9.800000
v 1.810193 4.848173 -9.800000
v 1.810193 4.848173 -9.800000
v 1.810193 4.848173 -9.800000
v 1.810193 4.848173 -9.800000
v 1.810193 4.848173 -9.640000
v 1.730193 4.768173 -9.686863
v 1.697056 4.735035 -9.800000
v 1.730193 4.768173 -9.913137
v 1.810193 4.848173 -9.960000
v 1.890193 4.928173 -9.913137
v 1.923330 4.961310 -9.800000
v 1.890193 4.928173 -9.686863
v 1.810193 4.848173 -9.640000
vn 0.2164 -0.2164 0.9520
vn -0.2596 -0.6924 0.6732
vn -0.4568 -0.8896 -0.0000
vn -0.2596 -0.6924 -0.6732
vn 0.2164 -0.2164 -0.9520
vn 0.6924 0.2596 -0.6732
vn 0.8896 0.4568 -0.0000
vn 0.6924 0.2596 0.6732
vn 0.2164 -0.2163 0.9520
vn 0.7071 -0.7071 -0.0000
vn -0.7071 0.7071 -0.0000
vt 0.000000 1.000000
vt 0.000000 0.000000
vt 0.125000 1.000000
vt 0.125000 0.000000
vt 0.250000 1.000000
vt 0.250000 0.000000
vt 0.375000 1.000000
vt 0.375000 0.000000
vt 0.500000 1.000000
vt 0.500000 0.000000
vt 0.625000 1.000000
vt 0.625000 0.000000
vt 0.750000 1.000000
vt 0.750000 0.000000
vt 0.875000 1.000000
vt 0.875000 0.000000
vt 1.000000 1.000000
vt 1.000000 0.000000
vt 1.000000 0.500000
vt 0.853553 0.853553
vt 0.500000 0.500000
vt 0.146447 0.853553
vt 0.000000 0.500000
vt 0.146447 0.146447
vt 0.853553 0.146447
s 1
usemtl nozzle_steel
f 3117/1448/990 3126/1449/990 3118/1450/991
f 3126/1449/990 3127/1451/991 3118/1450/991
f 3118/1450/991 3127/1451/991 3119/1452/992
f 3127/1451/991 3128/1453/992 3119/1452/992
f 3119/1452/992 3128/1453/992 3120/1454/993
f 3128/1453/992 3129/1455/993 3120/1454/993
f 3120/1454/993 3129/1455/993 3121/1456/994
f 3129/1455/993 3130/1457/994 3121/1456/994
f 3121/1456/994 3130/1457/994 3122/1458/995
f 3130/1457/994 3131/1459/995 3122/1458/995
f 3122/1458/995 3131/1459/995 3123/1460/996
f 3131/1459/995 3132/1461/996 3123/1460/996
f 3123/1460/996 3132/1461/996 3124/1462/997
f 3132/1461/996 3133/1463/997 3124/1462/997
f 3124/1462/997 3133/1463/997 3125/1464/998
f 3133/1463/997 3134/1465/990 3125/1464/998
f 3143/1466/999 3144/1467/999 3135/1468/999
f 3144/1467/999 3145/1456/999 3136/1468/999
f 3145/1456/999 3146/1469/999 3137/1468/999
f 3146/1469/999 3147/1470/999 3138/1468/999
f 3147/1470/999 3148/1471/999 3139/1468/999
f 3148/1471/999 3149/1457/999 3140/1468/999
f 3149/1457/999 3150/1472/999 3141/1468/999
f 3150/1472/999 3151/1466/999 3142/1468/999
f 3161/1472/1000 3160/1466/1000 3152/1468/1000
f 3162/1457/1000 3161/1472/1000 3153/1468/1000
f 3163/1471/1000 3162/1457/1000 3154/1468/1000
f 3164/1470/1000 3163/1471/1000 3155/1468/1000
f 3165/1469/1000 3164/1470/1000 3156/1468/1000
f 3166/1456/1000 3165/1469/1000 3157/1468/1000
f 3167/1467/1000 3166/1456/1000 3158/1468/1000
f 3168/1466/1000 3167/1467/1000 3159/1468/1000
o rcs_nozzle_3
v -1.357645 1.284355 -9.730000
v -1.392645 1.249355 -9.750503
v -1.407143 1.234857 -9.800000
v -1.392645 1.249355 -9.849498
v -1.357645 1.284355 -9.870000
v -1.322645 1.319355 -9.849498
v -1.308148 1.333852 -9.800000
v -1.322645 1.319355 -9.750503
v -1.357645 1.284355 -9.730000
v -1.555635 1.482345 -9.640000
v -1.635635 1.402345 -9.686863
v -1.668772 1.369208 -9.800000
v -1.635635 1.402345 -9.913137
v -1.555635 1.482345 -9.960000
v -1.475635 1.562345 -9.913137
v -1.442498 1.595482 -9.800000
v -1.475635 1.562345 -9.686863
v -1.555635 1.482345 -9.640000
v -1.357645 1.284355 -9.800000
v -1.357645 1.284355 -9.800000
v -1.357645 1.284355 -9.800000
v -1.357645 1.284355 -9.800000
v -1.357645 1.284355 -9.800000
v -1.357645 1.284355 -9.800000
v -1.357645 1.284355 -9.800000
v -1.357645 1.284355 -9.800000
v -1.357645 1.284355 -9.730000
v -1.392645 1.249355 -9.750503
v -1.407143 1.234857 -9.800000
v -1.392645 1.249355 -9.849498
v -1.357645 1.284355 -9.870000
v -1.322645 1.319355 -9.849498
v -1.308148 1.333852 -9.800000
v -1.322645 1.319355 -9.750503
v -1.357645 1.284355 -9.730000
v -1.555635 1.482345 -9.800000
v -1.555635 1.482345 -9.800000
v -1.555635 1.482345 -9.800000
v -1.555635 1.482345 -9.800000
v -1.555635 1.482345 -9.800000
v -1.555635 1.482345 -9.800000
v -1.555635 1.482345 -9.800000
v -1.555635 1.482345 -9.800000
v -1.555635 1.482345 -9.640000
v -1.635635 1.402345 -9.686863
v -1.668772 1.369208 -9.800000
v -1.635635 1.402345 -9.913137
v -1.555635 1.482345 -9.960000
v -1.475635 1.562345 -9.913137
v -1.442498 1.595482 -9.800000
v -1.475635 1.562345 -9.686863
v -1.555635 1.482345 -9.640000
vn 0.2164 -0.2164 0.9520
vn -0.2596 -0.6924 0.6732
vn -0.4568 -0.8896 -0.0000
vn -0.2596 -0.6924 -0.6732
vn 0.2164 -0.2164 -0.9520
vn 0.6924 0.2596 -0.6732
vn 0.8896 0.4568 -0.0000
vn 0.6924 0.2596 0.6732
vn 0.2164 -0.2163 0.9520
vn 0.7071 -0.7071 -0.0000
vn -0.7071 0.7071 -0.0000
vt 0.000000 1.000000
vt 0.000000 0.000000
vt 0.125000 1.000000
vt 0.125000 0.000000
vt 0.250000 1.000000
vt 0.250000 0.000000
vt 0.375000 1.000000
vt 0.375000 0.000000
vt 0.500000 1.000000
vt 0.500000 0.000000
vt 0.625000 1.000000
vt 0.625000 0.000000
vt 0.750000 1.000000
vt 0.750000 0.000000
vt 0.875000 1.000000
vt 0.875000 0.000000
vt 1.000000 1.000000
vt 1.000000 0.000000
vt 1.000000 0.500000
vt 0.853553 0.853553
vt 0.500000 0.500000
vt 0.146447 0.853553
vt 0.000000 0.500000
vt 0.146447 0.146447
vt 0.853553 0.146447
s 1
usemtl nozzle_steel
f 3169/1473/1001 3178/1474/1001 3170/1475/1002
f 3178/1474/1001 3179/1476/1002 3170/1475/1002
f 3170/1475/1002 3179/1476/1002 3171/1477/1003
f 3179/1476/1002 3180/1478/1003 3171/1477/1003
f 3171/1477/1003 3180/1478/1003 3172/1479/1004
f 3180/1478/1003 3181/1480/1004 3172/1479/1004
f 3172/1479/1004 3181/1480/1004 3173/1481/1005
f 3181/1480/1004 3182/1482/1005 3173/1481/1005
f 3173/1481/1005 3182/1482/1005 3174/1483/1006
f 3182/1482/1005 3183/1484/1006 3174/1483/1006
f 3174/1483/1006 3183/1484/1006 3175/1485/1007
f 3183/1484/1006 3184/1486/1007 3175/1485/1007
f 3175/1485/1007 3184/1486/1007 3176/1487/1008
f 3184/1486/1007 3185/1488/1008 3176/1487/1008
f 3176/1487/1008 3185/1488/1008 3177/1489/1009
f 3185/1488/1008 3186/1490/1001 3177/1489/1009
f 3195/1491/1010 3196/1492/1010 3187/1493/1010
f 3196/1492/1010 3197/1481/1010 3188/1493/1010
f 3197/1481/1010 3198/1494/1010 3189/1493/1010
f 3198/1494/1010 3199/1495/1010 3190/1493/1010
f 3199/1495/1010 3200/1496/1010 3191/1493/1010
f 3200/1496/1010 3201/1482/1010 3192/1493/1010
f 3201/1482/1010 3202/1497/1010 3193/1493/1010
f 3202/1497/1010 3203/1491/1010 3194/1493/1010
f 3213/1497/1011 3212/1491/1011 3204/1493/1011
f 3214/1482/1011 3213/1497/1011 3205/1493/1011
f 3215/1496/1011 3214/1482/1011 3206/1493/1011
f 3216/1495/1011 3215/1496/1011 3207/1493/1011
f 3217/1494/1011 3216/1495/1011 3208/1493/1011
f 3218/1481/1011 3217/1494/1011 3209/1493/1011
f 3219/1492/1011 3218/1481/1011 3210/1493/1011
f 3220/1491/1011 3219/1492/1011 3211/1493/1011
o rcs_nozzle_3.001
v 1.230366 5.173444 10.670000
v 1.265366 5.208444 10.649497
v 1.279863 5.222941 10.600000
v 1.265366 5.208444 10.550503
v 1.230366 5.173444 10.530000
v 1.195366 5.138443 10.550503
v 1.180868 5.123946 10.600000
v 1.195366 5.138443 10.649497
v 1.230366 5.173444 10.670000
v 1.428356 4.975454 10.760000
v 1.508356 5.055454 10.713137
v 1.541493 5.088591 10.600000
v 1.508356 5.055454 10.486863
v 1.428356 4.975454 10.440000
v 1.348356 4.895454 10.486863
v 1.315219 4.862317 10.600000
v 1.348356 4.895454 10.713137
v 1.428356 4.975454 10.760000
v 1.230366 5.173444 10.600000
v 1.230366 5.173444 10.600000
v 1.230366 5.173444 10.600000
v 1.230366 5.173444 10.600000
v 1.230366 5.173444 10.600000
v 1.230366 5.173444 10.600000
v 1.230366 5.173444 10.600000
v 1.230366 5.173444 10.600000
v 1.230366 5.173444 10.670000
v 1.265366 5.208444 10.649497
v 1.279863 5.222941 10.600000
v 1.265366 5.208444 10.550503
v 1.230366 5.173444 10.530000
v 1.195366 5.138443 10.550503
v 1.180868 5.123946 10.600000
v 1.195366 5.138443 10.649497
v 1.230366 5.173444 10.670000
v 1.428356 4.975454 10.600000
v 1.428356 4.975454 10.600000
v 1.428356 4.975454 10.600000
v 1.428356 4.975454 10.600000
v 1.428356 4.975454 10.600000
v 1.428356 4.975454 10.600000
v 1.428356 4.975454 10.600000
v 1.428356 4.975454 10.600000
v 1.428356 4.975454 10.760000
v 1.508356 5.055454 10.713137
v 1.541493 5.088591 10.600000
v 1.508356 5.055454 10.486863
v 1.428356 4.975454 10.440000
v 1.348356 4.895454 10.486863
v 1.315219 4.862317 10.600000
v 1.348356 4.895454 10.713137
v 1.428356 4.975454 10.760000
vn -0.2164 0.2164 0.9520
vn -0.2163 0.2164 0.9520
vn 0.2596 0.6924 0.6732
vn 0.4568 0.8896 -0.0000
vn 0.2596 0.6924 -0.6732
vn -0.2164 0.2164 -0.9520
vn -0.6924 -0.2596 -0.6732
vn -0.8896 -0.4568 -0.0000
vn -0.6924 -0.2596 0.6732
vn -0.2164 0.2163 0.9520
vn -0.7071 0.7071 -0.0000
vn 0.7071 -0.7071 -0.0000
vt 0.000000 1.000000
vt 0.000000 0.000000
vt 0.125000 1.000000
vt 0.125000 0.000000
vt 0.250000 1.000000
vt 0.250000 0.000000
vt 0.375000 1.000000
vt 0.375000 0.000000
vt 0.500000 1.000000
vt 0.500000 0.000000
vt 0.625000 1.000000
vt 0.625000 0.000000
vt 0.750000 1.000000
vt 0.750000 0.000000
vt 0.875000 1.000000
vt 0.875000 0.000000
vt 1.000000 1.000000
vt 1.000000 0.000000
vt 1.000000 0.500000
vt 0.853553 0.853553
vt 0.500000 0.500000
vt 0.146447 0.853553
vt 0.000000 0.500000
vt 0.146447 0.146447
vt 0.853553 0.146447
s 1
usemtl nozzle_steel
f 3221/1498/1012 3230/1499/1013 3222/1500/1014
f 3230/1499/1013 3231/1501/1014 3222/1500/1014
f 3222/1500/1014 3231/1501/1014 3223/1502/1015
f 3231/1501/1014 3232/1503/1015 3223/1502/1015
f 3223/1502/1015 3232/1503/1015 3224/1504/1016
f 3232/1503/1015 3233/1505/1016 3224/1504/1016
f 3224/1504/1016 3233/1505/1016 3225/1506/1017
f 3233/1505/1016 3234/1507/1017 3225/1506/1017
f 3225/1506/1017 3234/1507/1017 3226/1508/1018
f 3234/1507/1017 3235/1509/1018 3226/1508/1018
f 3226/1508/1018 3235/1509/1018 3227/1510/1019
f 3235/1509/1018 3236/1511/1019 3227/1510/1019
f 3227/1510/1019 3236/1511/1019 3228/1512/1020
f 3236/1511/1019 3237/1513/1020 3228/1512/1020
f 3228/1512/1020 3237/1513/1020 3229/1514/1021
f 3237/1513/1020 3238/1515/1012 3229/1514/1021
f 3247/1516/1022 3248/1517/1022 3239/1518/1022
f 3248/1517/1022 3249/1506/1022 3240/1518/1022
f 3249/1506/1022 3250/1519/1022 3241/1518/1022
f 3250/1519/1022 3251/1520/1022 3242/1518/1022
f 3251/1520/1022 3252/1521/1022 3243/1518/1022
f 3252/1521/1022 3253/1507/1022 3244/1518/1022
f 3253/1507/1022 3254/1522/1022 3245/1518/1022
f 3254/1522/1022 3255/1516/1022 3246/1518/1022
f 3265/1522/1023 3264/1516/1023 3256/1518/1023
f 3266/1507/1023 3265/1522/1023 3257/1518/1023
f 3267/1521/1023 3266/1507/1023 3258/1518/1023
f 3268/1520/1023 3267/1521/1023 3259/1518/1023
f 3269/1519/1023 3268/1520/1023 3260/1518/1023
f 3270/1506/1023 3269/1519/1023 3261/1518/1023
f 3271/1517/1023 3270/1506/1023 3262/1518/1023
f 3272/1516/1023 3271/1517/1023 3263/1518/1023
o rcs_nozzle_3.002
v -1.880904 4.522905 10.670000
v -1.915904 4.557905 10.649497
v -1.930402 4.572403 10.600000
v -1.915904 4.557905 10.550503
v -1.880904 4.522905 10.530000
v -1.845904 4.487906 10.550503
v -1.831407 4.473408 10.600000
v -1.845904 4.487906 10.649497
v -1.880904 4.522905 10.670000
v -1.682914 4.720895 10.760000
v -1.762914 4.800895 10.713137
v -1.796051 4.834033 10.600000
v -1.762914 4.800895 10.486863
v -1.682914 4.720895 10.440000
v -1.602914 4.640895 10.486863
v -1.569777 4.607758 10.600000
v -1.602914 4.640895 10.713137
v -1.682914 4.720895 10.760000
v -1.880904 4.522905 10.600000
v -1.880904 4.522905 10.600000
v -1.880904 4.522905 10.600000
v -1.880904 4.522905 10.600000
v -1.880904 4.522905 10.600000
v -1.880904 4.522905 10.600000
v -1.880904 4.522905 10.600000
v -1.880904 4.522905 10.600000
v -1.880904 4.522905 10.670000
v -1.915904 4.557905 10.649497
v -1.930402 4.572403 10.600000
v -1.915904 4.557905 10.550503
v -1.880904 4.522905 10.530000
v -1.845904 4.487906 10.550503
v -1.831407 4.473408 10.600000
v -1.845904 4.487906 10.649497
v -1.880904 4.522905 10.670000
v -1.682914 4.720895 10.600000
v -1.682914 4.720895 10.600000
v -1.682914 4.720895 10.600000
v -1.682914 4.720895 10.600000
v -1.682914 4.720895 10.600000
v -1.682914 4.720895 10.600000
v -1.682914 4.720895 10.600000
v -1.682914 4.720895 10.600000
v -1.682914 4.720895 10.760000
v -1.762914 4.800895 10.713137
v -1.796051 4.834033 10.600000
v -1.762914 4.800895 10.486863
v -1.682914 4.720895 10.440000
v -1.602914 4.640895 10.486863
v -1.569777 4.607758 10.600000
v -1.602914 4.640895 10.713137
v -1.682914 4.720895 10.760000
vn -0.2164 -0.2164 0.9520
vn -0.6924 0.2596 0.6732
vn -0.8896 0.4568 -0.0000
vn -0.6924 0.2596 -0.6732
vn -0.2164 -0.2164 -0.9520
vn 0.2596 -0.6924 -0.6732
vn 0.4568 -0.8896 -0.0000
vn 0.2596 -0.6924 0.6732
vn -0.2163 -0.2164 0.9520
vn -0.7071 -0.7071 -0.0000
vn 0.7071 0.7071 -0.0000
vt 0.000000 1.000000
vt 0.000000 0.000000
vt 0.125000 1.000000
vt 0.125000 0.000000
vt 0.250000 1.000000
vt 0.250000 0.000000
vt 0.375000 1.000000
vt 0.375000 0.000000
vt 0.500000 1.000000
vt 0.500000 0.000000
vt 0.625000 1.000000
vt 0.625000 0.000000
vt 0.750000 1.000000
vt 0.750000 0.000000
vt 0.875000 1.000000
vt 0.875000 0.000000
vt 1.000000 1.000000
vt 1.000000 0.000000
vt 1.000000 0.500000
vt 0.853553 0.853553
vt 0.500000 0.500000
vt 0.146447 0.853553
vt 0.000000 0.500000
vt 0.146447 0.146447
vt 0.853553 0.146447
s 1
usemtl nozzle_steel
f 3273/1523/1024 3282/1524/1024 3274/1525/1025
f 3282/1524/1024 3283/1526/1025 3274/1525/1025
f 3274/1525/1025 3283/1526/1025 3275/1527/1026
f 3283/1526/1025 3284/1528/1026 3275/1527/1026
f 3275/1527/1026 3284/1528/1026 3276/1529/1027
f 3284/1528/1026 3285/1530/1027 3276/1529/1027
f 3276/1529/1027 3285/1530/1027 3277/1531/1028
f 3285/1530/1027 3286/1532/1028 3277/1531/1028
f 3277/1531/1028 3286/1532/1028 3278/1533/1029
f 3286/1532/1028 3287/1534/1029 3278/1533/1029
f 3278/1533/1029 3287/1534/1029 3279/1535/1030
f 3287/1534/1029 3288/1536/1030 3279/1535/1030
f 3279/1535/1030 3288/1536/1030 3280/1537/1031
f 3288/1536/1030 3289/1538/1031 3280/1537/1031
f 3280/1537/1031 3289/1538/1031 3281/1539/1032
f 3289/1538/1031 3290/1540/1032 3281/1539/1032
f 3299/1541/1033 3300/1542/1033 3291/1543/1033
f 3300/1542/1033 3301/1531/1033 3292/1543/1033
f 3301/1531/1033 3302/1544/1033 3293/1543/1033
f 3302/1544/1033 3303/1545/1033 3294/1543/1033
f 3303/1545/1033 3304/1546/1033 3295/1543/1033
f 3304/1546/1033 3305/1532/1033 3296/1543/1033
f 3305/1532/1033 3306/1547/1033 3297/1543/1033
f 3306/1547/1033 3307/1541/1033 3298/1543/1033
f 3317/1547/1034 3316/1541/1034 3308/1543/1034
f 3318/1532/1034 3317/1547/1034 3309/1543/1034
f 3319/1546/1034 3318/1532/1034 3310/1543/1034
f 3320/1545/1034 3319/1546/1034 3311/1543/1034
f 3321/1544/1034 3320/1545/1034 3312/1543/1034
f 3322/1531/1034 3321/1544/1034 3313/1543/1034
f 3323/1542/1034 3322/1531/1034 3314/1543/1034
f 3324/1541/1034 3323/1542/1034 3315/1543/1034
o rcs_nozzle_3.003
v 1.357645 5.300721 -9.730000
v 1.392645 5.335721 -9.750503
v 1.407143 5.350218 -9.800000
v 1.392645 5.335721 -9.849498
v 1.357645 5.300721 -9.870000
v 1.322645 5.265721 -9.849498
v 1.308148 5.251224 -9.800000
v 1.322645 5.265721 -9.750503
v 1.357645 5.300721 -9.730000
v 1.555635 5.102731 -9.640000
v 1.635635 5.182731 -9.686863
v 1.668772 5.215868 -9.800000
v 1.635635 5.182731 -9.913137
v 1.555635 5.102731 -9.960000
v 1.475635 5.022731 -9.913137
v 1.442498 4.989594 -9.800000
v 1.475635 5.022731 -9.686863
v 1.555635 5.102731 -9.640000
v 1.357645 5.300721 -9.800000
v 1.357645 5.300721 -9.800000
v 1.357645 5.300721 -9.800000
v 1.357645 5.300721 -9.800000
v 1.357645 5.300721 -9.800000
v 1.357645 5.300721 -9.800000
v 1.357645 5.300721 -9.800000
v 1.357645 5.300721 -9.800000
v 1.357645 5.300721 -9.730000
v 1.392645 5.335721 -9.750503
v 1.407143 5.350218 -9.800000
v 1.392645 5.335721 -9.849498
v 1.357645 5.300721 -9.870000
v 1.322645 5.265721 -9.849498
v 1.308148 5.251224 -9.800000
v 1.322645 5.265721 -9.750503
v 1.357645 5.300721 -9.730000
v 1.555635 5.102731 -9.800000
v 1.555635 5.102731 -9.800000
v 1.555635 5.102731 -9.800000
v 1.555635 5.102731 -9.800000
v 1.555635 5.102731 -9.800000
v 1.555635 5.102731 -9.800000
v 1.555635 5.102731 -9.800000
v 1.555635 5.102731 -9.800000
v 1.555635 5.102731 -9.640000
v 1.635635 5.182731 -9.686863
v 1.668772 5.215868 -9.800000
v 1.635635 5.182731 -9.913137
v 1.555635 5.102731 -9.960000
v 1.475635 5.022731 -9.913137
v 1.442498 4.989594 -9.800000
v 1.475635 5.022731 -9.686863
v 1.555635 5.102731 -9.640000
vn -0.2164 0.2164 0.9520
vn 0.2596 0.6924 0.6732
vn 0.4568 0.8896 -0.0000
vn 0.2596 0.6924 -0.6732
vn -0.2164 0.2164 -0.9520
vn -0.6924 -0.2596 -0.6732
vn -0.8896 -0.4568 -0.0000
vn -0.6924 -0.2596 0.6732
vn -0.2164 0.2163 0.9520
vn -0.7071 0.7071 -0.0000
vn 0.7071 -0.7071 -0.0000
vt 0.000000 1.000000
vt 0.000000 0.000000
vt 0.125000 1.000000
vt 0.125000 0.000000
vt 0.250000 1.000000
vt 0.250000 0.000000
vt 0.375000 1.000000
vt 0.375000 0.000000
vt 0.500000 1.000000
vt 0.500000 0.000000
vt 0.625000 1.000000
vt 0.625000 0.000000
vt 0.750000 1.000000
vt 0.750000 0.000000
vt 0.875000 1.000000
vt 0.875000 0.000000
vt 1.000000 1.000000
vt 1.000000 0.000000
vt 1.000000 0.500000
vt 0.853553 0.853553
vt 0.500000 0.500000
vt 0.146447 0.853553
vt 0.000000 0.500000
vt 0.146447 0.146447
vt 0.853553 0.146447
s 1
usemtl nozzle_steel
f 3325/1548/1035 3334/1549/1035 3326/1550/1036
f 3334/1549/1035 3335/1551/1036 3326/1550/1036
f 3326/1550/1036 3335/1551/1036 3327/1552/1037
f 3335/1551/1036 3336/1553/1037 3327/1552/1037
f 3327/1552/1037 3336/1553/1037 3328/1554/1038
f 3336/1553/1037 3337/1555/1038 3328/1554/1038
f 3328/1554/1038 3337/1555/1038 3329/1556/1039
f 3337/1555/1038 3338/1557/1039 3329/1556/1039
f 3329/1556/1039 3338/1557/1039 3330/1558/1040
f 3338/1557/1039 3339/1559/1040 3330/1558/1040
f 3330/1558/1040 3339/1559/1040 3331/1560/1041
f 3339/1559/1040 3340/1561/1041 3331/1560/1041
f 3331/1560/1041 3340/1561/1041 3332/1562/1042
f 3340/1561/1041 3341/1563/1042 3332/1562/1042
f 3332/1562/1042 3341/1563/1042 3333/1564/1043
f 3341/1563/1042 3342/1565/1035 3333/1564/1043
f 3351/1566/1044 3352/1567/1044 3343/1568/1044
f 3352/1567/1044 3353/1556/1044 3344/1568/1044
f 3353/1556/1044 3354/1569/1044 3345/1568/1044
f 3354/1569/1044 3355/1570/1044 3346/1568/1044
f 3355/1570/1044 3356/1571/1044 3347/1568/1044
f 3356/1571/1044 3357/1557/1044 3348/1568/1044
f 3357/1557/1044 3358/1572/1044 3349/1568/1044
f 3358/1572/1044 3359/1566/1044 3350/1568/1044
f 3369/1572/1045 3368/1566/1045 3360/1568/1045
f 3370/1557/1045 3369/1572/1045 3361/1568/1045
f 3371/1571/1045 3370/1557/1045 3362/1568/1045
f 3372/1570/1045 3371/1571/1045 3363/1568/1045
f 3373/1569/1045 3372/1570/1045 3364/1568/1045
f 3374/1556/1045 3373/1569/1045 3365/1568/1045
f 3375/1567/1045 3374/1556/1045 3366/1568/1045
f 3376/1566/1045 3375/1567/1045 3367/1568/1045
o rcs_nozzle_3.004
v 1.880904 2.062174 10.670000
v 1.915904 2.027174 10.649497
v 1.930402 2.012676 10.600000
v 1.915904 2.027174 10.550503
v 1.880904 2.062174 10.530000
v 1.845904 2.097173 10.550503
v 1.831407 2.111671 10.600000
v 1.845904 2.097173 10.649497
v 1.880904 2.062174 10.670000
v 1.682914 1.864184 10.760000
v 1.762914 1.784184 10.713137
v 1.796051 1.751047 10.600000
v 1.762914 1.784184 10.486863
v 1.682914 1.864184 10.440000
v 1.602914 1.944184 10.486863
v 1.569777 1.977321 10.600000
v 1.602914 1.944184 10.713137
v 1.682914 1.864184 10.760000
v 1.880904 2.062174 10.600000
v 1.880904 2.062174 10.600000
v 1.880904 2.062174 10.600000
v 1.880904 2.062174 10.600000
v 1.880904 2.062174 10.600000
v 1.880904 2.062174 10.600000
v 1.880904 2.062174 10.600000
v 1.880904 2.062174 10.600000
v 1.880904 2.062174 10.670000
v 1.915904 2.027174 10.649497
v 1.930402 2.012676 10.600000
v 1.915904 2.027174 10.550503
v 1.880904 2.062174 10.530000
v 1.845904 2.097173 10.550503
v 1.831407 2.111671 10.600000
v 1.845904 2.097173 10.649497
v 1.880904 2.062174 10.670000
v 1.682914 1.864184 10.600000
v 1.682914 1.864184 10.600000
v 1.682914 1.864184 10.600000
v 1.682914 1.864184 10.600000
v 1.682914 1.864184 10.600000
v 1.682914 1.864184 10.600000
v 1.682914 1.864184 10.600000
v 1.682914 1.864184 10.600000
v 1.682914 1.864184 10.760000
v 1.762914 1.784184 10.713137
v 1.796051 1.751047 10.600000
v 1.762914 1.784184 10.486863
v 1.682914 1.864184 10.440000
v 1.602914 1.944184 10.486863
v 1.569777 1.977321 10.600000
v 1.602914 1.944184 10.713137
v 1.682914 1.864184 10.760000
vn 0.2164 0.2164 0.9520
vn 0.6924 -0.2596 0.6732
vn 0.8896 -0.4568 -0.0000
vn 0.6924 -0.2596 -0.6732
vn 0.2164 0.2164 -0.9520
vn -0.2596 0.6924 -0.6732
vn -0.4568 0.8896 -0.0000
vn -0.2596 0.6924 0.6732
vn 0.2163 0.2164 0.9520
vn 0.7071 0.7071 -0.0000
vn -0.7071 -0.7071 -0.0000
vt 0.000000 1.000000
vt 0.000000 0.000000
vt 0.125000 1.000000
vt 0.125000 0.000000
vt 0.250000 1.000000
vt 0.250000 0.000000
vt 0.375000 1.000000
vt 0.375000 0.000000
vt 0.500000 1.000000
vt 0.500000 0.000000
vt 0.625000 1.000000
vt 0.625000 0.000000
vt 0.750000 1.000000
vt 0.750000 0.000000
vt 0.875000 1.000000
vt 0.875000 0.000000
vt 1.000000 1.000000
vt 1.000000 0.000000
vt 1.000000 0.500000
vt 0.853553 0.853553
vt 0.500000 0.500000
vt 0.146447 0.853553
vt 0.000000 0.500000
vt 0.146447 0.146447
vt 0.853553 0.146447
s 1
usemtl nozzle_steel
f 3377/1573/1046 3386/1574/1046 3378/1575/1047
f 3386/1574/1046 3387/1576/1047 3378/1575/1047
f 3378/1575/1047 3387/1576/1047 3379/1577/1048
f 3387/1576/1047 3388/1578/1048 3379/1577/1048
f 3379/1577/1048 3388/1578/1048 3380/1579/1049
f 3388/1578/1048 3389/1580/1049 3380/1579/1049
f 3380/1579/1049 3389/1580/1049 3381/1581/1050
f 3389/1580/1049 3390/1582/1050 3381/1581/1050
f 3381/1581/1050 3390/1582/1050 3382/1583/1051
f 3390/1582/1050 3391/1584/1051 3382/1583/1051
f 3382/1583/1051 3391/1584/1051 3383/1585/1052
f 3391/1584/1051 3392/1586/1052 3383/1585/1052
f 3383/1585/1052 3392/1586/1052 3384/1587/1053
f 3392/1586/1052 3393/1588/1053 3384/1587/1053
f 3384/1587/1053 3393/1588/1053 3385/1589/1054
f 3393/1588/1053 3394/1590/1054 3385/1589/1054
f 3403/1591/1055 3404/1592/1055 3395/1593/1055
f 3404/1592/1055 3405/1581/1055 3396/1593/1055
f 3405/1581/1055 3406/1594/1055 3397/1593/1055
f 3406/1594/1055 3407/1595/1055 3398/1593/1055
f 3407/1595/1055 3408/1596/1055 3399/1593/1055
f 3408/1596/1055 3409/1582/1055 3400/1593/1055
f 3409/1582/1055 3410/1597/1055 3401/1593/1055
f 3410/1597/1055 3411/1591/1055 3402/1593/1055
f 3421/1597/1056 3420/1591/1056 3412/1593/1056
f 3422/1582/1056 3421/1597/1056 3413/1593/1056
f 3423/1596/1056 3422/1582/1056 3414/1593/1056
f 3424/1595/1056 3423/1596/1056 3415/1593/1056
f 3425/1594/1056 3424/1595/1056 3416/1593/1056
f 3426/1581/1056 3425/1594/1056 3417/1593/1056
f 3427/1592/1056 3426/1581/1056 3418/1593/1056
f 3428/1591/1056 3427/1592/1056 3419/1593/1056
o rcs_nozzle_3.005
v 2.008183 1.934893 -9.730000
v 2.043183 1.899893 -9.750503
v 2.057681 1.885395 -9.800000
v 2.043183 1.899893 -9.849498
v 2.008183 1.934893 -9.870000
v 1.973183 1.969893 -9.849498
v 1.958686 1.984390 -9.800000
v 1.973183 1.969893 -9.750503
v 2.008183 1.934893 -9.730000
v 1.810193 1.736903 -9.640000
v 1.890193 1.656903 -9.686863
v 1.923330 1.623766 -9.800000
v 1.890193 1.656903 -9.913137
v 1.810193 1.736903 -9.960000
v 1.730193 1.816903 -9.913137
v 1.697056 1.850040 -9.800000
v 1.730193 1.816903 -9.686863
v 1.810193 1.736903 -9.640000
v 2.008183 1.934893 -9.800000
v 2.008183 1.934893 -9.800000
v 2.008183 1.934893 -9.800000
v 2.008183 1.934893 -9.800000
v 2.008183 1.934893 -9.800000
v 2.008183 1.934893 -9.800000
v 2.008183 1.934893 -9.800000
v 2.008183 1.934893 -9.800000
v 2.008183 1.934893 -9.730000
v 2.043183 1.899893 -9.750503
v 2.057681 1.885395 -9.800000
v 2.043183 1.899893 -9.849498
v 2.008183 1.934893 -9.870000
v 1.973183 1.969893 -9.849498
v 1.958686 1.984390 -9.800000
v 1.973183 1.969893 -9.750503
v 2.008183 1.934893 -9.730000
v 1.810193 1.736903 -9.800000
v 1.810193 1.736903 -9.800000
v 1.810193 1.736903 -9.800000
v 1.810193 1.736903 -9.800000
v 1.810193 1.736903 -9.800000
v 1.810193 1.736903 -9.800000
v 1.810193 1.736903 -9.800000
v 1.810193 1.736903 -9.800000
v 1.810193 1.736903 -9.640000
v 1.890193 1.656903 -9.686863
v 1.923330 1.623766 -9.800000
v 1.890193 1.656903 -9.913137
v 1.810193 1.736903 -9.960000
v 1.730193 1.816903 -9.913137
v 1.697056 1.850040 -9.800000
v 1.730193 1.816903 -9.686863
v 1.810193 1.736903 -9.640000
vn 0.2164 0.2163 0.9520
vn 0.2164 0.2164 0.9520
vn 0.6924 -0.2596 0.6732
vn 0.8896 -0.4568 -0.0000
vn 0.6924 -0.2596 -0.6732
vn 0.2164 0.2164 -0.9520
vn -0.2596 0.6924 -0.6732
vn -0.4568 0.8896 -0.0000
vn -0.2596 0.6924 0.6732
vn 0.2163 0.2164 0.9520
vn 0.7071 0.7071 -0.0000
vn -0.7071 -0.7071 -0.0000
vt 0.000000 1.000000
vt 0.000000 0.000000
vt 0.125000 1.000000
vt 0.125000 0.000000
vt 0.250000 1.000000
vt 0.250000 0.000000
vt 0.375000 1.000000
vt 0.375000 0.000000
vt 0.500000 1.000000
vt 0.500000 0.000000
vt 0.625000 1.000000
vt 0.625000 0.000000
vt 0.750000 1.000000
vt 0.750000 0.000000
vt 0.875000 1.000000
vt 0.875000 0.000000
vt 1.000000 1.000000
vt 1.000000 0.000000
vt 1.000000 0.500000
vt 0.853553 0.853553
vt 0.500000 0.500000
vt 0.146447 0.853553
vt 0.000000 0.500000
vt 0.146447 0.146447
vt 0.853553 0.146447
s 1
usemtl nozzle_steel
f 3429/1598/1057 3438/1599/1058 3430/1600/1059
f 3438/1599/1058 3439/1601/1059 3430/1600/1059
f 3430/1600/1059 3439/1601/1059 3431/1602/1060
f 3439/1601/1059 3440/1603/1060 3431/1602/1060
f 3431/1602/1060 3440/1603/1060 3432/1604/1061
f 3440/1603/1060 3441/1605/1061 3432/1604/1061
f 3432/1604/1061 3441/1605/1061 3433/1606/1062
f 3441/1605/1061 3442/1607/1062 3433/1606/1062
f 3433/1606/1062 3442/1607/1062 3434/1608/1063
f 3442/1607/1062 3443/1609/1063 3434/1608/1063
f 3434/1608/1063 3443/1609/1063 3435/1610/1064
f 3443/1609/1063 3444/1611/1064 3435/1610/1064
f 3435/1610/1064 3444/1611/1064 3436/1612/1065
f 3444/1611/1064 3445/1613/1065 3436/1612/1065
f 3436/1612/1065 3445/1613/1065 3437/1614/1066
f 3445/1613/1065 3446/1615/1058 3437/1614/1066
f 3455/1616/1067 3456/1617/1067 3447/1618/1067
f 3456/1617/1067 3457/1606/1067 3448/1618/1067
f 3457/1606/1067 3458/1619/1067 3449/1618/1067
f 3458/1619/1067 3459/1620/1067 3450/1618/1067
f 3459/1620/1067 3460/1621/1067 3451/1618/1067
f 3460/1621/1067 3461/1607/1067 3452/1618/1067
f 3461/1607/1067 3462/1622/1067 3453/1618/1067
f 3462/1622/1067 3463/1616/1067 3454/1618/1067
f 3473/1622/1068 3472/1616/1068 3464/1618/1068
f 3474/1607/1068 3473/1622/1068 3465/1618/1068
f 3475/1621/1068 3474/1607/1068 3466/1618/1068
f 3476/1620/1068 3475/1621/1068 3467/1618/1068
f 3477/1619/1068 3476/1620/1068 3468/1618/1068
f 3478/1606/1068 3477/1619/1068 3469/1618/1068
f 3479/1617/1068 3478/1606/1068 3470/1618/1068
f 3480/1616/1068 3479/1617/1068 3471/1618/1068
o rcs_nozzle_3.006
v -1.230366 1.411635 10.670000
v -1.265366 1.376635 10.649497
v -1.279863 1.362138 10.600000
v -1.265366 1.376635 10.550503
v -1.230366 1.411635 10.530000
v -1.195366 1.446635 10.550503
v -1.180868 1.461133 10.600000
v -1.195366 1.446635 10.649497
v -1.230366 1.411635 10.670000
v -1.428356 1.609625 10.760000
v -1.508356 1.529625 10.713137
v -1.541493 1.496488 10.600000
v -1.508356 1.529625 10.486863
v -1.428356 1.609625 10.440000
v -1.348356 1.689625 10.486863
v -1.315219 1.722762 10.600000
v -1.348356 1.689625 10.713137
v -1.428356 1.609625 10.760000
v -1.230366 1.411635 10.600000
v -1.230366 1.411635 10.600000
v -1.230366 1.411635 10.600000
v -1.230366 1.411635 10.600000
v -1.230366 1.411635 10.600000
v -1.230366 1.411635 10.600000
v -1.230366 1.411635 10.600000
v -1.230366 1.411635 10.600000
v -1.230366 1.411635 10.670000
v -1.265366 1.376635 10.649497
v -1.279863 1.362138 10.600000
v -1.265366 1.376635 10.550503
v -1.230366 1.411635 10.530000
v -1.195366 1.446635 10.550503
v -1.180868 1.461133 10.600000
v -1.195366 1.446635 10.649497
v -1.230366 1.411635 10.670000
v -1.428356 1.609625 10.600000
v -1.428356 1.609625 10.600000
v -1.428356 1.609625 10.600000
v -1.428356 1.609625 10.600000
v -1.428356 1.609625 10.600000
v -1.428356 1.609625 10.600000
v -1.428356 1.609625 10.600000
v -1.428356 1.609625 10.600000
v -1.428356 1.609625 10.760000
v -1.508356 1.529625 10.713137
v -1.541493 1.496488 10.600000
v -1.508356 1.529625 10.486863
v -1.428356 1.609625 10.440000
v -1.348356 1.689625 10.486863
v -1.315219 1.722762 10.600000
v -1.348356 1.689625 10.713137
v -1.428356 1.609625 10.760000
vn 0.2164 -0.2164 0.9520
vn -0.2596 -0.6924 0.6732
vn -0.4568 -0.8896 -0.0000
vn -0.2596 -0.6924 -0.6732
vn 0.2164 -0.2164 -0.9520
vn 0.6924 0.2596 -0.6732
vn 0.8896 0.4568 -0.0000
vn 0.6924 0.2596 0.6732
vn 0.2164 -0.2163 0.9520
vn 0.7071 -0.7071 -0.0000
vn -0.7071 0.7071 -0.0000
vt 0.000000 1.000000
vt 0.000000 0.000000
vt 0.125000 1.000000
vt 0.125000 0.000000
vt 0.250000 1.000000
vt 0.250000 0.000000
vt 0.375000 1.000000
vt 0.375000 0.000000
vt 0.500000 1.000000
vt 0.500000 0.000000
vt 0.625000 1.000000
vt 0.625000 0.000000
vt 0.750000 1.000000
vt 0.750000 0.000000
vt 0.875000 1.000000
vt 0.875000 0.000000
vt 1.000000 1.000000
vt 1.000000 0.000000
vt 1.000000 0.500000
vt 0.853553 0.853553
vt 0.500000 0.500000
vt 0.146447 0.853553
vt 0.000000 0.500000
vt 0.146447 0.146447
vt 0.853553 0.146447
s 1
usemtl nozzle_steel
f 3481/1623/1069 3490/1624/1069 3482/1625/1070
f 3490/1624/1069 3491/1626/1070 3482/1625/1070
f 3482/1625/1070 3491/1626/1070 3483/1627/1071
f 3491/1626/1070 3492/1628/1071 3483/1627/1071
f 3483/1627/1071 3492/1628/1071 3484/1629/1072
f 3492/1628/1071 3493/1630/1072 3484/1629/1072
f 3484/1629/1072 3493/1630/1072 3485/1631/1073
f 3493/1630/1072 3494/1632/1073 3485/1631/1073
f 3485/1631/1073 3494/1632/1073 3486/1633/1074
f 3494/1632/1073 3495/1634/1074 3486/1633/1074
f 3486/1633/1074 3495/1634/1074 3487/1635/1075
f 3495/1634/1074 3496/1636/1075 3487/1635/1075
f 3487/1635/1075 3496/1636/1075 3488/1637/1076
f 3496/1636/1075 3497/1638/1076 3488/1637/1076
f 3488/1637/1076 3497/1638/1076 3489/1639/1077
f 3497/1638/1076 3498/1640/1069 3489/1639/1077
f 3507/1641/1078 3508/1642/1078 3499/1643/1078
f 3508/1642/1078 3509/1631/1078 3500/1643/1078
f 3509/1631/1078 3510/1644/1078 3501/1643/1078
f 3510/1644/1078 3511/1645/1078 3502/1643/1078
f 3511/1645/1078 3512/1646/1078 3503/1643/1078
f 3512/1646/1078 3513/1632/1078 3504/1643/1078
f 3513/1632/1078 3514/1647/1078 3505/1643/1078
f 3514/1647/1078 3515/1641/1078 3506/1643/1078
f 3525/1647/1079 3524/1641/1079 3516/1643/1079
f 3526/1632/1079 3525/1647/1079 3517/1643/1079
f 3527/1646/1079 3526/1632/1079 3518/1643/1079
f 3528/1645/1079 3527/1646/1079 3519/1643/1079
f 3529/1644/1079 3528/1645/1079 3520/1643/1079
f 3530/1631/1079 3529/1644/1079 3521/1643/1079
f 3531/1642/1079 3530/1631/1079 3522/1643/1079
f 3532/1641/1079 3531/1642/1079 3523/1643/1079
o rcs_nozzle_3.007
v -2.008183 4.650183 -9.730000
v -2.043183 4.685183 -9.750503
v -2.057681 4.699680 -9.800000
v -2.043183 4.685183 -9.849498
v -2.008183 4.650183 -9.870000
v -1.973183 4.615183 -9.849498
v -1.958686 4.600685 -9.800000
v -1.973183 4.615183 -9.750503
v -2.008183 4.650183 -9.730000
v -1.810193 4.848173 -9.640000
v -1.890193 4.928173 -9.686863
v -1.923330 4.961310 -9.800000
v -1.890193 4.928173 -9.913137
v -1.810193 4.848173 -9.960000
v -1.730193 4.768173 -9.913137
v -1.697056 4.735035 -9.800000
v -1.730193 4.768173 -9.686863
v -1.810193 4.848173 -9.640000
v -2.008183 4.650183 -9.800000
v -2.008183 4.650183 -9.800000
v -2.008183 4.650183 -9.800000
v -2.008183 4.650183 -9.800000
v -2.008183 4.650183 -9.800000
v -2.008183 4.650183 -9.800000
v -2.008183 4.650183 -9.800000
v -2.008183 4.650183 -9.800000
v -2.008183 4.650183 -9.730000
v -2.043183 4.685183 -9.750503
v -2.057681 4.699680 -9.800000
v -2.043183 4.685183 -9.849498
v -2.008183 4.650183 -9.870000
v -1.973183 4.615183 -9.849498
v -1.958686 4.600685 -9.800000
v -1.973183 4.615183 -9.750503
v -2.008183 4.650183 -9.730000
v -1.810193 4.848173 -9.800000
v -1.810193 4.848173 -9.800000
v -1.810193 4.848173 -9.800000
v -1.810193 4.848173 -9.800000
v -1.810193 4.848173 -9.800000
v -1.810193 4.848173 -9.800000
v -1.810193 4.848173 -9.800000
v -1.810193 4.848173 -9.800000
v -1.810193 4.848173 -9.640000
v -1.890193 4.928173 -9.686863
v -1.923330 4.961310 -9.800000
v -1.890193 4.928173 -9.913137
v -1.810193 4.848173 -9.960000
v -1.730193 4.768173 -9.913137
v -1.697056 4.735035 -9.800000
v -1.730193 4.768173 -9.686863
v -1.810193 4.848173 -9.640000
vn -0.2164 -0.2163 0.9520
vn -0.2164 -0.2164 0.9520
vn -0.6924 0.2596 0.6732
vn -0.8896 0.4568 -0.0000
vn -0.6924 0.2596 -0.6732
vn -0.2164 -0.2164 -0.9520
vn 0.2596 -0.6924 -0.6732
vn 0.4568 -0.8896 -0.0000
vn 0.2596 -0.6924 0.6732
vn -0.2163 -0.2164 0.9520
vn -0.7071 -0.7071 -0.0000
vn 0.7071 0.7071 -0.0000
vt 0.000000 1.000000
vt 0.000000 0.000000
vt 0.125000 1.000000
vt 0.125000 0.000000
vt 0.250000 1.000000
vt 0.250000 0.000000
vt 0.375000 1.000000
vt 0.375000 0.000000
vt 0.500000 1.000000
vt 0.500000 0.000000
vt 0.625000 1.000000
vt 0.625000 0.000000
vt 0.750000 1.000000
vt 0.750000 0.000000
vt 0.875000 1.000000
vt 0.875000 0.000000
vt 1.000000 1.000000
vt 1.000000 0.000000
vt 1.000000 0.500000
vt 0.853553 0.853553
vt 0.500000 0.500000
vt 0.146447 0.853553
vt 0.000000 0.500000
vt 0.146447 0.146447
vt 0.853553 0.146447
s 1
usemtl nozzle_steel
f 3533/1648/1080 3542/1649/1081 3534/1650/1082
f 3542/1649/1081 3543/1651/1082 3534/1650/1082
f 3534/1650/1082 3543/1651/1082 3535/1652/1083
f 3543/1651/1082 3544/1653/1083 3535/1652/1083
f 3535/1652/1083 3544/1653/1083 3536/1654/1084
f 3544/1653/1083 3545/1655/1084 3536/1654/1084
f 3536/1654/1084 3545/1655/1084 3537/1656/1085
f 3545/1655/1084 3546/1657/1085 3537/1656/1085
f 3537/1656/1085 3546/1657/1085 3538/1658/1086
f 3546/1657/1085 3547/1659/1086 3538/1658/1086
f 3538/1658/1086 3547/1659/1086 3539/1660/1087
f 3547/1659/1086 3548/1661/1087 3539/1660/1087
f 3539/1660/1087 3548/1661/1087 3540/1662/1088
f 3548/1661/1087 3549/1663/1088 3540/1662/1088
f 3540/1662/1088 3549/1663/1088 3541/1664/1089
f 3549/1663/1088 3550/1665/1081 3541/1664/1089
f 3559/1666/1090 3560/1667/1090 3551/1668/1090
f 3560/1667/1090 3561/1656/1090 3552/1668/1090
f 3561/1656/1090 3562/1669/1090 3553/1668/1090
f 3562/1669/1090 3563/1670/1090 3554/1668/1090
f 3563/1670/1090 3564/1671/1090 3555/1668/1090
f 3564/1671/1090 3565/1657/1090 3556/1668/1090
f 3565/1657/1090 3566/1672/1090 3557/1668/1090
f 3566/1672/1090 3567/1666/1090 3558/1668/1090
f 3577/1672/1091 3576/1666/1091 3568/1668/1091
f 3578/1657/1091 3577/1672/1091 3569/1668/1091
f 3579/1671/1091 3578/1657/1091 3570/1668/1091
f 3580/1670/1091 3579/1671/1091 3571/1668/1091
f 3581/1669/1091 3580/1670/1091 3572/1668/1091
f 3582/1656/1091 3581/1669/1091 3573/1668/1091
f 3583/1667/1091 3582/1656/1091 3574/1668/1091
f 3584/1666/1091 3583/1667/1091 3575/1668/1091
o scorch_plate
v 0.964362 0.964361 -10.350000
v 2.328176 2.328176 -10.350000
v 2.328176 4.256900 -10.350000
v 0.964362 5.620714 -10.350000
v -0.964362 5.620714 -10.350000
v -2.328176 4.256900 -10.350000
v -2.328176 2.328176 -10.350000
v -0.964362 0.964361 -10.350000
v 0.964362 0.964361 -10.350000
v 0.964362 0.964361 -11.450000
v 2.328176 2.328176 -11.450000
v 2.328176 4.256900 -11.450000
v 0.964362 5.620714 -11.450000
v -0.964362 5.620714 -11.450000
v -2.328176 4.256900 -11.450000
v -2.328176 2.328176 -11.450000
v -0.964362 0.964361 -11.450000
v 0.964362 0.964361 -11.450000
vn 0.3827 -0.9239 -0.0000
vn 0.9239 -0.3827 -0.0000
vn 0.9239 0.3827 -0.0000
vn 0.3827 0.9239 -0.0000
vn -0.3827 0.9239 -0.0000
vn -0.9239 0.3827 -0.0000
vn -0.9239 -0.3827 -0.0000
vn -0.3827 -0.9239 -0.0000
vt 0.000000 1.000000
vt 0.000000 0.000000
vt 0.125000 1.000000
vt 0.125000 0.000000
vt 0.250000 1.000000
vt 0.250000 0.000000
vt 0.375000 1.000000
vt 0.375000 0.000000
vt 0.500000 1.000000
vt 0.500000 0.000000
vt 0.625000 1.000000
vt 0.625000 0.000000
vt 0.750000 1.000000
vt 0.750000 0.000000
vt 0.875000 1.000000
vt 0.875000 0.000000
vt 1.000000 1.000000
vt 1.000000 0.000000
s 1
usemtl nozzle_steel
f 3585/1673/1092 3594/1674/1092 3586/1675/1093
f 3594/1674/1092 3595/1676/1093 3586/1675/1093
f 3586/1675/1093 3595/1676/1093 3587/1677/1094
f 3595/1676/1093 3596/1678/1094 3587/1677/1094
f 3587/1677/1094 3596/1678/1094 3588/1679/1095
f 3596/1678/1094 3597/1680/1095 3588/1679/1095
f 3588/1679/1095 3597/1680/1095 3589/1681/1096
f 3597/1680/1095 3598/1682/1096 3589/1681/1096
f 3589/1681/1096 3598/1682/1096 3590/1683/1097
f 3598/1682/1096 3599/1684/1097 3590/1683/1097
f 3590/1683/1097 3599/1684/1097 3591/1685/1098
f 3599/1684/1097 3600/1686/1098 3591/1685/1098
f 3591/1685/1098 3600/1686/1098 3592/1687/1099
f 3600/1686/1098 3601/1688/1099 3592/1687/1099
f 3592/1687/1099 3601/1688/1099 3593/1689/1092
f 3601/1688/1099 3602/1690/1092 3593/1689/1092
o spine
v 0.550000 5.792539 8.500000
v 0.550000 5.792538 -7.500000
v 0.550000 5.292539 8.500000
v 0.550000 5.292538 -7.500000
v -0.550000 5.792538 -7.500000
v -0.550000 5.792539 8.500000
v -0.550000 5.292538 -7.500000
v -0.550000 5.292539 8.500000
v -0.550000 5.792538 -7.500000
v 0.550000 5.792538 -7.500000
v -0.550000 5.792539 8.500000
v 0.550000 5.792539 8.500000
v -0.550000 5.292539 8.500000
v 0.550000 5.292539 8.500000
v -0.550000 5.292538 -7.500000
v 0.550000 5.292538 -7.500000
v -0.550000 5.792539 8.500000
v 0.550000 5.792539 8.500000
v -0.550000 5.292539 8.500000
v 0.550000 5.292539 8.500000
v 0.550000 5.792538 -7.500000
v -0.550000 5.792538 -7.500000
v 0.550000 5.292538 -7.500000
v -0.550000 5.292538 -7.500000
vn 1.0000 -0.0000 -0.0000
vn -1.0000 -0.0000 -0.0000
vn -0.0000 1.0000 -0.0000
vn -0.0000 -1.0000 -0.0000
vn -0.0000 -0.0000 1.0000
vn -0.0000 -0.0000 -1.0000
vt 0.000000 1.000000
vt 0.000000 0.000000
vt 1.000000 1.000000
vt 1.000000 0.000000
s 1
usemtl panel_dark
f 3603/1691/1100 3605/1692/1100 3604/1693/1100
f 3605/1692/1100 3606/1694/1100 3604/1693/1100
f 3607/1691/1101 3609/1692/1101 3608/1693/1101
f 3609/1692/1101 3610/1694/1101 3608/1693/1101
f 3611/1691/1102 3613/1692/1102 3612/1693/1102
f 3613/1692/1102 3614/1694/1102 3612/1693/1102
f 3615/1691/1103 3617/1692/1103 3616/1693/1103
f 3617/1692/1103 3618/1694/1103 3616/1693/1103
f 3619/1691/1104 3621/1692/1104 3620/1693/1104
f 3621/1692/1104 3622/1694/1104 3620/1693/1104
f 3623/1691/1105 3625/1692/1105 3624/1693/1105
f 3625/1692/1105 3626/1694/1105 3624/1693/1105
o spine_block_1
v 0.750000 5.967539 4.500000
v 0.750000 5.967539 2.299999
v 0.750000 5.217539 4.500000
v 0.750000 5.217539 2.299999
v -0.750000 5.967539 2.299999
v -0.750000 5.967539 4.500000
v -0.750000 5.217539 2.299999
v -0.750000 5.217539 4.500000
v -0.750000 5.967539 2.299999
v 0.750000 5.967539 2.299999
v -0.750000 5.967539 4.500000
v 0.750000 5.967539 4.500000
v -0.750000 5.217539 4.500000
v 0.750000 5.217539 4.500000
v -0.750000 5.217539 2.299999
v 0.750000 5.217539 2.299999
v -0.750000 5.967539 4.500000
v 0.750000 5.967539 4.500000
v -0.750000 5.217539 4.500000
v 0.750000 5.217539 4.500000
v 0.750000 5.967539 2.299999
v -0.750000 5.967539 2.299999
v 0.750000 5.217539 2.299999
v -0.750000 5.217539 2.299999
vn 1.0000 -0.0000 -0.0000
vn -1.0000 -0.0000 -0.0000
vn -0.0000 1.0000 -0.0000
vn -0.0000 -1.0000 -0.0000
vn -0.0000 -0.0000 1.0000
vn -0.0000 -0.0000 -1.0000
vt 0.000000 1.000000
vt 0.000000 0.000000
vt 1.000000 1.000000
vt 1.000000 0.000000
s 1
usemtl frame_alloy
f 3627/1695/1106 3629/1696/1106 3628/1697/1106
f 3629/1696/1106 3630/1698/1106 3628/1697/1106
f 3631/1695/1107 3633/1696/1107 3632/1697/1107
f 3633/1696/1107 3634/1698/1107 3632/1697/1107
f 3635/1695/1108 3637/1696/1108 3636/1697/1108
f 3637/1696/1108 3638/1698/1108 3636/1697/1108
f 3639/1695/1109 3641/1696/1109 3640/1697/1109
f 3641/1696/1109 3642/1698/1109 3640/1697/1109
f 3643/1695/1110 3645/1696/1110 3644/1697/1110
f 3645/1696/1110 3646/1698/1110 3644/1697/1110
f 3647/1695/1111 3649/1696/1111 3648/1697/1111
f 3649/1696/1111 3650/1698/1111 3648/1697/1111
o spine_block_2
v 0.750000 5.942539 -1.800000
v 0.750000 5.942538 -3.400001
v 0.750000 5.242538 -1.800000
v 0.750000 5.242538 -3.400001
v -0.750000 5.942538 -3.400001
v -0.750000 5.942539 -1.800000
v -0.750000 5.242538 -3.400001
v -0.750000 5.242538 -1.800000
v -0.750000 5.942538 -3.400001
v 0.750000 5.942538 -3.400001
v -0.750000 5.942539 -1.800000
v 0.750000 5.942539 -1.800000
v -0.750000 5.242538 -1.800000
v 0.750000 5.242538 -1.800000
v -0.750000 5.242538 -3.400001
v 0.750000 5.242538 -3.400001
v -0.750000 5.942539 -1.800000
v 0.750000 5.942539 -1.800000
v -0.750000 5.242538 -1.800000
v 0.750000 5.242538 -1.800000
v 0.750000 5.942538 -3.400001
v -0.750000 5.942538 -3.400001
v 0.750000 5.242538 -3.400001
v -0.750000 5.242538 -3.400001
vn 1.0000 -0.0000 -0.0000
vn -1.0000 -0.0000 -0.0000
vn -0.0000 1.0000 -0.0000
vn -0.0000 -1.0000 -0.0000
vn -0.0000 -0.0000 1.0000
vn -0.0000 -0.0000 -1.0000
vt 0.000000 1.000000
vt 0.000000 0.000000
vt 1.000000 1.000000
vt 1.000000 0.000000
s 1
usemtl hazard_amber
f 3651/1699/1112 3653/1700/1112 3652/1701/1112
f 3653/1700/1112 3654/1702/1112 3652/1701/1112
f 3655/1699/1113 3657/1700/1113 3656/1701/1113
f 3657/1700/1113 3658/1702/1113 3656/1701/1113
f 3659/1699/1114 3661/1700/1114 3660/1701/1114
f 3661/1700/1114 3662/1702/1114 3660/1701/1114
f 3663/1699/1115 3665/1700/1115 3664/1701/1115
f 3665/1700/1115 3666/1702/1115 3664/1701/1115
f 3667/1699/1116 3669/1700/1116 3668/1701/1116
f 3669/1700/1116 3670/1702/1116 3668/1701/1116
f 3671/1699/1117 3673/1700/1117 3672/1701/1117
f 3673/1700/1117 3674/1702/1117 3672/1701/1117
o tank_1
v 0.410000 5.627398 -6.200001
v 0.820000 6.337538 -6.200001
v 0.410000 7.047679 -6.200001
v -0.410000 7.047679 -6.200001
v -0.820000 6.337538 -6.200001
v -0.410000 5.627398 -6.200001
v 0.410000 5.627398 -6.200001
v 0.410000 5.627397 -9.800000
v 0.820000 6.337538 -9.800001
v 0.410000 7.047678 -9.800001
v -0.410000 7.047678 -9.800001
v -0.820000 6.337538 -9.800001
v -0.410000 5.627397 -9.800000
v 0.410000 5.627397 -9.800000
v 0.000000 6.337538 -6.200001
v 0.000000 6.337538 -6.200001
v 0.000000 6.337538 -6.200001
v 0.000000 6.337538 -6.200001
v 0.000000 6.337538 -6.200001
v 0.000000 6.337538 -6.200001
v 0.410000 5.627398 -6.200001
v 0.820000 6.337538 -6.200001
v 0.410000 7.047679 -6.200001
v -0.410000 7.047679 -6.200001
v -0.820000 6.337538 -6.200001
v -0.410000 5.627398 -6.200001
v 0.410000 5.627398 -6.200001
v 0.000000 6.337538 -9.800001
v 0.000000 6.337538 -9.800001
v 0.000000 6.337538 -9.800001
v 0.000000 6.337538 -9.800001
v 0.000000 6.337538 -9.800001
v 0.000000 6.337538 -9.800001
v 0.410000 5.627397 -9.800000
v 0.820000 6.337538 -9.800001
v 0.410000 7.047678 -9.800001
v -0.410000 7.047678 -9.800001
v -0.820000 6.337538 -9.800001
v -0.410000 5.627397 -9.800000
v 0.410000 5.627397 -9.800000
vn 0.5000 -0.8660 -0.0000
vn 1.0000 -0.0000 -0.0000
vn 0.5000 0.8660 -0.0000
vn -0.5000 0.8660 -0.0000
vn -1.0000 -0.0000 -0.0000
vn -0.5000 -0.8660 -0.0000
vn -0.0000 -0.0000 1.0000
vn -0.0000 -0.0000 -1.0000
vt 0.000000 1.000000
vt 0.000000 0.000000
vt 0.166667 1.000000
vt 0.166667 0.000000
vt 0.333333 1.000000
vt 0.333333 0.000000
vt 0.500000 1.000000
vt 0.500000 0.000000
vt 0.666667 1.000000
vt 0.666667 0.000000
vt 0.833333 1.000000
vt 0.833333 0.000000
vt 1.000000 1.000000
vt 1.000000 0.000000
vt 1.000000 0.500000
vt 0.750000 0.933013
vt 0.500000 0.500000
vt 0.250000 0.933013
vt 0.000000 0.500000
vt 0.250000 0.066987
vt 0.750000 0.066987
s 1
usemtl foil_gold
f 3675/1703/1118 3682/1704/1118 3676/1705/1119
f 3682/1704/1118 3683/1706/1119 3676/1705/1119
f 3676/1705/1119 3683/1706/1119 3677/1707/1120
f 3683/1706/1119 3684/1708/1120 3677/1707/1120
f 3677/1707/1120 3684/1708/1120 3678/1709/1121
f 3684/1708/1120 3685/1710/1121 3678/1709/1121
f 3678/1709/1121 3685/1710/1121 3679/1711/1122
f 3685/1710/1121 3686/1712/1122 3679/1711/1122
f 3679/1711/1122 3686/1712/1122 3680/1713/1123
f 3686/1712/1122 3687/1714/1123 3680/1713/1123
f 3680/1713/1123 3687/1714/1123 3681/1715/1118
f 3687/1714/1123 3688/1716/1118 3681/1715/1118
f 3695/1717/1124 3696/1718/1124 3689/1719/1124
f 3696/1718/1124 3697/1720/1124 3690/1719/1124
f 3697/1720/1124 3698/1721/1124 3691/1719/1124
f 3698/1721/1124 3699/1722/1124 3692/1719/1124
f 3699/1722/1124 3700/1723/1124 3693/1719/1124
f 3700/1723/1124 3701/1717/1124 3694/1719/1124
f 3709/1723/1125 3708/1717/1125 3702/1719/1125
f 3710/1722/1125 3709/1723/1125 3703/1719/1125
f 3711/1721/1125 3710/1722/1125 3704/1719/1125
f 3712/1720/1125 3711/1721/1125 3705/1719/1125
f 3713/1718/1125 3712/1720/1125 3706/1719/1125
f 3714/1717/1125 3713/1718/1125 3707/1719/1125
o tank_2
v 3.045500 1.059897 -6.200000
v 3.455500 1.770038 -6.200000
v 3.045500 2.480179 -6.200000
v 2.225500 2.480179 -6.200000
v 1.815500 1.770038 -6.200000
v 2.225500 1.059897 -6.200000
v 3.045500 1.059897 -6.200000
v 3.045500 1.059897 -9.800000
v 3.455500 1.770038 -9.800000
v 3.045500 2.480179 -9.800000
v 2.225500 2.480179 -9.800000
v 1.815500 1.770038 -9.800000
v 2.225500 1.059897 -9.800000
v 3.045500 1.059897 -9.800000
v 2.635500 1.770038 -6.200000
v 2.635500 1.770038 -6.200000
v 2.635500 1.770038 -6.200000
v 2.635500 1.770038 -6.200000
v 2.635500 1.770038 -6.200000
v 2.635500 1.770038 -6.200000
v 3.045500 1.059897 -6.200000
v 3.455500 1.770038 -6.200000
v 3.045500 2.480179 -6.200000
v 2.225500 2.480179 -6.200000
v 1.815500 1.770038 -6.200000
v 2.225500 1.059897 -6.200000
v 3.045500 1.059897 -6.200000
v 2.635500 1.770038 -9.800000
v 2.635500 1.770038 -9.800000
v 2.635500 1.770038 -9.800000
v 2.635500 1.770038 -9.800000
v 2.635500 1.770038 -9.800000
v 2.635500 1.770038 -9.800000
v 3.045500 1.059897 -9.800000
v 3.455500 1.770038 -9.800000
v 3.045500 2.480179 -9.800000
v 2.225500 2.480179 -9.800000
v 1.815500 1.770038 -9.800000
v 2.225500 1.059897 -9.800000
v 3.045500 1.059897 -9.800000
vn 0.5000 -0.8660 -0.0000
vn 1.0000 -0.0000 -0.0000
vn 0.5000 0.8660 -0.0000
vn -0.5000 0.8660 -0.0000
vn -1.0000 -0.0000 -0.0000
vn -0.5000 -0.8660 -0.0000
vn -0.0000 -0.0000 1.0000
vn -0.0000 -0.0000 -1.0000
vt 0.000000 1.000000
vt 0.000000 0.000000
vt 0.166667 1.000000
vt 0.166667 0.000000
vt 0.333333 1.000000
vt 0.333333 0.000000
vt 0.500000 1.000000
vt 0.500000 0.000000
vt 0.666667 1.000000
vt 0.666667 0.000000
vt 0.833333 1.000000
vt 0.833333 0.000000
vt 1.000000 1.000000
vt 1.000000 0.000000
vt 1.000000 0.500000
vt 0.750000 0.933013
vt 0.500000 0.500000
vt 0.250000 0.933013
vt 0.000000 0.500000
vt 0.250000 0.066987
vt 0.750000 0.066987
s 1
usemtl foil_gold
f 3715/1724/1126 3722/1725/1126 3716/1726/1127
f 3722/1725/1126 3723/1727/1127 3716/1726/1127
f 3716/1726/1127 3723/1727/1127 3717/1728/1128
f 3723/1727/1127 3724/1729/1128 3717/1728/1128
f 3717/1728/1128 3724/1729/1128 3718/1730/1129
f 3724/1729/1128 3725/1731/1129 3718/1730/1129
f 3718/1730/1129 3725/1731/1129 3719/1732/1130
f 3725/1731/1129 3726/1733/1130 3719/1732/1130
f 3719/1732/1130 3726/1733/1130 3720/1734/1131
f 3726/1733/1130 3727/1735/1131 3720/1734/1131
f 3720/1734/1131 3727/1735/1131 3721/1736/1126
f 3727/1735/1131 3728/1737/1126 3721/1736/1126
f 3735/1738/1132 3736/1739/1132 3729/1740/1132
f 3736/1739/1132 3737/1741/1132 3730/1740/1132
f 3737/1741/1132 3738/1742/1132 3731/1740/1132
f 3738/1742/1132 3739/1743/1132 3732/1740/1132
f 3739/1743/1132 3740/1744/1132 3733/1740/1132
f 3740/1744/1132 3741/1738/1132 3734/1740/1132
f 3749/1744/1133 3748/1738/1133 3742/1740/1133
f 3750/1743/1133 3749/1744/1133 3743/1740/1133
f 3751/1742/1133 3750/1743/1133 3744/1740/1133
f 3752/1741/1133 3751/1742/1133 3745/1740/1133
f 3753/1739/1133 3752/1741/1133 3746/1740/1133
f 3754/1738/1133 3753/1739/1133 3747/1740/1133
o tank_3
v -2.225500 1.059897 -6.200000
v -1.815500 1.770038 -6.200000
v -2.225500 2.480179 -6.200000
v -3.045500 2.480179 -6.200000
v -3.455500 1.770038 -6.200000
v -3.045500 1.059897 -6.200000
v -2.225500 1.059897 -6.200000
v -2.225500 1.059897 -9.800000
v -1.815500 1.770038 -9.800000
v -2.225500 2.480179 -9.800000
v -3.045500 2.480179 -9.800000
v -3.455500 1.770038 -9.800000
v -3.045500 1.059897 -9.800000
v -2.225500 1.059897 -9.800000
v -2.635500 1.770038 -6.200000
v -2.635500 1.770038 -6.200000
v -2.635500 1.770038 -6.200000
v -2.635500 1.770038 -6.200000
v -2.635500 1.770038 -6.200000
v -2.635500 1.770038 -6.200000
v -2.225500 1.059897 -6.200000
v -1.815500 1.770038 -6.200000
v -2.225500 2.480179 -6.200000
v -3.045500 2.480179 -6.200000
v -3.455500 1.770038 -6.200000
v -3.045500 1.059897 -6.200000
v -2.225500 1.059897 -6.200000
v -2.635500 1.770038 -9.800000
v -2.635500 1.770038 -9.800000
v -2.635500 1.770038 -9.800000
v -2.635500 1.770038 -9.800000
v -2.635500 1.770038 -9.800000
v -2.635500 1.770038 -9.800000
v -2.225500 1.059897 -9.800000
v -1.815500 1.770038 -9.800000
v -2.225500 2.480179 -9.800000
v -3.045500 2.480179 -9.800000
v -3.455500 1.770038 -9.800000
v -3.045500 1.059897 -9.800000
v -2.225500 1.059897 -9.800000
vn 0.5000 -0.8660 -0.0000
vn 1.0000 -0.0000 -0.0000
vn 0.5000 0.8660 -0.0000
vn -0.5000 0.8660 -0.0000
vn -1.0000 -0.0000 -0.0000
vn -0.5000 -0.8660 -0.0000
vn -0.0000 -0.0000 1.0000
vn -0.0000 -0.0000 -1.0000
vt 0.000000 1.000000
vt 0.000000 0.000000
vt 0.166667 1.000000
vt 0.166667 0.000000
vt 0.333333 1.000000
vt 0.333333 0.000000
vt 0.500000 1.000000
vt 0.500000 0.000000
vt 0.666667 1.000000
vt 0.666667 0.000000
vt 0.833333 1.000000
vt 0.833333 0.000000
vt 1.000000 1.000000
vt 1.000000 0.000000
vt 1.000000 0.500000
vt 0.750000 0.933013
vt 0.500000 0.500000
vt 0.250000 0.933013
vt 0.000000 0.500000
vt 0.250000 0.066987
vt 0.750000 0.066987
s 1
usemtl foil_gold
f 3755/1745/1134 3762/1746/1134 3756/1747/1135
f 3762/1746/1134 3763/1748/1135 3756/1747/1135
f 3756/1747/1135 3763/1748/1135 3757/1749/1136
f 3763/1748/1135 3764/1750/1136 3757/1749/1136
f 3757/1749/1136 3764/1750/1136 3758/1751/1137
f 3764/1750/1136 3765/1752/1137 3758/1751/1137
f 3758/1751/1137 3765/1752/1137 3759/1753/1138
f 3765/1752/1137 3766/1754/1138 3759/1753/1138
f 3759/1753/1138 3766/1754/1138 3760/1755/1139
f 3766/1754/1138 3767/1756/1139 3760/1755/1139
f 3760/1755/1139 3767/1756/1139 3761/1757/1134
f 3767/1756/1139 3768/1758/1134 3761/1757/1134
f 3775/1759/1140 3776/1760/1140 3769/1761/1140
f 3776/1760/1140 3777/1762/1140 3770/1761/1140
f 3777/1762/1140 3778/1763/1140 3771/1761/1140
f 3778/1763/1140 3779/1764/1140 3772/1761/1140
f 3779/1764/1140 3780/1765/1140 3773/1761/1140
f 3780/1765/1140 3781/1759/1140 3774/1761/1140
f 3789/1765/1141 3788/1759/1141 3782/1761/1141
f 3790/1764/1141 3789/1765/1141 3783/1761/1141
f 3791/1763/1141 3790/1764/1141 3784/1761/1141
f 3792/1762/1141 3791/1763/1141 3785/1761/1141
f 3793/1760/1141 3792/1762/1141 3786/1761/1141
f 3794/1759/1141 3793/1760/1141 3787/1761/1141
o tank_cap_a_1
v 0.250000 6.770550 -10.500001
v 0.500000 6.337538 -10.500001
v 0.250000 5.904525 -10.500000
v -0.250000 5.904525 -10.500000
v -0.500000 6.337538 -10.500001
v -0.250000 6.770550 -10.500001
v 0.250000 6.770550 -10.500001
v 0.410000 7.047678 -9.800001
v 0.820000 6.337538 -9.800001
v 0.410000 5.627397 -9.800000
v -0.410000 5.627397 -9.800000
v -0.820000 6.337538 -9.800001
v -0.410000 7.047678 -9.800001
v 0.410000 7.047678 -9.800001
v 0.000000 6.337538 -10.500001
v 0.000000 6.337538 -10.500001
v 0.000000 6.337538 -10.500001
v 0.000000 6.337538 -10.500001
v 0.000000 6.337538 -10.500001
v 0.000000 6.337538 -10.500001
v 0.250000 6.770550 -10.500001
v 0.500000 6.337538 -10.500001
v 0.250000 5.904525 -10.500000
v -0.250000 5.904525 -10.500000
v -0.500000 6.337538 -10.500001
v -0.250000 6.770550 -10.500001
v 0.250000 6.770550 -10.500001
v 0.000000 6.337538 -9.800001
v 0.000000 6.337538 -9.800001
v 0.000000 6.337538 -9.800001
v 0.000000 6.337538 -9.800001
v 0.000000 6.337538 -9.800001
v 0.000000 6.337538 -9.800001
v 0.410000 7.047678 -9.800001
v 0.820000 6.337538 -9.800001
v 0.410000 5.627397 -9.800000
v -0.410000 5.627397 -9.800000
v -0.820000 6.337538 -9.800001
v -0.410000 7.047678 -9.800001
v 0.410000 7.047678 -9.800001
vn 0.4547 0.7876 -0.4157
vn 0.9095 -0.0000 -0.4158
vn 0.4547 -0.7876 -0.4158
vn -0.4547 -0.7876 -0.4158
vn -0.9095 -0.0000 -0.4158
vn -0.4547 0.7876 -0.4158
vn -0.0000 -0.0000 -1.0000
vn -0.0000 -0.0000 1.0000
vt 0.000000 1.000000
vt 0.000000 0.000000
vt 0.166667 1.000000
vt 0.166667 0.000000
vt 0.333333 1.000000
vt 0.333333 0.000000
vt 0.500000 1.000000
vt 0.500000 0.000000
vt 0.666667 1.000000
vt 0.666667 0.000000
vt 0.833333 1.000000
vt 0.833333 0.000000
vt 1.000000 1.000000
vt 1.000000 0.000000
vt 1.000000 0.500000
vt 0.750000 0.933013
vt 0.500000 0.500000
vt 0.250000 0.933013
vt 0.000000 0.500000
vt 0.250000 0.066987
vt 0.750000 0.066987
s 1
usemtl foil_gold
f 3795/1766/1142 3802/1767/1142 3796/1768/1143
f 3802/1767/1142 3803/1769/1143 3796/1768/1143
f 3796/1768/1143 3803/1769/1143 3797/1770/1144
f 3803/1769/1143 3804/1771/1144 3797/1770/1144
f 3797/1770/1144 3804/1771/1144 3798/1772/1145
f 3804/1771/1144 3805/1773/1145 3798/1772/1145
f 3798/1772/1145 3805/1773/1145 3799/1774/1146
f 3805/1773/1145 3806/1775/1146 3799/1774/1146
f 3799/1774/1146 3806/1775/1146 3800/1776/1147
f 3806/1775/1146 3807/1777/1147 3800/1776/1147
f 3800/1776/1147 3807/1777/1147 3801/1778/1142
f 3807/1777/1147 3808/1779/1142 3801/1778/1142
f 3815/1780/1148 3816/1781/1148 3809/1782/1148
f 3816/1781/1148 3817/1783/1148 3810/1782/1148
f 3817/1783/1148 3818/1784/1148 3811/1782/1148
f 3818/1784/1148 3819/1785/1148 3812/1782/1148
f 3819/1785/1148 3820/1786/1148 3813/1782/1148
f 3820/1786/1148 3821/1780/1148 3814/1782/1148
f 3829/1786/1149 3828/1780/1149 3822/1782/1149
f 3830/1785/1149 3829/1786/1149 3823/1782/1149
f 3831/1784/1149 3830/1785/1149 3824/1782/1149
f 3832/1783/1149 3831/1784/1149 3825/1782/1149
f 3833/1781/1149 3832/1783/1149 3826/1782/1149
f 3834/1780/1149 3833/1781/1149 3827/1782/1149
o tank_cap_a_2
v 2.885500 2.203051 -10.500000
v 3.135500 1.770038 -10.500000
v 2.885500 1.337025 -10.500000
v 2.385500 1.337025 -10.500000
v 2.135500 1.770038 -10.500000
v 2.385500 2.203051 -10.500000
v 2.885500 2.203051 -10.500000
v 3.045500 2.480179 -9.800000
v 3.455500 1.770038 -9.800000
v 3.045500 1.059897 -9.800000
v 2.225500 1.059897 -9.800000
v 1.815500 1.770038 -9.800000
v 2.225500 2.480179 -9.800000
v 3.045500 2.480179 -9.800000
v 2.635500 1.770038 -10.500000
v 2.635500 1.770038 -10.500000
v 2.635500 1.770038 -10.500000
v 2.635500 1.770038 -10.500000
v 2.635500 1.770038 -10.500000
v 2.635500 1.770038 -10.500000
v 2.885500 2.203051 -10.500000
v 3.135500 1.770038 -10.500000
v 2.885500 1.337025 -10.500000
v 2.385500 1.337025 -10.500000
v 2.135500 1.770038 -10.500000
v 2.385500 2.203051 -10.500000
v 2.885500 2.203051 -10.500000
v 2.635500 1.770038 -9.800000
v 2.635500 1.770038 -9.800000
v 2.635500 1.770038 -9.800000
v 2.635500 1.770038 -9.800000
v 2.635500 1.770038 -9.800000
v 2.635500 1.770038 -9.800000
v 3.045500 2.480179 -9.800000
v 3.455500 1.770038 -9.800000
v 3.045500 1.059897 -9.800000
v 2.225500 1.059897 -9.800000
v 1.815500 1.770038 -9.800000
v 2.225500 2.480179 -9.800000
v 3.045500 2.480179 -9.800000
vn 0.4547 0.7876 -0.4157
vn 0.9095 -0.0000 -0.4158
vn 0.4547 -0.7876 -0.4158
vn -0.4547 -0.7876 -0.4158
vn -0.9095 -0.0000 -0.4158
vn -0.4547 0.7876 -0.4158
vn -0.0000 -0.0000 -1.0000
vn -0.0000 -0.0000 1.0000
vt 0.000000 1.000000
vt 0.000000 0.000000
vt 0.166667 1.000000
vt 0.166667 0.000000
vt 0.333333 1.000000
vt 0.333333 0.000000
vt 0.500000 1.000000
vt 0.500000 0.000000
vt 0.666667 1.000000
vt 0.666667 0.000000
vt 0.833333 1.000000
vt 0.833333 0.000000
vt 1.000000 1.000000
vt 1.000000 0.000000
vt 1.000000 0.500000
vt 0.750000 0.933013
vt 0.500000 0.500000
vt 0.250000 0.933013
vt 0.000000 0.500000
vt 0.250000 0.066987
vt 0.750000 0.066987
s 1
usemtl foil_gold
f 3835/1787/1150 3842/1788/1150 3836/1789/1151
f 3842/1788/1150 3843/1790/1151 3836/1789/1151
f 3836/1789/1151 3843/1790/1151 3837/1791/1152
f 3843/1790/1151 3844/1792/1152 3837/1791/1152
f 3837/1791/1152 3844/1792/1152 3838/1793/1153
f 3844/1792/1152 3845/1794/1153 3838/1793/1153
f 3838/1793/1153 3845/1794/1153 3839/1795/1154
f 3845/1794/1153 3846/1796/1154 3839/1795/1154
f 3839/1795/1154 3846/1796/1154 3840/1797/1155
f 3846/1796/1154 3847/1798/1155 3840/1797/1155
f 3840/1797/1155 3847/1798/1155 3841/1799/1150
f 3847/1798/1155 3848/1800/1150 3841/1799/1150
f 3855/1801/1156 3856/1802/1156 3849/1803/1156
f 3856/1802/1156 3857/1804/1156 3850/1803/1156
f 3857/1804/1156 3858/1805/1156 3851/1803/1156
f 3858/1805/1156 3859/1806/1156 3852/1803/1156
f 3859/1806/1156 3860/1807/1156 3853/1803/1156
f 3860/1807/1156 3861/1801/1156 3854/1803/1156
f 3869/1807/1157 3868/1801/1157 3862/1803/1157
f 3870/1806/1157 3869/1807/1157 3863/1803/1157
f 3871/1805/1157 3870/1806/1157 3864/1803/1157
f 3872/1804/1157 3871/1805/1157 3865/1803/1157
f 3873/1802/1157 3872/1804/1157 3866/1803/1157
f 3874/1801/1157 3873/1802/1157 3867/1803/1157
o tank_cap_a_3
v -2.385500 2.203051 -10.500000
v -2.135500 1.770038 -10.500000
v -2.385500 1.337025 -10.500000
v -2.885500 1.337025 -10.500000
v -3.135500 1.770038 -10.500000
v -2.885500 2.203051 -10.500000
v -2.385500 2.203051 -10.500000
v -2.225500 2.480179 -9.800000
v -1.815500 1.770038 -9.800000
v -2.225500 1.059897 -9.800000
v -3.045500 1.059897 -9.800000
v -3.455500 1.770038 -9.800000
v -3.045500 2.480179 -9.800000
v -2.225500 2.480179 -9.800000
v -2.635500 1.770038 -10.500000
v -2.635500 1.770038 -10.500000
v -2.635500 1.770038 -10.500000
v -2.635500 1.770038 -10.500000
v -2.635500 1.770038 -10.500000
v -2.635500 1.770038 -10.500000
v -2.385500 2.203051 -10.500000
v -2.135500 1.770038 -10.500000
v -2.385500 1.337025 -10.500000
v -2.885500 1.337025 -10.500000
v -3.135500 1.770038 -10.500000
v -2.885500 2.203051 -10.500000
v -2.385500 2.203051 -10.500000
v -2.635500 1.770038 -9.800000
v -2.635500 1.770038 -9.800000
v -2.635500 1.770038 -9.800000
v -2.635500 1.770038 -9.800000
v -2.635500 1.770038 -9.800000
v -2.635500 1.770038 -9.800000
v -2.225500 2.480179 -9.800000
v -1.815500 1.770038 -9.800000
v -2.225500 1.059897 -9.800000
v -3.045500 1.059897 -9.800000
v -3.455500 1.770038 -9.800000
v -3.045500 2.480179 -9.800000
v -2.225500 2.480179 -9.800000
vn 0.4547 0.7876 -0.4157
vn 0.9095 -0.0000 -0.4158
vn 0.4547 -0.7876 -0.4158
vn -0.4547 -0.7876 -0.4158
vn -0.9095 -0.0000 -0.4158
vn -0.4547 0.7876 -0.4158
vn -0.0000 -0.0000 -1.0000
vn -0.0000 -0.0000 1.0000
vt 0.000000 1.000000
vt 0.000000 0.000000
vt 0.166667 1.000000
vt 0.166667 0.000000
vt 0.333333 1.000000
vt 0.333333 0.000000
vt 0.500000 1.000000
vt 0.500000 0.000000
vt 0.666667 1.000000
vt 0.666667 0.000000
vt 0.833333 1.000000
vt 0.833333 0.000000
vt 1.000000 1.000000
vt 1.000000 0.000000
vt 1.000000 0.500000
vt 0.750000 0.933013
vt 0.500000 0.500000
vt 0.250000 0.933013
vt 0.000000 0.500000
vt 0.250000 0.066987
vt 0.750000 0.066987
s 1
usemtl foil_gold
f 3875/1808/1158 3882/1809/1158 3876/1810/1159
f 3882/1809/1158 3883/1811/1159 3876/1810/1159
f 3876/1810/1159 3883/1811/1159 3877/1812/1160
f 3883/1811/1159 3884/1813/1160 3877/1812/1160
f 3877/1812/1160 3884/1813/1160 3878/1814/1161
f 3884/1813/1160 3885/1815/1161 3878/1814/1161
f 3878/1814/1161 3885/1815/1161 3879/1816/1162
f 3885/1815/1161 3886/1817/1162 3879/1816/1162
f 3879/1816/1162 3886/1817/1162 3880/1818/1163
f 3886/1817/1162 3887/1819/1163 3880/1818/1163
f 3880/1818/1163 3887/1819/1163 3881/1820/1158
f 3887/1819/1163 3888/1821/1158 3881/1820/1158
f 3895/1822/1164 3896/1823/1164 3889/1824/1164
f 3896/1823/1164 3897/1825/1164 3890/1824/1164
f 3897/1825/1164 3898/1826/1164 3891/1824/1164
f 3898/1826/1164 3899/1827/1164 3892/1824/1164
f 3899/1827/1164 3900/1828/1164 3893/1824/1164
f 3900/1828/1164 3901/1822/1164 3894/1824/1164
f 3909/1828/1165 3908/1822/1165 3902/1824/1165
f 3910/1827/1165 3909/1828/1165 3903/1824/1165
f 3911/1826/1165 3910/1827/1165 3904/1824/1165
f 3912/1825/1165 3911/1826/1165 3905/1824/1165
f 3913/1823/1165 3912/1825/1165 3906/1824/1165
f 3914/1822/1165 3913/1823/1165 3907/1824/1165
o tank_cap_f_1
v 0.410000 5.627398 -5.500000
v 0.820000 6.337538 -5.500000
v 0.410000 7.047679 -5.500000
v -0.410000 7.047679 -5.500000
v -0.820000 6.337538 -5.500000
v -0.410000 5.627398 -5.500000
v 0.410000 5.627398 -5.500000
v 0.250000 5.904525 -6.200000
v 0.500000 6.337538 -6.200000
v 0.250000 6.770551 -6.200000
v -0.250000 6.770551 -6.200000
v -0.500000 6.337538 -6.200000
v -0.250000 5.904525 -6.200000
v 0.250000 5.904525 -6.200000
v 0.000000 6.337538 -5.500000
v 0.000000 6.337538 -5.500000
v 0.000000 6.337538 -5.500000
v 0.000000 6.337538 -5.500000
v 0.000000 6.337538 -5.500000
v 0.000000 6.337538 -5.500000
v 0.410000 5.627398 -5.500000
v 0.820000 6.337538 -5.500000
v 0.410000 7.047679 -5.500000
v -0.410000 7.047679 -5.500000
v -0.820000 6.337538 -5.500000
v -0.410000 5.627398 -5.500000
v 0.410000 5.627398 -5.500000
v 0.000000 6.337538 -6.200000
v 0.000000 6.337538 -6.200000
v 0.000000 6.337538 -6.200000
v 0.000000 6.337538 -6.200000
v 0.000000 6.337538 -6.200000
v 0.000000 6.337538 -6.200000
v 0.250000 5.904525 -6.200000
v 0.500000 6.337538 -6.200000
v 0.250000 6.770551 -6.200000
v -0.250000 6.770551 -6.200000
v -0.500000 6.337538 -6.200000
v -0.250000 5.904525 -6.200000
v 0.250000 5.904525 -6.200000
vn 0.4547 -0.7876 -0.4157
vn 0.9095 -0.0000 -0.4158
vn 0.4547 0.7876 -0.4158
vn -0.4547 0.7876 -0.4158
vn -0.9095 -0.0000 -0.4158
vn -0.4547 -0.7876 -0.4158
vn -0.0000 -0.0000 1.0000
vn -0.0000 -0.0000 -1.0000
vt 0.000000 1.000000
vt 0.000000 0.000000
vt 0.166667 1.000000
vt 0.166667 0.000000
vt 0.333333 1.000000
vt 0.333333 0.000000
vt 0.500000 1.000000
vt 0.500000 0.000000
vt 0.666667 1.000000
vt 0.666667 0.000000
vt 0.833333 1.000000
vt 0.833333 0.000000
vt 1.000000 1.000000
vt 1.000000 0.000000
vt 1.000000 0.500000
vt 0.750000 0.933013
vt 0.500000 0.500000
vt 0.250000 0.933013
vt 0.000000 0.500000
vt 0.250000 0.066987
vt 0.750000 0.066987
s 1
usemtl foil_gold
f 3915/1829/1166 3922/1830/1166 3916/1831/1167
f 3922/1830/1166 3923/1832/1167 3916/1831/1167
f 3916/1831/1167 3923/1832/1167 3917/1833/1168
f 3923/1832/1167 3924/1834/1168 3917/1833/1168
f 3917/1833/1168 3924/1834/1168 3918/1835/1169
f 3924/1834/1168 3925/1836/1169 3918/1835/1169
f 3918/1835/1169 3925/1836/1169 3919/1837/1170
f 3925/1836/1169 3926/1838/1170 3919/1837/1170
f 3919/1837/1170 3926/1838/1170 3920/1839/1171
f 3926/1838/1170 3927/1840/1171 3920/1839/1171
f 3920/1839/1171 3927/1840/1171 3921/1841/1166
f 3927/1840/1171 3928/1842/1166 3921/1841/1166
f 3935/1843/1172 3936/1844/1172 3929/1845/1172
f 3936/1844/1172 3937/1846/1172 3930/1845/1172
f 3937/1846/1172 3938/1847/1172 3931/1845/1172
f 3938/1847/1172 3939/1848/1172 3932/1845/1172
f 3939/1848/1172 3940/1849/1172 3933/1845/1172
f 3940/1849/1172 3941/1843/1172 3934/1845/1172
f 3949/1849/1173 3948/1843/1173 3942/1845/1173
f 3950/1848/1173 3949/1849/1173 3943/1845/1173
f 3951/1847/1173 3950/1848/1173 3944/1845/1173
f 3952/1846/1173 3951/1847/1173 3945/1845/1173
f 3953/1844/1173 3952/1846/1173 3946/1845/1173
f 3954/1843/1173 3953/1844/1173 3947/1845/1173
o tank_cap_f_2
v 3.045500 1.059897 -5.500000
v 3.455500 1.770038 -5.500000
v 3.045500 2.480179 -5.500000
v 2.225500 2.480179 -5.500000
v 1.815500 1.770038 -5.500000
v 2.225500 1.059897 -5.500000
v 3.045500 1.059897 -5.500000
v 2.885500 1.337026 -6.200000
v 3.135500 1.770038 -6.200000
v 2.885500 2.203051 -6.200000
v 2.385500 2.203051 -6.200000
v 2.135500 1.770038 -6.200000
v 2.385500 1.337026 -6.200000
v 2.885500 1.337026 -6.200000
v 2.635500 1.770038 -5.500000
v 2.635500 1.770038 -5.500000
v 2.635500 1.770038 -5.500000
v 2.635500 1.770038 -5.500000
v 2.635500 1.770038 -5.500000
v 2.635500 1.770038 -5.500000
v 3.045500 1.059897 -5.500000
v 3.455500 1.770038 -5.500000
v 3.045500 2.480179 -5.500000
v 2.225500 2.480179 -5.500000
v 1.815500 1.770038 -5.500000
v 2.225500 1.059897 -5.500000
v 3.045500 1.059897 -5.500000
v 2.635500 1.770038 -6.200000
v 2.635500 1.770038 -6.200000
v 2.635500 1.770038 -6.200000
v 2.635500 1.770038 -6.200000
v 2.635500 1.770038 -6.200000
v 2.635500 1.770038 -6.200000
v 2.885500 1.337026 -6.200000
v 3.135500 1.770038 -6.200000
v 2.885500 2.203051 -6.200000
v 2.385500 2.203051 -6.200000
v 2.135500 1.770038 -6.200000
v 2.385500 1.337026 -6.200000
v 2.885500 1.337026 -6.200000
vn 0.4547 -0.7876 -0.4157
vn 0.9095 -0.0000 -0.4158
vn 0.4547 0.7876 -0.4158
vn -0.4547 0.7876 -0.4158
vn -0.9095 -0.0000 -0.4158
vn -0.4547 -0.7876 -0.4158
vn -0.0000 -0.0000 1.0000
vn -0.0000 -0.0000 -1.0000
vt 0.000000 1.000000
vt 0.000000 0.000000
vt 0.166667 1.000000
vt 0.166667 0.000000
vt 0.333333 1.000000
vt 0.333333 0.000000
vt 0.500000 1.000000
vt 0.500000 0.000000
vt 0.666667 1.000000
vt 0.666667 0.000000
vt 0.833333 1.000000
vt 0.833333 0.000000
vt 1.000000 1.000000
vt 1.000000 0.000000
vt 1.000000 0.500000
vt 0.750000 0.933013
vt 0.500000 0.500000
vt 0.250000 0.933013
vt 0.000000 0.500000
vt 0.250000 0.066987
vt 0.750000 0.066987
s 1
usemtl foil_gold
f 3955/1850/1174 3962/1851/1174 3956/1852/1175
f 3962/1851/1174 3963/1853/1175 3956/1852/1175
f 3956/1852/1175 3963/1853/1175 3957/1854/1176
f 3963/1853/1175 3964/1855/1176 3957/1854/1176
f 3957/1854/1176 3964/1855/1176 3958/1856/1177
f 3964/1855/1176 3965/1857/1177 3958/1856/1177
f 3958/1856/1177 3965/1857/1177 3959/1858/1178
f 3965/1857/1177 3966/1859/1178 3959/1858/1178
f 3959/1858/1178 3966/1859/1178 3960/1860/1179
f 3966/1859/1178 3967/1861/1179 3960/1860/1179
f 3960/1860/1179 3967/1861/1179 3961/1862/1174
f 3967/1861/1179 3968/1863/1174 3961/1862/1174
f 3975/1864/1180 3976/1865/1180 3969/1866/1180
f 3976/1865/1180 3977/1867/1180 3970/1866/1180
f 3977/1867/1180 3978/1868/1180 3971/1866/1180
f 3978/1868/1180 3979/1869/1180 3972/1866/1180
f 3979/1869/1180 3980/1870/1180 3973/1866/1180
f 3980/1870/1180 3981/1864/1180 3974/1866/1180
f 3989/1870/1181 3988/1864/1181 3982/1866/1181
f 3990/1869/1181 3989/1870/1181 3983/1866/1181
f 3991/1868/1181 3990/1869/1181 3984/1866/1181
f 3992/1867/1181 3991/1868/1181 3985/1866/1181
f 3993/1865/1181 3992/1867/1181 3986/1866/1181
f 3994/1864/1181 3993/1865/1181 3987/1866/1181
o tank_cap_f_3
v -2.225500 1.059897 -5.500000
v -1.815500 1.770038 -5.500000
v -2.225500 2.480179 -5.500000
v -3.045500 2.480179 -5.500000
v -3.455500 1.770038 -5.500000
v -3.045500 1.059897 -5.500000
v -2.225500 1.059897 -5.500000
v -2.385500 1.337026 -6.200000
v -2.135500 1.770038 -6.200000
v -2.385500 2.203051 -6.200000
v -2.885500 2.203051 -6.200000
v -3.135500 1.770038 -6.200000
v -2.885500 1.337026 -6.200000
v -2.385500 1.337026 -6.200000
v -2.635500 1.770038 -5.500000
v -2.635500 1.770038 -5.500000
v -2.635500 1.770038 -5.500000
v -2.635500 1.770038 -5.500000
v -2.635500 1.770038 -5.500000
v -2.635500 1.770038 -5.500000
v -2.225500 1.059897 -5.500000
v -1.815500 1.770038 -5.500000
v -2.225500 2.480179 -5.500000
v -3.045500 2.480179 -5.500000
v -3.455500 1.770038 -5.500000
v -3.045500 1.059897 -5.500000
v -2.225500 1.059897 -5.500000
v -2.635500 1.770038 -6.200000
v -2.635500 1.770038 -6.200000
v -2.635500 1.770038 -6.200000
v -2.635500 1.770038 -6.200000
v -2.635500 1.770038 -6.200000
v -2.635500 1.770038 -6.200000
v -2.385500 1.337026 -6.200000
v -2.135500 1.770038 -6.200000
v -2.385500 2.203051 -6.200000
v -2.885500 2.203051 -6.200000
v -3.135500 1.770038 -6.200000
v -2.885500 1.337026 -6.200000
v -2.385500 1.337026 -6.200000
vn 0.4547 -0.7876 -0.4157
vn 0.9095 -0.0000 -0.4158
vn 0.4547 0.7876 -0.4158
vn -0.4547 0.7876 -0.4158
vn -0.9095 -0.0000 -0.4158
vn -0.4547 -0.7876 -0.4158
vn -0.0000 -0.0000 1.0000
vn -0.0000 -0.0000 -1.0000
vt 0.000000 1.000000
vt 0.000000 0.000000
vt 0.166667 1.000000
vt 0.166667 0.000000
vt 0.333333 1.000000
vt 0.333333 0.000000
vt 0.500000 1.000000
vt 0.500000 0.000000
vt 0.666667 1.000000
vt 0.666667 0.000000
vt 0.833333 1.000000
vt 0.833333 0.000000
vt 1.000000 1.000000
vt 1.000000 0.000000
vt 1.000000 0.500000
vt 0.750000 0.933013
vt 0.500000 0.500000
vt 0.250000 0.933013
vt 0.000000 0.500000
vt 0.250000 0.066987
vt 0.750000 0.066987
s 1
usemtl foil_gold
f 3995/1871/1182 4002/1872/1182 3996/1873/1183
f 4002/1872/1182 4003/1874/1183 3996/1873/1183
f 3996/1873/1183 4003/1874/1183 3997/1875/1184
f 4003/1874/1183 4004/1876/1184 3997/1875/1184
f 3997/1875/1184 4004/1876/1184 3998/1877/1185
f 4004/1876/1184 4005/1878/1185 3998/1877/1185
f 3998/1877/1185 4005/1878/1185 3999/1879/1186
f 4005/1878/1185 4006/1880/1186 3999/1879/1186
f 3999/1879/1186 4006/1880/1186 4000/1881/1187
f 4006/1880/1186 4007/1882/1187 4000/1881/1187
f 4000/1881/1187 4007/1882/1187 4001/1883/1182
f 4007/1882/1187 4008/1884/1182 4001/1883/1182
f 4015/1885/1188 4016/1886/1188 4009/1887/1188
f 4016/1886/1188 4017/1888/1188 4010/1887/1188
f 4017/1888/1188 4018/1889/1188 4011/1887/1188
f 4018/1889/1188 4019/1890/1188 4012/1887/1188
f 4019/1890/1188 4020/1891/1188 4013/1887/1188
f 4020/1891/1188 4021/1885/1188 4014/1887/1188
f 4029/1891/1189 4028/1885/1189 4022/1887/1189
f 4030/1890/1189 4029/1891/1189 4023/1887/1189
f 4031/1889/1189 4030/1890/1189 4024/1887/1189
f 4032/1888/1189 4031/1889/1189 4025/1887/1189
f 4033/1886/1189 4032/1888/1189 4026/1887/1189
f 4034/1885/1189 4033/1886/1189 4027/1887/1189
o tank_strap_1
v 0.430000 5.592756 -7.850000
v 0.860000 6.337538 -7.850000
v 0.430000 7.082320 -7.850000
v -0.430000 7.082320 -7.850000
v -0.860000 6.337538 -7.850000
v -0.430000 5.592756 -7.850000
v 0.430000 5.592756 -7.850000
v 0.430000 5.592756 -8.150000
v 0.860000 6.337538 -8.150001
v 0.430000 7.082320 -8.150001
v -0.430000 7.082320 -8.150001
v -0.860000 6.337538 -8.150001
v -0.430000 5.592756 -8.150000
v 0.430000 5.592756 -8.150000
v 0.000000 6.337538 -7.850000
v 0.000000 6.337538 -7.850000
v 0.000000 6.337538 -7.850000
v 0.000000 6.337538 -7.850000
v 0.000000 6.337538 -7.850000
v 0.000000 6.337538 -7.850000
v 0.430000 5.592756 -7.850000
v 0.860000 6.337538 -7.850000
v 0.430000 7.082320 -7.850000
v -0.430000 7.082320 -7.850000
v -0.860000 6.337538 -7.850000
v -0.430000 5.592756 -7.850000
v 0.430000 5.592756 -7.850000
v 0.000000 6.337538 -8.150001
v 0.000000 6.337538 -8.150001
v 0.000000 6.337538 -8.150001
v 0.000000 6.337538 -8.150001
v 0.000000 6.337538 -8.150001
v 0.000000 6.337538 -8.150001
v 0.430000 5.592756 -8.150000
v 0.860000 6.337538 -8.150001
v 0.430000 7.082320 -8.150001
v -0.430000 7.082320 -8.150001
v -0.860000 6.337538 -8.150001
v -0.430000 5.592756 -8.150000
v 0.430000 5.592756 -8.150000
vn 0.5000 -0.8660 -0.0000
vn 1.0000 -0.0000 -0.0000
vn 0.5000 0.8660 -0.0000
vn -0.5000 0.8660 -0.0000
vn -1.0000 -0.0000 -0.0000
vn -0.5000 -0.8660 -0.0000
vn -0.0000 -0.0000 1.0000
vn -0.0000 -0.0000 -1.0000
vt 0.000000 1.000000
vt 0.000000 0.000000
vt 0.166667 1.000000
vt 0.166667 0.000000
vt 0.333333 1.000000
vt 0.333333 0.000000
vt 0.500000 1.000000
vt 0.500000 0.000000
vt 0.666667 1.000000
vt 0.666667 0.000000
vt 0.833333 1.000000
vt 0.833333 0.000000
vt 1.000000 1.000000
vt 1.000000 0.000000
vt 1.000000 0.500000
vt 0.750000 0.933013
vt 0.500000 0.500000
vt 0.250000 0.933013
vt 0.000000 0.500000
vt 0.250000 0.066987
vt 0.750000 0.066987
s 1
usemtl panel_dark
f 4035/1892/1190 4042/1893/1190 4036/1894/1191
f 4042/1893/1190 4043/1895/1191 4036/1894/1191
f 4036/1894/1191 4043/1895/1191 4037/1896/1192
f 4043/1895/1191 4044/1897/1192 4037/1896/1192
f 4037/1896/1192 4044/1897/1192 4038/1898/1193
f 4044/1897/1192 4045/1899/1193 4038/1898/1193
f 4038/1898/1193 4045/1899/1193 4039/1900/1194
f 4045/1899/1193 4046/1901/1194 4039/1900/1194
f 4039/1900/1194 4046/1901/1194 4040/1902/1195
f 4046/1901/1194 4047/1903/1195 4040/1902/1195
f 4040/1902/1195 4047/1903/1195 4041/1904/1190
f 4047/1903/1195 4048/1905/1190 4041/1904/1190
f 4055/1906/1196 4056/1907/1196 4049/1908/1196
f 4056/1907/1196 4057/1909/1196 4050/1908/1196
f 4057/1909/1196 4058/1910/1196 4051/1908/1196
f 4058/1910/1196 4059/1911/1196 4052/1908/1196
f 4059/1911/1196 4060/1912/1196 4053/1908/1196
f 4060/1912/1196 4061/1906/1196 4054/1908/1196
f 4069/1912/1197 4068/1906/1197 4062/1908/1197
f 4070/1911/1197 4069/1912/1197 4063/1908/1197
f 4071/1910/1197 4070/1911/1197 4064/1908/1197
f 4072/1909/1197 4071/1910/1197 4065/1908/1197
f 4073/1907/1197 4072/1909/1197 4066/1908/1197
f 4074/1906/1197 4073/1907/1197 4067/1908/1197
o tank_strap_2
v 3.065500 1.025256 -7.850000
v 3.495500 1.770038 -7.850000
v 3.065500 2.514820 -7.850000
v 2.205500 2.514820 -7.850000
v 1.775500 1.770038 -7.850000
v 2.205500 1.025256 -7.850000
v 3.065500 1.025256 -7.850000
v 3.065500 1.025256 -8.150000
v 3.495500 1.770038 -8.150000
v 3.065500 2.514820 -8.150000
v 2.205500 2.514820 -8.150000
v 1.775500 1.770038 -8.150000
v 2.205500 1.025256 -8.150000
v 3.065500 1.025256 -8.150000
v 2.635500 1.770038 -7.850000
v 2.635500 1.770038 -7.850000
v 2.635500 1.770038 -7.850000
v 2.635500 1.770038 -7.850000
v 2.635500 1.770038 -7.850000
v 2.635500 1.770038 -7.850000
v 3.065500 1.025256 -7.850000
v 3.495500 1.770038 -7.850000
v 3.065500 2.514820 -7.850000
v 2.205500 2.514820 -7.850000
v 1.775500 1.770038 -7.850000
v 2.205500 1.025256 -7.850000
v 3.065500 1.025256 -7.850000
v 2.635500 1.770038 -8.150000
v 2.635500 1.770038 -8.150000
v 2.635500 1.770038 -8.150000
v 2.635500 1.770038 -8.150000
v 2.635500 1.770038 -8.150000
v 2.635500 1.770038 -8.150000
v 3.065500 1.025256 -8.150000
v 3.495500 1.770038 -8.150000
v 3.065500 2.514820 -8.150000
v 2.205500 2.514820 -8.150000
v 1.775500 1.770038 -8.150000
v 2.205500 1.025256 -8.150000
v 3.065500 1.025256 -8.150000
vn 0.5000 -0.8660 -0.0000
vn 1.0000 -0.0000 -0.0000
vn 0.5000 0.8660 -0.0000
vn -0.5000 0.8660 -0.0000
vn -1.0000 -0.0000 -0.0000
vn -0.5000 -0.8660 -0.0000
vn -0.0000 -0.0000 1.0000
vn -0.0000 -0.0000 -1.0000
vt 0.000000 1.000000
vt 0.000000 0.000000
vt 0.166667 1.000000
vt 0.166667 0.000000
vt 0.333333 1.000000
vt 0.333333 0.000000
vt 0.500000 1.000000
vt 0.500000 0.000000
vt 0.666667 1.000000
vt 0.666667 0.000000
vt 0.833333 1.000000
vt 0.833333 0.000000
vt 1.000000 1.000000
vt 1.000000 0.000000
vt 1.000000 0.500000
vt 0.750000 0.933013
vt 0.500000 0.500000
vt 0.250000 0.933013
vt 0.000000 0.500000
vt 0.250000 0.066987
vt 0.750000 0.066987
s 1
usemtl panel_dark
f 4075/1913/1198 4082/1914/1198 4076/1915/1199
f 4082/1914/1198 4083/1916/1199 4076/1915/1199
f 4076/1915/1199 4083/1916/1199 4077/1917/1200
f 4083/1916/1199 4084/1918/1200 4077/1917/1200
f 4077/1917/1200 4084/1918/1200 4078/1919/1201
f 4084/1918/1200 4085/1920/1201 4078/1919/1201
f 4078/1919/1201 4085/1920/1201 4079/1921/1202
f 4085/1920/1201 4086/1922/1202 4079/1921/1202
f 4079/1921/1202 4086/1922/1202 4080/1923/1203
f 4086/1922/1202 4087/1924/1203 4080/1923/1203
f 4080/1923/1203 4087/1924/1203 4081/1925/1198
f 4087/1924/1203 4088/1926/1198 4081/1925/1198
f 4095/1927/1204 4096/1928/1204 4089/1929/1204
f 4096/1928/1204 4097/1930/1204 4090/1929/1204
f 4097/1930/1204 4098/1931/1204 4091/1929/1204
f 4098/1931/1204 4099/1932/1204 4092/1929/1204
f 4099/1932/1204 4100/1933/1204 4093/1929/1204
f 4100/1933/1204 4101/1927/1204 4094/1929/1204
f 4109/1933/1205 4108/1927/1205 4102/1929/1205
f 4110/1932/1205 4109/1933/1205 4103/1929/1205
f 4111/1931/1205 4110/1932/1205 4104/1929/1205
f 4112/1930/1205 4111/1931/1205 4105/1929/1205
f 4113/1928/1205 4112/1930/1205 4106/1929/1205
f 4114/1927/1205 4113/1928/1205 4107/1929/1205
o tank_strap_3
v -2.205500 1.025256 -7.850000
v -1.775500 1.770038 -7.850000
v -2.205500 2.514820 -7.850000
v -3.065500 2.514820 -7.850000
v -3.495500 1.770038 -7.850000
v -3.065500 1.025256 -7.850000
v -2.205500 1.025256 -7.850000
v -2.205500 1.025256 -8.150000
v -1.775500 1.770038 -8.150000
v -2.205500 2.514820 -8.150000
v -3.065500 2.514820 -8.150000
v -3.495500 1.770038 -8.150000
v -3.065500 1.025256 -8.150000
v -2.205500 1.025256 -8.150000
v -2.635500 1.770038 -7.850000
v -2.635500 1.770038 -7.850000
v -2.635500 1.770038 -7.850000
v -2.635500 1.770038 -7.850000
v -2.635500 1.770038 -7.850000
v -2.635500 1.770038 -7.850000
v -2.205500 1.025256 -7.850000
v -1.775500 1.770038 -7.850000
v -2.205500 2.514820 -7.850000
v -3.065500 2.514820 -7.850000
v -3.495500 1.770038 -7.850000
v -3.065500 1.025256 -7.850000
v -2.205500 1.025256 -7.850000
v -2.635500 1.770038 -8.150000
v -2.635500 1.770038 -8.150000
v -2.635500 1.770038 -8.150000
v -2.635500 1.770038 -8.150000
v -2.635500 1.770038 -8.150000
v -2.635500 1.770038 -8.150000
v -2.205500 1.025256 -8.150000
v -1.775500 1.770038 -8.150000
v -2.205500 2.514820 -8.150000
v -3.065500 2.514820 -8.150000
v -3.495500 1.770038 -8.150000
v -3.065500 1.025256 -8.150000
v -2.205500 1.025256 -8.150000
vn 0.5000 -0.8660 -0.0000
vn 1.0000 -0.0000 -0.0000
vn 0.5000 0.8660 -0.0000
vn -0.5000 0.8660 -0.0000
vn -1.0000 -0.0000 -0.0000
vn -0.5000 -0.8660 -0.0000
vn -0.0000 -0.0000 1.0000
vn -0.0000 -0.0000 -1.0000
vt 0.000000 1.000000
vt 0.000000 0.000000
vt 0.166667 1.000000
vt 0.166667 0.000000
vt 0.333333 1.000000
vt 0.333333 0.000000
vt 0.500000 1.000000
vt 0.500000 0.000000
vt 0.666667 1.000000
vt 0.666667 0.000000
vt 0.833333 1.000000
vt 0.833333 0.000000
vt 1.000000 1.000000
vt 1.000000 0.000000
vt 1.000000 0.500000
vt 0.750000 0.933013
vt 0.500000 0.500000
vt 0.250000 0.933013
vt 0.000000 0.500000
vt 0.250000 0.066987
vt 0.750000 0.066987
s 1
usemtl panel_dark
f 4115/1934/1206 4122/1935/1206 4116/1936/1207
f 4122/1935/1206 4123/1937/1207 4116/1936/1207
f 4116/1936/1207 4123/1937/1207 4117/1938/1208
f 4123/1937/1207 4124/1939/1208 4117/1938/1208
f 4117/1938/1208 4124/1939/1208 4118/1940/1209
f 4124/1939/1208 4125/1941/1209 4118/1940/1209
f 4118/1940/1209 4125/1941/1209 4119/1942/1210
f 4125/1941/1209 4126/1943/1210 4119/1942/1210
f 4119/1942/1210 4126/1943/1210 4120/1944/1211
f 4126/1943/1210 4127/1945/1211 4120/1944/1211
f 4120/1944/1211 4127/1945/1211 4121/1946/1206
f 4127/1945/1211 4128/1947/1206 4121/1946/1206
f 4135/1948/1212 4136/1949/1212 4129/1950/1212
f 4136/1949/1212 4137/1951/1212 4130/1950/1212
f 4137/1951/1212 4138/1952/1212 4131/1950/1212
f 4138/1952/1212 4139/1953/1212 4132/1950/1212
f 4139/1953/1212 4140/1954/1212 4133/1950/1212
f 4140/1954/1212 4141/1948/1212 4134/1950/1212
f 4149/1954/1213 4148/1948/1213 4142/1950/1213
f 4150/1953/1213 4149/1954/1213 4143/1950/1213
f 4151/1952/1213 4150/1953/1213 4144/1950/1213
f 4152/1951/1213 4151/1952/1213 4145/1950/1213
f 4153/1949/1213 4152/1951/1213 4146/1950/1213
f 4154/1948/1213 4153/1949/1213 4147/1950/1213
o throat_1
v 0.000000 4.002538 -12.280000
v 0.240416 4.102121 -12.280000
v 0.340000 4.342538 -12.280000
v 0.240416 4.582954 -12.280000
v 0.000000 4.682538 -12.280000
v -0.240416 4.582954 -12.280000
v -0.340000 4.342538 -12.280000
v -0.240416 4.102121 -12.280000
v -0.000000 4.002538 -12.280000
v 0.000000 4.042538 -12.780000
v 0.212132 4.130405 -12.780000
v 0.300000 4.342538 -12.780000
v 0.212132 4.554670 -12.780000
v 0.000000 4.642538 -12.780000
v -0.212132 4.554670 -12.780000
v -0.300000 4.342538 -12.780000
v -0.212132 4.130405 -12.780000
v -0.000000 4.042538 -12.780000
v 0.000000 4.342538 -12.280000
v 0.000000 4.342538 -12.280000
v 0.000000 4.342538 -12.280000
v 0.000000 4.342538 -12.280000
v 0.000000 4.342538 -12.280000
v 0.000000 4.342538 -12.280000
v 0.000000 4.342538 -12.280000
v 0.000000 4.342538 -12.280000
v 0.000000 4.002538 -12.280000
v 0.240416 4.102121 -12.280000
v 0.340000 4.342538 -12.280000
v 0.240416 4.582954 -12.280000
v 0.000000 4.682538 -12.280000
v -0.240416 4.582954 -12.280000
v -0.340000 4.342538 -12.280000
v -0.240416 4.102121 -12.280000
v -0.000000 4.002538 -12.280000
v 0.000000 4.342538 -12.780000
v 0.000000 4.342538 -12.780000
v 0.000000 4.342538 -12.780000
v 0.000000 4.342538 -12.780000
v 0.000000 4.342538 -12.780000
v 0.000000 4.342538 -12.780000
v 0.000000 4.342538 -12.780000
v 0.000000 4.342538 -12.780000
v 0.000000 4.042538 -12.780000
v 0.212132 4.130405 -12.780000
v 0.300000 4.342538 -12.780000
v 0.212132 4.554670 -12.780000
v 0.000000 4.642538 -12.780000
v -0.212132 4.554670 -12.780000
v -0.300000 4.342538 -12.780000
v -0.212132 4.130405 -12.780000
v -0.000000 4.042538 -12.780000
vn -0.0000 -0.9968 -0.0798
vn 0.7049 -0.7048 -0.0797
vn 0.7049 -0.7049 -0.0797
vn 0.9968 -0.0000 -0.0797
vn 0.7048 0.7049 -0.0797
vn 0.7049 0.7049 -0.0797
vn -0.0000 0.9968 -0.0797
vn -0.7049 0.7048 -0.0797
vn -0.7049 0.7049 -0.0797
vn -0.9968 -0.0000 -0.0797
vn -0.7048 -0.7049 -0.0797
vn -0.7049 -0.7049 -0.0797
vn -0.0000 -0.9968 -0.0797
vn -0.0000 -0.0000 1.0000
vn -0.0000 -0.0000 -1.0000
vt 0.000000 1.000000
vt 0.000000 0.000000
vt 0.125000 1.000000
vt 0.125000 0.000000
vt 0.250000 1.000000
vt 0.250000 0.000000
vt 0.375000 1.000000
vt 0.375000 0.000000
vt 0.500000 1.000000
vt 0.500000 0.000000
vt 0.625000 1.000000
vt 0.625000 0.000000
vt 0.750000 1.000000
vt 0.750000 0.000000
vt 0.875000 1.000000
vt 0.875000 0.000000
vt 1.000000 1.000000
vt 1.000000 0.000000
vt 1.000000 0.500000
vt 0.853553 0.853553
vt 0.500000 0.500000
vt 0.146447 0.853553
vt 0.000000 0.500000
vt 0.146447 0.146447
vt 0.853553 0.146447
s 1
usemtl nozzle_steel
f 4155/1955/1214 4164/1956/1214 4156/1957/1215
f 4164/1956/1214 4165/1958/1216 4156/1957/1215
f 4156/1957/1215 4165/1958/1216 4157/1959/1217
f 4165/1958/1216 4166/1960/1217 4157/1959/1217
f 4157/1959/1217 4166/1960/1217 4158/1961/1218
f 4166/1960/1217 4167/1962/1219 4158/1961/1218
f 4158/1961/1218 4167/1962/1219 4159/1963/1220
f 4167/1962/1219 4168/1964/1220 4159/1963/1220
f 4159/1963/1220 4168/1964/1220 4160/1965/1221
f 4168/1964/1220 4169/1966/1222 4160/1965/1221
f 4160/1965/1221 4169/1966/1222 4161/1967/1223
f 4169/1966/1222 4170/1968/1223 4161/1967/1223
f 4161/1967/1223 4170/1968/1223 4162/1969/1224
f 4170/1968/1223 4171/1970/1225 4162/1969/1224
f 4162/1969/1224 4171/1970/1225 4163/1971/1226
f 4171/1970/1225 4172/1972/1226 4163/1971/1226
f 4181/1973/1227 4182/1974/1227 4173/1975/1227
f 4182/1974/1227 4183/1963/1227 4174/1975/1227
f 4183/1963/1227 4184/1976/1227 4175/1975/1227
f 4184/1976/1227 4185/1977/1227 4176/1975/1227
f 4185/1977/1227 4186/1978/1227 4177/1975/1227
f 4186/1978/1227 4187/1964/1227 4178/1975/1227
f 4187/1964/1227 4188/1979/1227 4179/1975/1227
f 4188/1979/1227 4189/1973/1227 4180/1975/1227
f 4199/1979/1228 4198/1973/1228 4190/1975/1228
f 4200/1964/1228 4199/1979/1228 4191/1975/1228
f 4201/1978/1228 4200/1964/1228 4192/1975/1228
f 4202/1977/1228 4201/1978/1228 4193/1975/1228
f 4203/1976/1228 4202/1977/1228 4194/1975/1228
f 4204/1963/1228 4203/1976/1228 4195/1975/1228
f 4205/1974/1228 4204/1963/1228 4196/1975/1228
f 4206/1973/1228 4205/1974/1228 4197/1975/1228
o throat_2
v -0.950000 2.332538 -12.280000
v -0.709584 2.432121 -12.280000
v -0.610000 2.672538 -12.280000
v -0.709584 2.912954 -12.280000
v -0.950000 3.012538 -12.280000
v -1.190416 2.912954 -12.280000
v -1.290000 2.672538 -12.280000
v -1.190416 2.432121 -12.280000
v -0.950000 2.332538 -12.280000
v -0.950000 2.372538 -12.780000
v -0.737868 2.460406 -12.780000
v -0.650000 2.672538 -12.780000
v -0.737868 2.884670 -12.780000
v -0.950000 2.972538 -12.780000
v -1.162132 2.884670 -12.780000
v -1.250000 2.672538 -12.780000
v -1.162132 2.460406 -12.780000
v -0.950000 2.372538 -12.780000
v -0.950000 2.672538 -12.280000
v -0.950000 2.672538 -12.280000
v -0.950000 2.672538 -12.280000
v -0.950000 2.672538 -12.280000
v -0.950000 2.672538 -12.280000
v -0.950000 2.672538 -12.280000
v -0.950000 2.672538 -12.280000
v -0.950000 2.672538 -12.280000
v -0.950000 2.332538 -12.280000
v -0.709584 2.432121 -12.280000
v -0.610000 2.672538 -12.280000
v -0.709584 2.912954 -12.280000
v -0.950000 3.012538 -12.280000
v -1.190416 2.912954 -12.280000
v -1.290000 2.672538 -12.280000
v -1.190416 2.432121 -12.280000
v -0.950000 2.332538 -12.280000
v -0.950000 2.672538 -12.780000
v -0.950000 2.672538 -12.780000
v -0.950000 2.672538 -12.780000
v -0.950000 2.672538 -12.780000
v -0.950000 2.672538 -12.780000
v -0.950000 2.672538 -12.780000
v -0.950000 2.672538 -12.780000
v -0.950000 2.672538 -12.780000
v -0.950000 2.372538 -12.780000
v -0.737868 2.460406 -12.780000
v -0.650000 2.672538 -12.780000
v -0.737868 2.884670 -12.780000
v -0.950000 2.972538 -12.780000
v -1.162132 2.884670 -12.780000
v -1.250000 2.672538 -12.780000
v -1.162132 2.460406 -12.780000
v -0.950000 2.372538 -12.780000
vn -0.0000 -0.9968 -0.0798
vn 0.7049 -0.7048 -0.0797
vn 0.7049 -0.7049 -0.0797
vn 0.9968 -0.0000 -0.0797
vn 0.7048 0.7049 -0.0797
vn 0.7049 0.7049 -0.0797
vn -0.0000 0.9968 -0.0797
vn -0.7049 0.7048 -0.0797
vn -0.7049 0.7049 -0.0797
vn -0.9968 -0.0000 -0.0797
vn -0.7048 -0.7049 -0.0797
vn -0.7049 -0.7049 -0.0797
vn -0.0000 -0.9968 -0.0797
vn -0.0000 -0.0000 1.0000
vn -0.0000 -0.0000 -1.0000
vt 0.000000 1.000000
vt 0.000000 0.000000
vt 0.125000 1.000000
vt 0.125000 0.000000
vt 0.250000 1.000000
vt 0.250000 0.000000
vt 0.375000 1.000000
vt 0.375000 0.000000
vt 0.500000 1.000000
vt 0.500000 0.000000
vt 0.625000 1.000000
vt 0.625000 0.000000
vt 0.750000 1.000000
vt 0.750000 0.000000
vt 0.875000 1.000000
vt 0.875000 0.000000
vt 1.000000 1.000000
vt 1.000000 0.000000
vt 1.000000 0.500000
vt 0.853553 0.853553
vt 0.500000 0.500000
vt 0.146447 0.853553
vt 0.000000 0.500000
vt 0.146447 0.146447
vt 0.853553 0.146447
s 1
usemtl nozzle_steel
f 4207/1980/1229 4216/1981/1229 4208/1982/1230
f 4216/1981/1229 4217/1983/1231 4208/1982/1230
f 4208/1982/1230 4217/1983/1231 4209/1984/1232
f 4217/1983/1231 4218/1985/1232 4209/1984/1232
f 4209/1984/1232 4218/1985/1232 4210/1986/1233
f 4218/1985/1232 4219/1987/1234 4210/1986/1233
f 4210/1986/1233 4219/1987/1234 4211/1988/1235
f 4219/1987/1234 4220/1989/1235 4211/1988/1235
f 4211/1988/1235 4220/1989/1235 4212/1990/1236
f 4220/1989/1235 4221/1991/1237 4212/1990/1236
f 4212/1990/1236 4221/1991/1237 4213/1992/1238
f 4221/1991/1237 4222/1993/1238 4213/1992/1238
f 4213/1992/1238 4222/1993/1238 4214/1994/1239
f 4222/1993/1238 4223/1995/1240 4214/1994/1239
f 4214/1994/1239 4223/1995/1240 4215/1996/1241
f 4223/1995/1240 4224/1997/1241 4215/1996/1241
f 4233/1998/1242 4234/1999/1242 4225/2000/1242
f 4234/1999/1242 4235/1988/1242 4226/2000/1242
f 4235/1988/1242 4236/2001/1242 4227/2000/1242
f 4236/2001/1242 4237/2002/1242 4228/2000/1242
f 4237/2002/1242 4238/2003/1242 4229/2000/1242
f 4238/2003/1242 4239/1989/1242 4230/2000/1242
f 4239/1989/1242 4240/2004/1242 4231/2000/1242
f 4240/2004/1242 4241/1998/1242 4232/2000/1242
f 4251/2004/1243 4250/1998/1243 4242/2000/1243
f 4252/1989/1243 4251/2004/1243 4243/2000/1243
f 4253/2003/1243 4252/1989/1243 4244/2000/1243
f 4254/2002/1243 4253/2003/1243 4245/2000/1243
f 4255/2001/1243 4254/2002/1243 4246/2000/1243
f 4256/1988/1243 4255/2001/1243 4247/2000/1243
f 4257/1999/1243 4256/1988/1243 4248/2000/1243
f 4258/1998/1243 4257/1999/1243 4249/2000/1243
o throat_3
v 0.950000 2.332538 -12.280000
v 1.190416 2.432121 -12.280000
v 1.290000 2.672538 -12.280000
v 1.190416 2.912954 -12.280000
v 0.950000 3.012538 -12.280000
v 0.709584 2.912954 -12.280000
v 0.610000 2.672538 -12.280000
v 0.709584 2.432121 -12.280000
v 0.950000 2.332538 -12.280000
v 0.950000 2.372538 -12.780000
v 1.162132 2.460406 -12.780000
v 1.250000 2.672538 -12.780000
v 1.162132 2.884670 -12.780000
v 0.950000 2.972538 -12.780000
v 0.737868 2.884670 -12.780000
v 0.650000 2.672538 -12.780000
v 0.737868 2.460406 -12.780000
v 0.950000 2.372538 -12.780000
v 0.950000 2.672538 -12.280000
v 0.950000 2.672538 -12.280000
v 0.950000 2.672538 -12.280000
v 0.950000 2.672538 -12.280000
v 0.950000 2.672538 -12.280000
v 0.950000 2.672538 -12.280000
v 0.950000 2.672538 -12.280000
v 0.950000 2.672538 -12.280000
v 0.950000 2.332538 -12.280000
v 1.190416 2.432121 -12.280000
v 1.290000 2.672538 -12.280000
v 1.190416 2.912954 -12.280000
v 0.950000 3.012538 -12.280000
v 0.709584 2.912954 -12.280000
v 0.610000 2.672538 -12.280000
v 0.709584 2.432121 -12.280000
v 0.950000 2.332538 -12.280000
v 0.950000 2.672538 -12.780000
v 0.950000 2.672538 -12.780000
v 0.950000 2.672538 -12.780000
v 0.950000 2.672538 -12.780000
v 0.950000 2.672538 -12.780000
v 0.950000 2.672538 -12.780000
v 0.950000 2.672538 -12.780000
v 0.950000 2.672538 -12.780000
v 0.950000 2.372538 -12.780000
v 1.162132 2.460406 -12.780000
v 1.250000 2.672538 -12.780000
v 1.162132 2.884670 -12.780000
v 0.950000 2.972538 -12.780000
v 0.737868 2.884670 -12.780000
v 0.650000 2.672538 -12.780000
v 0.737868 2.460406 -12.780000
v 0.950000 2.372538 -12.780000
vn -0.0000 -0.9968 -0.0798
vn 0.7049 -0.7048 -0.0797
vn 0.7049 -0.7049 -0.0797
vn 0.9968 -0.0000 -0.0797
vn 0.7048 0.7049 -0.0797
vn 0.7049 0.7049 -0.0797
vn -0.0000 0.9968 -0.0797
vn -0.7049 0.7048 -0.0797
vn -0.7049 0.7049 -0.0797
vn -0.9968 -0.0000 -0.0797
vn -0.7048 -0.7049 -0.0797
vn -0.7049 -0.7049 -0.0797
vn -0.0000 -0.9968 -0.0797
vn -0.0000 -0.0000 1.0000
vn -0.0000 -0.0000 -1.0000
vt 0.000000 1.000000
vt 0.000000 0.000000
vt 0.125000 1.000000
vt 0.125000 0.000000
vt 0.250000 1.000000
vt 0.250000 0.000000
vt 0.375000 1.000000
vt 0.375000 0.000000
vt 0.500000 1.000000
vt 0.500000 0.000000
vt 0.625000 1.000000
vt 0.625000 0.000000
vt 0.750000 1.000000
vt 0.750000 0.000000
vt 0.875000 1.000000
vt 0.875000 0.000000
vt 1.000000 1.000000
vt 1.000000 0.000000
vt 1.000000 0.500000
vt 0.853553 0.853553
vt 0.500000 0.500000
vt 0.146447 0.853553
vt 0.000000 0.500000
vt 0.146447 0.146447
vt 0.853553 0.146447
s 1
usemtl nozzle_steel
f 4259/2005/1244 4268/2006/1244 4260/2007/1245
f 4268/2006/1244 4269/2008/1246 4260/2007/1245
f 4260/2007/1245 4269/2008/1246 4261/2009/1247
f 4269/2008/1246 4270/2010/1247 4261/2009/1247
f 4261/2009/1247 4270/2010/1247 4262/2011/1248
f 4270/2010/1247 4271/2012/1249 4262/2011/1248
f 4262/2011/1248 4271/2012/1249 4263/2013/1250
f 4271/2012/1249 4272/2014/1250 4263/2013/1250
f 4263/2013/1250 4272/2014/1250 4264/2015/1251
f 4272/2014/1250 4273/2016/1252 4264/2015/1251
f 4264/2015/1251 4273/2016/1252 4265/2017/1253
f 4273/2016/1252 4274/2018/1253 4265/2017/1253
f 4265/2017/1253 4274/2018/1253 4266/2019/1254
f 4274/2018/1253 4275/2020/1255 4266/2019/1254
f 4266/2019/1254 4275/2020/1255 4267/2021/1256
f 4275/2020/1255 4276/2022/1256 4267/2021/1256
f 4285/2023/1257 4286/2024/1257 4277/2025/1257
f 4286/2024/1257 4287/2013/1257 4278/2025/1257
f 4287/2013/1257 4288/2026/1257 4279/2025/1257
f 4288/2026/1257 4289/2027/1257 4280/2025/1257
f 4289/2027/1257 4290/2028/1257 4281/2025/1257
f 4290/2028/1257 4291/2014/1257 4282/2025/1257
f 4291/2014/1257 4292/2029/1257 4283/2025/1257
f 4292/2029/1257 4293/2023/1257 4284/2025/1257
f 4303/2029/1258 4302/2023/1258 4294/2025/1258
f 4304/2014/1258 4303/2029/1258 4295/2025/1258
f 4305/2028/1258 4304/2014/1258 4296/2025/1258
f 4306/2027/1258 4305/2028/1258 4297/2025/1258
f 4307/2026/1258 4306/2027/1258 4298/2025/1258
f 4308/2013/1258 4307/2026/1258 4299/2025/1258
f 4309/2024/1258 4308/2013/1258 4300/2025/1258
f 4310/2023/1258 4309/2024/1258 4301/2025/1258
o thrust_plate
v 0.803635 1.352391 -12.400000
v 1.940147 2.488903 -12.400000
v 1.940147 4.096173 -12.400000
v 0.803635 5.232685 -12.400000
v -0.803635 5.232685 -12.400000
v -1.940147 4.096173 -12.400000
v -1.940147 2.488903 -12.400000
v -0.803635 1.352391 -12.400000
v 0.803635 1.352391 -12.400000
v 0.803635 1.352391 -12.800000
v 1.940147 2.488903 -12.800000
v 1.940147 4.096173 -12.800000
v 0.803635 5.232685 -12.800000
v -0.803635 5.232685 -12.800000
v -1.940147 4.096173 -12.800000
v -1.940147 2.488903 -12.800000
v -0.803635 1.352391 -12.800000
v 0.803635 1.352391 -12.800000
v 0.000000 3.292538 -12.400000
v 0.000000 3.292538 -12.400000
v 0.000000 3.292538 -12.400000
v 0.000000 3.292538 -12.400000
v 0.000000 3.292538 -12.400000
v 0.000000 3.292538 -12.400000
v 0.000000 3.292538 -12.400000
v 0.000000 3.292538 -12.400000
v 0.803635 1.352391 -12.400000
v 1.940147 2.488903 -12.400000
v 1.940147 4.096173 -12.400000
v 0.803635 5.232685 -12.400000
v -0.803635 5.232685 -12.400000
v -1.940147 4.096173 -12.400000
v -1.940147 2.488903 -12.400000
v -0.803635 1.352391 -12.400000
v 0.803635 1.352391 -12.400000
v -0.000000 3.292538 -12.800000
v -0.000000 3.292538 -12.800000
v -0.000000 3.292538 -12.800000
v -0.000000 3.292538 -12.800000
v -0.000000 3.292538 -12.800000
v -0.000000 3.292538 -12.800000
v -0.000000 3.292538 -12.800000
v -0.000000 3.292538 -12.800000
v 0.803635 1.352391 -12.800000
v 1.940147 2.488903 -12.800000
v 1.940147 4.096173 -12.800000
v 0.803635 5.232685 -12.800000
v -0.803635 5.232685 -12.800000
v -1.940147 4.096173 -12.800000
v -1.940147 2.488903 -12.800000
v -0.803635 1.352391 -12.800000
v 0.803635 1.352391 -12.800000
vn 0.3827 -0.9239 -0.0000
vn 0.9239 -0.3827 -0.0000
vn 0.9239 0.3827 -0.0000
vn 0.3827 0.9239 -0.0000
vn -0.3827 0.9239 -0.0000
vn -0.9239 0.3827 -0.0000
vn -0.9239 -0.3827 -0.0000
vn -0.3827 -0.9239 -0.0000
vn -0.0000 -0.0000 1.0000
vn -0.0000 -0.0000 -1.0000
vt 0.000000 1.000000
vt 0.000000 0.000000
vt 0.125000 1.000000
vt 0.125000 0.000000
vt 0.250000 1.000000
vt 0.250000 0.000000
vt 0.375000 1.000000
vt 0.375000 0.000000
vt 0.500000 1.000000
vt 0.500000 0.000000
vt 0.625000 1.000000
vt 0.625000 0.000000
vt 0.750000 1.000000
vt 0.750000 0.000000
vt 0.875000 1.000000
vt 0.875000 0.000000
vt 1.000000 1.000000
vt 1.000000 0.000000
vt 1.000000 0.500000
vt 0.853553 0.853553
vt 0.500000 0.500000
vt 0.146447 0.853553
vt 0.000000 0.500000
vt 0.146447 0.146447
vt 0.853553 0.146447
s 1
usemtl panel_dark
f 4311/2030/1259 4320/2031/1259 4312/2032/1260
f 4320/2031/1259 4321/2033/1260 4312/2032/1260
f 4312/2032/1260 4321/2033/1260 4313/2034/1261
f 4321/2033/1260 4322/2035/1261 4313/2034/1261
f 4313/2034/1261 4322/2035/1261 4314/2036/1262
f 4322/2035/1261 4323/2037/1262 4314/2036/1262
f 4314/2036/1262 4323/2037/1262 4315/2038/1263
f 4323/2037/1262 4324/2039/1263 4315/2038/1263
f 4315/2038/1263 4324/2039/1263 4316/2040/1264
f 4324/2039/1263 4325/2041/1264 4316/2040/1264
f 4316/2040/1264 4325/2041/1264 4317/2042/1265
f 4325/2041/1264 4326/2043/1265 4317/2042/1265
f 4317/2042/1265 4326/2043/1265 4318/2044/1266
f 4326/2043/1265 4327/2045/1266 4318/2044/1266
f 4318/2044/1266 4327/2045/1266 4319/2046/1259
f 4327/2045/1266 4328/2047/1259 4319/2046/1259
f 4337/2048/1267 4338/2049/1267 4329/2050/1267
f 4338/2049/1267 4339/2038/1267 4330/2050/1267
f 4339/2038/1267 4340/2051/1267 4331/2050/1267
f 4340/2051/1267 4341/2052/1267 4332/2050/1267
f 4341/2052/1267 4342/2053/1267 4333/2050/1267
f 4342/2053/1267 4343/2039/1267 4334/2050/1267
f 4343/2039/1267 4344/2054/1267 4335/2050/1267
f 4344/2054/1267 4345/2048/1267 4336/2050/1267
f 4355/2054/1268 4354/2048/1268 4346/2050/1268
f 4356/2039/1268 4355/2054/1268 4347/2050/1268
f 4357/2053/1268 4356/2039/1268 4348/2050/1268
f 4358/2052/1268 4357/2053/1268 4349/2050/1268
f 4359/2051/1268 4358/2052/1268 4350/2050/1268
f 4360/2038/1268 4359/2051/1268 4351/2050/1268
f 4361/2049/1268 4360/2038/1268 4352/2050/1268
f 4362/2048/1268 4361/2049/1268 4353/2050/1268
